ST_CASE,VEH_NO,PER_NO,YEAR,P1,P2,P3,P4,P5,P6,P7,P8,P9,P10
10574,2,1,1995,30,30,30,30,30,30,30,30,30,30
10575,2,1,1995,0,0,0,0,0,0,0,0,0,0
10575,3,1,1995,0,0,0,0,0,0,0,0,0,0
10575,4,1,1995,0,0,0,0,0,0,0,0,0,0
10576,1,1,1995,25,9,0,35,15,16,22,25,16,6
10577,1,1,1995,0,0,0,0,13,0,0,15,13,0
10578,1,1,1995,0,0,0,0,0,0,0,0,0,0
10578,2,1,1995,0,0,0,0,0,0,0,0,26,0
10579,1,1,1995,12,21,17,29,13,17,19,28,19,16
10580,1,1,1995,15,16,19,0,8,14,8,13,28,30
10581,1,1,1995,0,0,0,0,0,0,0,0,0,0
10581,2,1,1995,0,0,0,0,0,0,0,0,0,0
10583,1,1,1995,0,0,0,0,0,0,0,0,0,0
10584,1,1,1995,2,2,2,2,2,2,2,2,2,2
10585,1,1,1995,13,0,4,6,8,0,13,10,12,10
10585,2,1,1995,0,0,0,0,0,0,0,0,0,0
10585,3,1,1995,0,0,0,0,0,0,0,0,0,12
10586,1,1,1995,0,0,0,0,0,0,11,0,0,0
10586,2,1,1995,0,0,0,0,0,8,0,0,0,0
10587,0,1,1995,41,23,13,20,8,30,10,10,10,28
10587,1,1,1995,0,0,0,0,0,0,0,0,0,0
10588,1,1,1995,6,11,8,3,34,3,17,13,22,17
10588,2,1,1995,0,0,0,0,0,0,0,0,0,0
10589,1,1,1995,48,19,7,8,25,12,25,11,12,6
10590,1,1,1995,14,19,13,22,40,0,19,15,3,15
10591,1,1,1995,13,0,4,19,11,5,0,14,14,31
10591,2,1,1995,0,0,0,0,0,0,0,0,0,0
10592,1,1,1995,0,0,0,0,0,0,0,0,0,0
10592,2,1,1995,0,0,0,0,0,0,0,0,0,0
10593,1,1,1995,0,0,0,0,12,0,0,0,0,0
10594,1,1,1995,10,12,18,10,0,21,13,19,7,13
10594,2,1,1995,0,0,0,0,0,0,0,0,0,0
10595,1,1,1995,0,0,0,0,0,0,0,0,0,0
10595,2,1,1995,0,0,0,0,0,0,0,0,0,0
10596,1,1,1995,11,0,0,0,14,8,14,9,9,8
10597,1,1,1995,22,16,15,13,11,10,16,17,4,15
10598,1,1,1995,28,28,28,28,28,28,28,28,28,28
10599,1,1,1995,0,0,0,0,0,0,0,0,0,0
10599,2,1,1995,0,0,0,0,0,0,0,0,0,0
10599,3,1,1995,0,0,0,0,0,0,0,0,0,0
10600,1,1,1995,0,0,0,0,0,0,0,0,0,0
10600,2,1,1995,0,0,0,0,0,0,0,0,0,0
10601,1,1,1995,0,9,0,23,0,0,0,0,0,0
10602,0,1,1995,0,0,0,0,0,0,0,0,0,0
10602,1,1,1995,0,0,0,0,0,0,0,0,0,31
10603,1,1,1995,7,0,0,0,0,0,0,0,0,0
10603,2,1,1995,0,0,0,0,0,0,0,0,0,0
10604,1,1,1995,7,18,21,37,13,18,31,24,21,10
10605,1,1,1995,0,0,0,0,0,0,0,0,0,0
10606,1,1,1995,28,11,16,18,16,27,22,0,40,18
10607,1,1,1995,10,35,6,22,3,12,9,20,29,12
10608,1,1,1995,0,0,0,0,0,0,0,0,0,0
10609,1,1,1995,24,31,19,22,25,14,10,9,11,8
10610,1,1,1995,0,0,0,0,0,0,0,12,0,0
10610,2,1,1995,19,22,5,10,14,19,16,21,34,21
10611,0,1,1995,16,16,14,29,19,15,15,32,35,19
10611,1,1,1995,0,0,0,0,0,0,12,0,0,0
10612,1,1,1995,0,0,0,0,0,0,0,0,0,0
10612,2,1,1995,0,0,0,0,0,0,0,0,0,0
10613,1,1,1995,0,0,5,0,0,0,0,0,0,0
10613,2,1,1995,0,0,0,0,0,0,2,0,0,0
10614,1,1,1995,0,0,0,0,0,0,0,0,0,0
10614,2,1,1995,0,0,0,0,0,0,0,0,0,0
10614,3,1,1995,0,0,0,0,0,0,0,0,0,0
10615,1,1,1995,0,0,0,0,0,0,0,14,0,0
10616,1,1,1995,0,0,0,0,0,0,0,0,0,0
10616,2,1,1995,0,0,0,0,0,0,2,0,0,0
10617,1,1,1995,18,18,18,18,18,18,18,18,18,18
10618,0,1,1995,19,26,23,28,45,6,23,14,21,0
10618,1,1,1995,4,15,19,17,0,11,0,13,7,18
10619,1,1,1995,0,0,0,0,0,0,0,0,0,0
10619,2,1,1995,0,0,0,0,0,0,0,0,0,6
10620,1,1,1995,0,0,0,0,9,0,0,12,10,0
10620,2,1,1995,0,0,0,0,0,0,0,0,0,9
10621,1,1,1995,8,8,8,8,8,8,8,8,8,8
10622,1,1,1995,12,12,12,12,12,12,12,12,12,12
10623,1,1,1995,15,0,37,14,29,27,9,34,22,12
10624,1,1,1995,0,0,0,0,0,0,0,0,0,0
10624,2,1,1995,0,0,0,0,0,0,0,0,0,0
10625,1,1,1995,22,18,19,15,9,23,19,0,20,16
10626,1,1,1995,0,0,0,0,0,0,0,0,0,0
10626,2,1,1995,0,0,0,0,0,0,0,0,0,0
10627,1,1,1995,0,0,0,0,0,0,0,0,0,0
10627,2,1,1995,15,15,15,15,15,15,15,15,15,15
10628,1,1,1995,0,0,0,0,15,0,0,0,0,0
10629,1,1,1995,24,0,0,0,9,19,37,16,21,0
10630,1,1,1995,16,24,11,9,14,11,14,27,9,8
10631,1,1,1995,0,0,0,0,0,0,0,0,0,0
10631,2,1,1995,0,0,0,0,0,0,0,0,0,0
10632,1,1,1995,0,0,0,23,0,8,0,0,0,0
10633,1,1,1995,10,18,8,7,14,10,11,13,16,21
10634,1,1,1995,20,20,20,20,20,20,20,20,20,20
10635,1,1,1995,15,15,15,15,15,15,15,15,15,15
10636,1,1,1995,0,0,0,0,0,0,0,0,11,0
10636,2,1,1995,0,0,0,0,0,0,0,0,0,0
10637,1,1,1995,0,0,0,0,0,0,0,0,0,0
10637,2,1,1995,0,0,0,0,0,0,0,0,0,0
10638,1,1,1995,27,27,27,27,27,27,27,27,27,27
10638,2,1,1995,0,0,0,0,0,0,0,0,0,0
10639,1,1,1995,22,26,9,0,18,32,13,26,28,34
10640,1,1,1995,24,23,26,20,8,10,21,6,9,21
10641,1,1,1995,17,17,17,17,17,17,17,17,17,17
10642,1,1,1995,15,15,15,15,15,15,15,15,15,15
10643,1,1,1995,0,0,0,0,0,0,0,0,0,0
10643,2,1,1995,0,30,0,6,0,0,0,0,0,0
10644,1,1,1995,18,10,17,0,0,24,0,0,10,0
10645,1,1,1995,8,17,12,9,6,16,13,16,12,15
10646,0,1,1995,0,0,0,0,0,0,0,0,0,0
10646,1,1,1995,0,0,0,0,0,0,0,0,0,0
10647,1,1,1995,0,0,0,0,0,0,0,0,0,0
10647,2,1,1995,0,0,0,0,0,0,0,0,0,0
10648,1,1,1995,0,0,0,0,0,0,0,0,0,0
10648,2,1,1995,0,0,0,0,0,0,0,0,0,0
10649,1,1,1995,9,16,0,20,21,35,8,3,16,38
10650,0,1,1995,0,0,0,0,0,0,0,0,0,0
10650,1,1,1995,0,0,0,0,0,0,0,0,0,0
10651,1,1,1995,0,0,0,0,15,0,0,0,0,0
10652,1,1,1995,17,20,0,21,20,10,17,0,29,9
10652,2,1,1995,0,0,9,0,0,8,0,0,9,19
10653,1,1,1995,13,13,13,13,13,13,13,13,13,13
10654,1,1,1995,0,0,0,0,0,0,0,0,0,0
10655,1,1,1995,17,34,13,18,0,0,0,17,13,29
10656,1,1,1995,16,11,15,16,12,0,5,2,14,0
10656,2,1,1995,0,6,24,0,0,0,0,0,0,0
10657,1,1,1995,9,9,9,9,9,9,9,9,9,9
10657,2,1,1995,0,0,0,0,0,0,0,0,0,0
10658,1,1,1995,0,0,0,0,0,0,0,9,0,0
10658,2,1,1995,0,0,0,0,0,0,0,0,0,0
10659,1,1,1995,0,0,10,0,0,0,0,0,0,0
10659,2,1,1995,0,0,0,0,17,0,0,0,13,15
10660,1,1,1995,0,0,0,19,0,0,0,17,21,0
10661,1,1,1995,0,0,0,0,0,0,0,0,0,0
10661,2,1,1995,0,0,0,0,0,0,0,0,15,0
10662,1,1,1995,41,15,13,27,16,23,19,14,41,21
10663,1,1,1995,0,0,0,0,0,0,0,0,0,0
10663,2,1,1995,0,0,26,0,0,0,0,0,0,0
10664,1,1,1995,12,12,12,12,12,12,12,12,12,12
10665,1,1,1995,0,0,0,0,0,0,0,0,0,0
10666,1,1,1995,27,27,27,27,27,27,27,27,27,27
10667,1,1,1995,0,0,0,0,0,0,0,0,0,0
10667,2,1,1995,0,0,0,0,0,0,0,0,0,0
10667,3,1,1995,0,0,0,0,0,0,0,0,0,0
10668,1,1,1995,0,0,0,0,0,0,0,0,0,0
10668,2,1,1995,0,0,0,0,0,0,0,0,0,0
10669,1,1,1995,18,18,18,18,18,18,18,18,18,18
10670,1,1,1995,0,0,0,0,0,0,0,0,0,0
10670,2,1,1995,0,0,0,0,0,0,0,0,0,0
10671,0,1,1995,0,0,0,0,0,0,0,0,0,0
10671,1,1,1995,0,0,0,0,0,0,0,0,0,0
10672,1,1,1995,0,0,0,0,0,0,0,0,0,0
10672,2,1,1995,0,0,0,0,0,0,0,0,0,0
10673,1,1,1995,0,0,20,0,0,0,0,15,6,0
10673,2,1,1995,0,0,0,0,0,0,0,0,0,0
10674,1,1,1995,10,12,25,26,8,12,23,13,4,0
10675,1,1,1995,10,18,16,23,18,22,15,13,8,11
10676,1,1,1995,15,25,36,28,7,24,22,33,37,19
10677,1,1,1995,6,6,6,6,6,6,6,6,6,6
10678,1,1,1995,0,17,22,16,0,0,0,0,0,0
10679,1,1,1995,8,5,15,9,7,10,17,13,9,12
10679,2,1,1995,0,0,0,0,0,0,0,0,0,0
10679,3,1,1995,0,0,0,0,0,0,0,0,0,0
10680,1,1,1995,12,12,12,12,12,12,12,12,12,12
10681,1,1,1995,0,0,0,0,0,0,0,0,0,0
10681,2,1,1995,0,0,0,0,0,0,9,0,13,0
10682,1,1,1995,0,0,0,0,0,0,0,0,0,0
10682,2,1,1995,0,27,0,7,0,0,0,14,0,0
10683,1,1,1995,0,0,0,0,0,0,0,0,0,0
10683,2,1,1995,0,0,0,0,0,0,0,0,0,0
10684,1,1,1995,0,0,0,0,0,0,0,0,0,0
10684,2,1,1995,0,0,0,0,0,0,0,0,0,13
10685,1,1,1995,0,0,0,0,0,0,0,0,0,0
10685,2,1,1995,0,0,0,0,0,0,0,0,0,0
10685,3,1,1995,0,0,0,0,0,0,0,0,0,0
10686,1,1,1995,16,6,9,25,19,9,12,30,34,19
10687,1,1,1995,5,23,0,81,0,0,0,0,7,0
10688,1,1,1995,0,0,0,0,0,0,0,0,0,0
10688,2,1,1995,0,0,0,0,0,0,0,0,0,20
10689,1,1,1995,12,12,12,12,12,12,12,12,12,12
10691,0,1,1995,39,39,39,39,39,39,39,39,39,39
10691,1,1,1995,0,0,0,0,0,0,0,0,0,0
10693,1,1,1995,24,24,24,24,24,24,24,24,24,24
10694,1,1,1995,0,0,0,0,0,0,0,10,0,0
10695,1,1,1995,0,8,0,16,0,0,6,0,0,12
10695,2,1,1995,21,16,14,8,15,12,15,25,0,17
10696,1,1,1995,0,0,0,0,0,0,0,0,0,0
10696,2,1,1995,0,0,0,0,0,17,0,0,0,15
10697,0,1,1995,25,23,26,17,16,28,20,7,14,30
10697,1,1,1995,5,0,6,0,12,0,0,0,0,0
10698,1,1,1995,0,0,21,0,0,0,0,0,0,0
10698,2,1,1995,0,0,0,0,0,0,0,0,0,0
10699,1,1,1995,0,0,0,0,0,0,0,0,0,0
10700,1,1,1995,6,6,6,6,6,6,6,6,6,6
10700,2,1,1995,0,0,0,0,0,0,0,0,0,0
10700,3,1,1995,0,0,0,0,0,0,0,0,0,0
10701,1,1,1995,0,0,0,0,0,0,0,0,0,0
10701,2,1,1995,0,0,0,0,0,0,0,0,0,0
10702,1,1,1995,0,0,0,0,0,0,16,0,0,0
10702,2,1,1995,0,0,0,0,0,0,0,0,0,0
10703,1,1,1995,0,0,0,0,0,0,0,0,0,0
10703,2,1,1995,0,0,0,0,0,0,0,0,0,0
10704,1,1,1995,0,0,0,0,0,0,0,0,0,0
10704,2,1,1995,16,0,0,0,9,0,8,0,12,0
10705,0,1,1995,0,0,0,0,0,0,0,0,0,0
10705,0,2,1995,0,0,0,10,18,32,7,0,0,0
10705,1,1,1995,0,0,0,0,0,0,0,0,0,0
10706,1,1,1995,0,0,0,0,0,0,0,0,0,0
10706,2,1,1995,9,0,0,0,0,0,0,0,0,0
10707,1,1,1995,0,12,6,15,13,16,13,5,10,16
10708,1,1,1995,33,33,33,33,33,33,33,33,33,33
10709,1,1,1995,29,23,11,14,24,22,0,15,0,10
10710,1,1,1995,0,0,0,0,0,0,12,0,0,0
10710,2,1,1995,0,0,0,0,0,0,0,0,0,0
10711,1,1,1995,0,0,0,0,0,0,0,0,0,0
10712,1,1,1995,0,0,0,0,0,0,0,0,0,0
10712,2,1,1995,0,0,0,0,0,0,0,0,0,0
10713,1,1,1995,0,0,0,0,0,0,0,0,0,0
10713,2,1,1995,0,0,0,0,0,0,0,0,0,0
10714,1,1,1995,37,21,0,0,0,41,26,15,26,30
10715,1,1,1995,0,0,0,5,0,0,0,0,0,0
10716,1,1,1995,0,0,0,0,8,0,0,0,0,0
10716,2,1,1995,0,0,0,0,0,0,0,0,0,0
10717,1,1,1995,0,0,0,0,0,0,0,0,0,0
10717,2,1,1995,0,0,0,7,0,0,0,0,0,0
10718,1,1,1995,11,11,11,11,11,11,11,11,11,11
10719,1,1,1995,0,0,0,0,0,0,0,0,0,0
10719,2,1,1995,0,16,0,22,8,0,28,26,7,0
10720,1,1,1995,0,0,0,0,0,0,0,0,0,0
10720,2,1,1995,14,17,15,18,9,20,17,31,21,20
10721,1,1,1995,25,25,25,25,25,25,25,25,25,25
10722,1,1,1995,4,4,4,4,4,4,4,4,4,4
10723,1,1,1995,0,0,0,0,0,0,0,0,0,0
10723,2,1,1995,0,0,0,0,0,0,0,0,0,0
10724,1,1,1995,0,0,0,0,0,0,0,0,0,0
10724,2,1,1995,0,0,0,0,0,0,0,0,0,0
10725,1,1,1995,0,0,0,0,0,0,0,0,0,0
10725,2,1,1995,13,20,4,0,10,0,6,0,7,6
10726,1,1,1995,0,0,0,0,0,0,0,0,0,0
10727,1,1,1995,0,0,0,0,0,0,0,0,0,0
10727,2,1,1995,0,0,0,0,0,0,0,0,0,0
10727,3,1,1995,0,0,0,0,0,0,0,0,0,0
10728,1,1,1995,18,0,0,21,0,9,6,11,13,21
10729,1,1,1995,0,0,0,0,0,0,0,0,0,0
10729,2,1,1995,1,1,1,1,1,1,1,1,1,1
10730,1,1,1995,0,0,0,0,0,0,0,9,0,0
10730,2,1,1995,0,0,0,0,0,0,0,0,0,0
10731,1,1,1995,12,0,0,0,0,0,0,0,0,0
10732,0,1,1995,0,0,0,0,0,0,0,0,0,0
10732,1,1,1995,0,0,0,0,0,0,0,0,0,0
10733,1,1,1995,0,0,0,18,0,19,28,0,20,0
10734,1,1,1995,30,16,28,21,24,22,27,22,25,17
10735,1,1,1995,0,0,0,0,0,0,0,0,0,0
10735,2,1,1995,0,0,0,0,0,0,0,0,0,0
10736,1,1,1995,0,0,0,0,0,0,0,0,0,0
10737,1,1,1995,0,0,0,0,0,0,0,0,0,0
10737,2,1,1995,0,0,0,0,0,0,0,0,0,0
10737,3,1,1995,0,0,0,0,0,0,0,0,0,0
10738,1,1,1995,22,22,22,22,22,22,22,22,22,22
10739,1,1,1995,0,0,0,0,0,0,0,0,0,0
10739,2,1,1995,0,0,0,0,0,0,0,15,0,2
10740,1,1,1995,4,8,21,0,24,17,26,25,24,60
10741,1,1,1995,10,0,13,0,0,24,0,0,24,0
10742,1,1,1995,0,0,0,0,0,0,0,0,0,0
10743,1,1,1995,7,7,7,7,7,7,7,7,7,7
10744,1,1,1995,20,11,9,6,10,10,12,21,24,22
10745,1,1,1995,12,12,12,12,12,12,12,12,12,12
10746,1,1,1995,12,10,42,15,17,0,0,0,0,8
10747,1,1,1995,20,15,13,9,23,14,22,23,0,28
10748,1,1,1995,9,13,26,20,15,16,28,9,25,11
10750,1,1,1995,22,22,22,22,22,22,22,22,22,22
10751,1,1,1995,0,0,0,0,0,0,0,0,0,0
10751,2,1,1995,0,0,0,0,0,0,0,0,0,0
10752,1,1,1995,0,0,0,0,0,0,0,0,0,0
10753,0,1,1995,0,18,0,0,0,0,0,0,0,0
10753,0,2,1995,33,24,15,0,19,27,13,18,26,21
10753,1,1,1995,0,0,0,0,0,0,0,0,0,0
10754,1,1,1995,0,0,0,0,0,0,0,0,0,0
10754,2,1,1995,0,0,0,0,0,0,0,0,0,0
10755,1,1,1995,0,0,0,0,0,0,0,0,0,0
10755,2,1,1995,0,0,0,0,0,0,0,0,0,0
10756,1,1,1995,0,4,0,0,0,0,0,0,0,0
10757,1,1,1995,0,0,0,0,0,0,11,0,0,0
10757,2,1,1995,0,0,0,0,0,0,0,0,0,0
10758,1,1,1995,0,0,0,0,0,0,0,0,0,0
10759,1,1,1995,6,11,10,16,12,13,0,0,18,19
10760,1,1,1995,17,11,0,0,23,0,0,20,0,0
10761,1,1,1995,8,5,0,10,5,0,12,19,4,0
10761,2,1,1995,0,22,38,20,19,22,23,24,41,32
10761,3,1,1995,22,9,20,6,24,15,14,16,14,12
10762,1,1,1995,0,0,0,0,0,0,0,0,0,0
10762,2,1,1995,0,0,0,0,0,0,0,0,0,0
10763,1,1,1995,0,0,15,0,0,0,0,0,0,0
10763,2,1,1995,0,0,0,0,0,0,0,0,0,0
10764,1,1,1995,0,0,0,0,0,0,0,0,0,0
10765,1,1,1995,18,18,0,16,25,0,0,27,0,18
10766,1,1,1995,0,0,0,0,0,0,0,0,0,0
10766,2,1,1995,2,26,12,21,35,15,11,16,29,15
10767,1,1,1995,0,0,0,0,0,0,0,0,0,0
10768,1,1,1995,0,25,0,0,9,21,0,17,0,0
10769,1,1,1995,0,0,0,0,0,0,0,0,0,0
10769,2,1,1995,0,0,0,0,0,6,0,0,0,0
10769,3,1,1995,0,0,0,0,0,0,0,0,0,0
10770,1,1,1995,0,12,7,0,10,9,0,0,9,0
10771,1,1,1995,16,16,16,16,16,16,16,16,16,16
10772,1,1,1995,22,22,22,22,22,22,22,22,22,22
10773,1,1,1995,14,14,14,14,14,14,14,14,14,14
10774,1,1,1995,39,25,19,0,22,27,28,0,14,18
10775,1,1,1995,0,0,0,0,0,0,0,0,0,0
10775,2,1,1995,0,0,0,0,0,0,0,0,0,0
10776,1,1,1995,6,6,6,6,6,6,6,6,6,6
10777,1,1,1995,10,10,10,10,10,10,10,10,10,10
10777,2,1,1995,0,0,0,0,0,0,0,0,0,0
10778,0,1,1995,0,0,0,0,0,0,0,0,0,0
10778,1,1,1995,0,0,0,0,0,0,0,0,0,0
10779,1,1,1995,0,0,0,0,0,0,0,0,10,0
10779,2,1,1995,12,0,0,0,0,0,0,0,0,0
10780,1,1,1995,0,0,0,0,0,0,0,0,0,0
10780,2,1,1995,0,0,0,0,0,0,0,0,0,0
10781,1,1,1995,0,0,0,0,0,0,0,0,0,0
10781,2,1,1995,0,0,0,0,0,0,0,0,0,0
10782,0,1,1995,0,0,0,0,0,0,0,0,0,0
10782,1,1,1995,0,0,0,0,0,0,0,0,0,0
10783,1,1,1995,20,20,20,20,20,20,20,20,20,20
10783,2,1,1995,0,0,0,0,0,18,0,0,0,0
10784,1,1,1995,11,13,32,0,0,5,26,32,0,15
10785,1,1,1995,12,0,0,41,13,0,23,26,39,19
10786,1,1,1995,0,0,0,0,0,0,0,0,0,0
10786,2,1,1995,0,0,0,0,0,0,0,0,0,25
10787,1,1,1995,18,16,29,29,16,22,12,25,7,26
10788,1,1,1995,0,0,0,0,0,0,0,0,0,0
10788,2,1,1995,0,0,0,0,0,0,0,0,0,0
10789,1,1,1995,0,0,0,0,0,0,0,0,0,4
10789,2,1,1995,0,0,0,0,0,0,0,0,0,0
10790,1,1,1995,16,33,9,0,0,16,9,0,0,0
10791,1,1,1995,0,27,0,11,0,15,0,0,0,0
10792,1,1,1995,21,21,21,21,21,21,21,21,21,21
10793,1,1,1995,0,0,0,0,0,0,0,0,0,0
10794,1,1,1995,0,0,0,0,0,0,0,0,0,0
10794,2,1,1995,0,0,0,0,0,0,0,0,0,0
10795,1,1,1995,0,10,0,0,0,17,0,0,0,0
10796,1,1,1995,0,0,0,0,0,0,0,0,0,0
10796,2,1,1995,0,0,0,0,0,0,0,0,0,0
10797,1,1,1995,0,0,0,0,0,0,0,0,0,0
10797,2,1,1995,0,0,0,0,0,0,0,0,0,0
10798,1,1,1995,0,0,0,0,23,0,0,0,0,0
10798,2,1,1995,0,0,0,0,0,0,0,0,0,0
10799,1,1,1995,0,0,0,0,0,0,0,20,0,0
10800,1,1,1995,22,0,0,36,0,0,0,0,0,0
10801,1,1,1995,15,0,12,9,0,24,0,2,11,9
10802,0,1,1995,0,0,0,0,21,0,23,0,33,29
10802,1,1,1995,0,0,0,0,0,0,0,0,0,0
10803,1,1,1995,0,0,0,0,0,0,19,30,0,0
10804,1,1,1995,0,0,26,0,31,19,0,0,0,0
10805,1,1,1995,15,15,15,15,15,15,15,15,15,15
10806,1,1,1995,13,0,22,38,0,13,12,18,26,16
10807,1,1,1995,0,0,0,0,0,0,0,0,0,0
10807,2,1,1995,0,0,0,0,0,0,0,0,0,0
10808,1,1,1995,0,0,0,0,0,0,0,0,0,0
10809,1,1,1995,2,7,18,0,0,0,0,29,0,0
10810,1,1,1995,15,15,15,15,15,15,15,15,15,15
10810,2,1,1995,0,0,0,16,0,0,0,0,0,0
10811,0,1,1995,0,0,0,0,0,0,0,0,0,0
10811,1,1,1995,4,4,4,4,4,4,4,4,4,4
10812,1,1,1995,0,0,0,0,0,0,0,0,0,0
10814,1,1,1995,0,0,0,0,0,0,0,0,0,59
10815,1,1,1995,0,0,0,0,0,0,0,0,0,0
10815,2,1,1995,0,0,0,0,0,0,0,0,0,0
10816,1,1,1995,18,0,19,6,19,16,7,13,8,10
10817,1,1,1995,0,0,0,0,0,0,0,0,0,0
10817,2,1,1995,0,0,0,0,0,0,0,0,0,0
10818,1,1,1995,0,0,0,0,23,0,0,0,0,0
10818,2,1,1995,0,0,0,0,0,0,0,0,0,0
10819,0,1,1995,0,46,0,0,0,0,0,0,0,0
10819,1,1,1995,0,0,0,0,0,0,0,0,0,0
10820,1,1,1995,0,0,16,0,0,0,0,14,6,0
10821,1,1,1995,0,0,0,0,0,0,0,0,0,0
10821,2,1,1995,0,0,0,0,0,0,0,0,0,0
10821,3,1,1995,0,0,0,0,0,0,0,0,0,0
10822,1,1,1995,4,4,4,4,4,4,4,4,4,4
10822,2,1,1995,3,17,27,27,25,20,14,34,26,7
10823,1,1,1995,0,0,0,0,0,0,0,0,0,0
10823,2,1,1995,13,13,13,13,13,13,13,13,13,13
10824,1,1,1995,0,0,28,0,16,0,0,0,0,0
10825,1,1,1995,29,29,29,29,29,29,29,29,29,29
10826,1,1,1995,28,28,28,28,28,28,28,28,28,28
10827,1,1,1995,0,0,0,0,0,0,0,0,0,0
10828,1,1,1995,16,16,16,16,16,16,16,16,16,16
10829,1,1,1995,17,6,15,18,15,11,18,15,32,10
10830,1,1,1995,10,12,16,20,10,15,19,13,7,7
10831,1,1,1995,35,35,35,35,35,35,35,35,35,35
10832,1,1,1995,0,0,0,0,0,0,0,0,0,0
10833,1,1,1995,9,8,0,13,0,2,12,13,10,21
10834,1,1,1995,19,19,19,19,19,19,19,19,19,19
10835,1,1,1995,0,0,0,0,0,0,0,0,0,0
10836,1,1,1995,26,22,11,32,6,23,16,16,24,8
10837,1,1,1995,0,0,0,0,0,0,0,0,0,0
10837,2,1,1995,0,0,0,0,0,11,0,0,21,0
10837,3,1,1995,0,0,0,0,0,0,0,0,0,0
10838,1,1,1995,0,0,0,0,0,0,0,0,0,0
10838,2,1,1995,0,0,0,0,0,0,0,0,0,0
10839,1,1,1995,0,0,0,0,0,0,0,0,0,0
10839,2,1,1995,0,0,0,0,28,0,12,0,0,0
10840,1,1,1995,0,0,0,0,0,0,0,0,0,0
10840,2,1,1995,0,0,0,0,0,0,0,0,0,0
10841,1,1,1995,13,23,3,31,19,17,18,22,8,14
10841,2,1,1995,19,7,11,51,28,0,15,10,14,19
10842,1,1,1995,0,0,0,0,0,0,0,0,0,0
10842,2,1,1995,0,0,0,0,0,0,0,0,0,0
10843,1,1,1995,0,0,0,6,0,0,0,0,0,0
10844,1,1,1995,0,0,0,0,0,0,0,0,0,0
10844,2,1,1995,0,0,0,0,0,0,0,0,0,0
10845,1,1,1995,0,0,0,0,0,0,0,0,0,0
10845,2,1,1995,0,0,0,0,0,0,0,0,0,0
10846,0,1,1995,0,0,0,0,23,0,0,32,15,17
10846,1,1,1995,0,0,0,0,0,0,0,0,0,0
10847,1,1,1995,0,0,0,0,0,0,0,0,0,0
10848,1,1,1995,0,0,0,0,0,0,0,0,0,0
10849,2,1,1995,0,24,16,0,0,0,0,11,0,24
10849,3,1,1995,0,0,0,0,0,0,0,0,0,0
10850,1,1,1995,36,33,33,0,21,0,14,26,0,12
10851,1,1,1995,11,23,14,17,31,8,19,18,9,20
10851,2,1,1995,0,0,26,0,26,0,0,0,30,0
10852,0,1,1995,0,0,0,8,0,0,0,11,0,0
10852,1,1,1995,9,19,10,22,8,18,10,22,22,9
10852,2,1,1995,0,0,0,0,14,0,0,0,0,0
10853,1,1,1995,0,0,0,0,16,0,0,0,0,0
10853,2,1,1995,0,0,0,0,0,0,0,0,0,0
10854,1,1,1995,21,21,21,21,21,21,21,21,21,21
10855,1,1,1995,0,0,15,0,0,0,0,0,0,0
10855,2,1,1995,0,0,0,0,0,0,0,0,0,0
10856,1,1,1995,0,0,8,18,0,0,0,0,0,19
10856,2,1,1995,0,0,0,0,0,0,0,0,0,0
10857,1,1,1995,0,0,0,0,0,0,0,0,0,0
10857,2,1,1995,0,0,0,0,0,0,0,0,0,0
10858,1,1,1995,0,0,0,0,0,0,0,0,0,0
10858,2,1,1995,0,0,0,0,0,0,0,0,0,0
10859,1,1,1995,0,0,0,0,0,0,0,0,0,0
10859,2,1,1995,0,0,0,21,13,26,0,0,14,0
10860,0,1,1995,27,0,14,8,15,25,0,5,0,0
10860,1,1,1995,8,16,11,27,27,8,24,7,16,10
10861,1,1,1995,0,0,0,0,0,0,0,0,0,0
10862,1,1,1995,0,0,0,0,12,0,0,0,0,5
10863,1,1,1995,0,0,0,0,0,0,0,0,0,0
10863,2,1,1995,0,0,0,0,0,0,0,0,0,0
10864,1,1,1995,0,0,0,0,0,8,0,0,0,0
10864,2,1,1995,0,0,0,0,0,0,0,0,0,0
10865,1,1,1995,0,0,0,0,0,0,0,0,0,0
10865,2,1,1995,0,0,0,0,0,0,0,0,0,0
10866,1,1,1995,20,9,24,15,36,23,16,6,9,17
10867,0,1,1995,27,27,27,27,27,27,27,27,27,27
10867,1,1,1995,0,0,0,0,0,0,0,0,0,0
10868,1,1,1995,0,0,0,0,0,0,28,0,18,0
10868,2,1,1995,0,0,0,0,0,0,0,0,0,0
10869,1,1,1995,0,0,0,0,0,0,0,0,0,0
10869,2,1,1995,0,0,0,0,0,0,0,0,0,0
10870,1,1,1995,23,23,23,23,23,23,23,23,23,23
10870,2,1,1995,0,0,0,0,0,0,0,0,0,0
10871,1,1,1995,0,0,28,0,0,0,0,0,0,0
10871,2,1,1995,0,0,0,0,0,0,0,0,0,0
10871,3,1,1995,0,0,0,0,0,0,0,0,0,0
10872,1,1,1995,0,0,0,0,0,0,0,0,0,0
10872,2,1,1995,0,0,0,0,0,0,0,0,0,0
10873,1,1,1995,10,0,5,0,0,0,0,13,0,0
10873,2,1,1995,0,0,0,10,0,4,0,14,11,0
10874,0,1,1995,0,0,0,0,0,0,0,0,0,0
10874,1,1,1995,0,0,0,0,0,0,0,0,0,0
10875,1,1,1995,0,0,0,0,0,0,0,0,0,0
10875,2,1,1995,0,0,0,0,0,0,0,0,0,0
10876,1,1,1995,15,15,15,15,15,15,15,15,15,15
10877,1,1,1995,0,0,0,8,0,0,0,0,15,0
10877,2,1,1995,22,22,22,22,22,22,22,22,22,22