ST_CASE,VEH_NO,PER_NO,YEAR,P1,P2,P3,P4,P5,P6,P7,P8,P9,P10
50266,1,1,1995,20,20,20,20,20,20,20,20,20,20
50267,1,1,1995,0,0,0,0,0,0,0,0,0,0
50267,2,1,1995,0,0,0,0,0,0,0,0,0,0
50268,1,1,1995,14,13,0,0,34,2,5,7,9,12
50269,1,1,1995,12,0,0,0,0,0,0,0,0,0
50269,2,1,1995,0,0,0,0,0,0,0,0,0,0
50270,1,1,1995,0,0,0,0,0,0,0,0,0,0
50270,2,1,1995,0,0,0,0,0,0,0,0,0,0
50270,3,1,1995,0,0,0,0,0,0,0,0,0,0
50271,1,1,1995,0,0,0,0,0,0,0,0,0,0
50272,1,1,1995,0,0,0,0,0,0,0,0,0,0
50272,2,1,1995,0,0,0,0,0,0,0,0,0,0
50273,1,1,1995,0,0,0,0,0,0,0,0,0,0
50273,2,1,1995,0,0,0,0,0,0,0,0,0,0
50274,1,1,1995,0,0,0,0,0,0,0,0,0,0
50274,2,1,1995,0,0,0,0,0,0,0,0,0,0
50275,0,1,1995,0,0,0,0,0,0,0,0,0,0
50275,1,1,1995,0,0,0,0,0,0,0,0,0,0
50276,1,1,1995,18,0,7,0,23,11,0,0,0,9
50277,1,1,1995,21,21,21,21,21,21,21,21,21,21
50278,1,1,1995,0,0,0,0,0,0,0,0,0,0
50279,1,1,1995,17,17,17,17,17,17,17,17,17,17
50280,1,1,1995,26,26,26,26,26,26,26,26,26,26
50280,2,1,1995,0,0,0,0,0,0,0,0,0,0
50281,1,1,1995,0,0,0,0,0,0,0,0,0,0
50282,1,1,1995,10,0,0,0,0,0,0,0,0,0
50282,2,1,1995,0,0,0,0,0,7,0,0,0,0
50283,1,1,1995,0,0,0,0,0,0,0,0,20,0
50284,1,1,1995,23,23,23,23,23,23,23,23,23,23
50285,1,1,1995,0,0,0,0,0,0,0,0,0,0
50286,1,1,1995,0,0,0,0,0,0,0,0,0,0
50287,1,1,1995,0,0,0,0,0,0,0,0,0,0
50287,2,1,1995,0,0,0,0,0,0,0,0,0,0
50288,1,1,1995,0,0,0,0,0,0,0,0,0,0
50289,1,1,1995,0,0,0,0,0,0,24,23,0,0
50289,2,1,1995,0,0,0,0,0,0,0,0,0,0
50290,1,1,1995,0,0,0,0,0,0,0,0,0,0
50290,2,1,1995,0,0,0,0,0,0,0,3,0,0
50291,0,1,1995,0,0,0,0,0,0,0,0,0,0
50291,1,1,1995,11,11,11,11,11,11,11,11,11,11
50292,1,1,1995,0,0,0,0,0,0,0,0,0,0
50293,1,1,1995,0,0,0,0,0,0,0,0,0,0
50293,2,1,1995,0,0,0,0,0,0,0,0,0,0
50293,3,1,1995,0,0,0,0,0,0,0,0,0,0
50294,1,1,1995,0,0,0,0,0,0,0,0,0,0
50294,2,1,1995,0,0,0,0,0,0,0,0,0,0
50295,1,1,1995,0,0,0,0,0,0,0,0,0,0
50295,2,1,1995,0,0,0,0,0,0,0,0,0,0
50296,1,1,1995,0,0,0,0,0,0,0,11,0,0
50297,0,1,1995,0,21,11,0,0,0,9,0,0,0
50297,1,1,1995,0,4,0,0,0,0,0,0,0,0
50297,2,1,1995,0,0,0,0,0,0,0,0,0,0
50298,1,1,1995,19,19,19,19,19,19,19,19,19,19
50299,1,1,1995,19,9,15,45,10,0,0,0,0,0
50300,1,1,1995,0,0,0,0,0,0,0,0,0,0
50300,2,1,1995,0,0,0,0,0,0,0,0,0,0
50301,1,1,1995,0,0,0,0,0,0,0,0,0,0
50301,2,1,1995,0,0,0,0,0,0,0,0,0,0
50302,1,1,1995,15,15,15,15,15,15,15,15,15,15
50303,1,1,1995,20,20,20,20,20,20,20,20,20,20
50304,1,1,1995,0,0,0,0,0,0,0,0,0,0
50305,1,1,1995,0,0,0,0,0,0,0,0,0,0
50306,1,1,1995,18,18,18,18,18,18,18,18,18,18
50307,1,1,1995,15,15,15,15,15,15,15,15,15,15
50308,1,1,1995,0,0,0,0,0,0,0,0,0,0
50308,2,1,1995,0,0,0,0,0,0,0,0,0,0
50309,1,1,1995,0,0,0,0,0,0,0,0,0,0
50309,2,1,1995,0,0,0,0,0,0,0,0,0,0
50310,1,1,1995,24,24,24,24,24,24,24,24,24,24
50311,1,1,1995,17,24,0,9,0,15,0,0,0,19
50312,1,1,1995,0,0,0,0,0,0,0,0,0,0
50312,2,1,1995,0,0,0,0,0,0,0,0,0,0
50313,0,1,1995,17,17,17,17,17,17,17,17,17,17
50313,1,1,1995,0,0,0,0,0,0,0,0,0,0
50314,1,1,1995,26,26,26,26,26,26,26,26,26,26
50315,1,1,1995,21,0,9,0,0,0,0,0,0,0
50316,0,1,1995,0,0,0,0,0,0,0,0,0,0
50316,1,1,1995,0,0,0,0,0,0,0,0,0,0
50317,1,1,1995,0,0,0,0,0,0,0,0,0,0
50317,2,1,1995,0,0,0,0,0,0,0,0,0,0
50318,1,1,1995,0,0,0,0,0,0,0,0,0,0
50318,2,1,1995,0,0,0,0,0,0,0,0,0,0
50319,1,1,1995,0,0,0,0,0,0,0,0,0,0
50320,1,1,1995,7,7,7,7,7,7,7,7,7,7
50321,1,1,1995,21,21,21,21,21,21,21,21,21,21
50322,1,1,1995,7,7,7,7,7,7,7,7,7,7
50323,1,1,1995,0,0,0,0,0,0,0,0,0,0
50323,2,1,1995,0,0,0,0,0,0,0,0,0,0
50324,1,1,1995,0,0,0,0,0,0,0,0,0,0
50324,2,1,1995,0,0,0,0,0,0,0,0,0,0
50325,1,1,1995,0,0,0,0,0,0,0,0,0,0
50326,1,1,1995,0,0,0,0,0,0,3,0,14,0
50328,1,1,1995,0,0,0,0,0,0,0,0,0,0
50329,1,1,1995,3,3,3,3,3,3,3,3,3,3
50330,1,1,1995,27,27,27,27,27,27,27,27,27,27
50331,1,1,1995,0,0,0,0,0,0,0,0,0,0
50331,2,1,1995,0,0,0,0,0,0,0,0,0,0
50332,1,1,1995,0,0,0,0,0,0,0,0,0,0
50333,1,1,1995,19,0,22,25,19,0,0,21,20,20
50334,1,1,1995,0,0,0,0,0,0,11,0,0,0
50334,2,1,1995,0,0,0,17,0,0,0,0,0,0
50335,1,1,1995,0,0,0,0,0,0,0,0,0,0
50335,2,1,1995,20,20,20,20,20,20,20,20,20,20
50336,1,1,1995,0,0,0,0,0,0,0,0,0,0
50336,2,1,1995,0,0,0,0,0,0,0,0,0,0
50337,1,1,1995,22,22,22,22,22,22,22,22,22,22
50338,1,1,1995,17,17,17,17,17,17,17,17,17,17
50339,1,1,1995,0,0,0,0,0,0,0,0,0,0
50339,2,1,1995,0,0,0,0,0,0,0,0,0,0
50340,1,1,1995,0,0,0,0,0,0,0,0,0,0
50340,2,1,1995,0,0,0,0,0,0,0,0,0,0
50341,1,1,1995,0,0,0,0,0,0,0,0,0,0
50341,2,1,1995,0,0,0,0,0,0,0,0,0,0
50342,1,1,1995,2,2,2,2,2,2,2,2,2,2
50343,1,1,1995,0,0,0,0,0,0,0,0,0,0
50343,2,1,1995,0,0,0,0,0,0,0,0,0,0
50344,1,1,1995,6,6,6,6,6,6,6,6,6,6
50344,2,1,1995,0,0,0,0,0,0,0,0,0,0
50345,1,1,1995,0,0,0,0,0,0,0,0,0,0
50345,2,1,1995,0,0,0,0,0,0,0,0,0,0
50346,1,1,1995,0,0,0,0,0,0,0,0,0,0
50347,1,1,1995,0,0,0,0,0,0,0,0,0,0
50348,1,1,1995,0,0,0,0,0,0,0,0,0,0
50348,2,1,1995,0,0,0,0,0,0,0,0,0,0
50349,1,1,1995,9,9,9,9,9,9,9,9,9,9
50350,1,1,1995,0,0,0,0,0,19,0,0,0,31
50351,1,1,1995,18,18,18,18,18,18,18,18,18,18
50352,1,1,1995,0,0,0,0,0,0,0,0,0,0
50352,2,1,1995,0,0,0,0,0,0,0,0,0,0
50353,1,1,1995,0,0,0,0,0,0,0,0,0,0
50353,2,1,1995,0,20,0,0,0,20,0,0,0,0
50354,1,1,1995,0,0,0,0,0,0,0,0,0,0
50354,2,1,1995,0,0,0,0,0,0,0,0,0,0
50355,1,1,1995,0,0,0,0,0,0,0,0,0,0
50355,2,1,1995,1,1,1,1,1,1,1,1,1,1
50355,3,1,1995,1,1,1,1,1,1,1,1,1,1
50356,1,1,1995,0,0,0,0,0,0,0,0,0,0
50356,2,1,1995,1,1,1,1,1,1,1,1,1,1
50357,1,1,1995,23,23,23,23,23,23,23,23,23,23
50358,1,1,1995,0,0,0,0,0,0,0,0,0,0
50358,2,1,1995,0,0,0,0,0,0,0,0,0,0
50359,1,1,1995,0,0,0,0,0,0,0,19,0,0
50359,2,1,1995,0,0,0,0,0,0,0,0,0,0
50360,1,1,1995,0,0,0,0,0,0,0,0,0,0
50361,1,1,1995,0,0,0,0,0,0,0,0,0,0
50361,2,1,1995,0,0,0,0,0,0,0,0,0,0
50362,0,1,1995,0,0,0,0,0,0,0,0,0,0
50362,1,1,1995,0,0,0,0,0,0,17,0,0,0
50363,1,1,1995,18,18,18,18,18,18,18,18,18,18
50364,1,1,1995,21,21,21,21,21,21,21,21,21,21
50365,1,1,1995,21,21,21,21,21,21,21,21,21,21
50366,1,1,1995,3,3,3,3,3,3,3,3,3,3
50367,1,1,1995,17,0,0,0,0,0,8,0,0,0
50369,1,1,1995,8,0,0,0,0,0,0,6,0,0
50370,1,1,1995,25,25,25,25,25,25,25,25,25,25
50370,2,1,1995,0,0,0,0,0,0,0,0,0,0
50371,1,1,1995,3,0,0,5,0,12,0,15,0,12
50371,2,1,1995,0,0,0,0,0,0,0,4,0,0
50372,0,1,1995,0,0,0,0,0,0,0,0,0,0
50372,1,1,1995,0,0,0,0,0,0,0,0,0,0
50373,1,1,1995,26,26,26,26,26,26,26,26,26,26
50374,1,1,1995,0,0,0,0,0,0,0,0,0,0
50374,2,1,1995,0,0,0,0,0,0,0,0,0,0
50375,1,1,1995,0,0,0,0,0,0,0,0,0,0
50376,1,1,1995,7,7,7,7,7,7,7,7,7,7
50377,1,1,1995,0,22,0,0,0,0,0,0,0,31
50378,1,1,1995,0,0,0,0,0,0,0,0,0,0
50378,2,1,1995,0,0,0,0,0,0,0,0,0,0
50378,3,1,1995,0,8,0,0,0,0,0,0,0,0
50379,1,1,1995,11,13,0,0,0,0,0,0,15,0
50380,1,1,1995,0,0,0,0,0,0,0,0,0,0
50380,2,1,1995,0,0,0,0,0,0,0,0,0,0
50381,1,1,1995,7,7,7,7,7,7,7,7,7,7
50382,1,1,1995,3,0,24,0,0,0,0,0,0,0
50383,1,1,1995,0,0,0,0,0,0,0,0,0,0
50383,2,1,1995,0,0,0,0,0,0,0,0,0,0
50384,1,1,1995,22,0,23,0,20,27,0,0,16,0
50385,1,1,1995,0,0,0,0,0,0,0,0,0,0
50385,2,1,1995,0,0,0,0,0,0,0,0,0,0
50386,1,1,1995,0,0,0,0,0,0,0,0,0,0
50387,1,1,1995,0,0,0,0,0,0,0,0,0,0
50387,2,1,1995,0,0,0,0,0,0,0,0,0,0
50388,1,1,1995,36,36,36,36,36,36,36,36,36,36
50388,2,1,1995,0,0,0,0,0,0,0,0,0,0
50389,1,1,1995,8,0,0,0,0,16,0,0,17,0
50390,1,1,1995,0,0,0,0,0,0,0,0,0,0
50391,1,1,1995,0,0,0,0,0,0,0,0,0,0
50391,2,1,1995,0,0,0,0,0,0,0,0,0,0
50392,1,1,1995,0,13,0,0,0,7,0,3,0,0
50394,1,1,1995,5,5,5,5,5,5,5,5,5,5
50395,0,1,1995,27,27,27,27,27,27,27,27,27,27
50395,1,1,1995,0,0,0,0,0,0,0,0,0,0
50396,1,1,1995,0,0,0,0,0,0,0,0,0,0
50397,1,1,1995,0,0,0,0,0,0,0,0,0,0
50398,1,1,1995,0,0,0,0,0,0,0,0,0,0
50399,1,1,1995,14,14,14,14,14,14,14,14,14,14
50400,1,1,1995,9,9,9,9,9,9,9,9,9,9
50401,1,1,1995,0,0,0,0,0,0,0,0,0,0
50401,2,1,1995,0,0,0,0,0,0,0,0,0,0
50402,1,1,1995,4,4,4,4,4,4,4,4,4,4
50402,2,1,1995,0,0,0,0,0,0,0,0,0,0
50403,1,1,1995,0,13,0,0,15,0,0,0,0,0
50403,2,1,1995,0,0,0,0,0,0,0,0,0,0
50404,1,1,1995,0,0,0,0,0,0,0,0,0,0
50405,1,1,1995,0,0,0,0,0,0,0,0,0,0
50405,2,1,1995,2,2,2,2,2,2,2,2,2,2
50406,1,1,1995,0,0,0,0,0,0,0,0,0,0
50407,1,1,1995,4,4,4,4,4,4,4,4,4,4
50407,2,1,1995,13,0,0,0,0,4,0,0,0,0
50408,1,1,1995,0,0,0,0,0,0,0,0,0,0
50408,2,1,1995,0,0,0,0,0,0,0,0,0,0
50409,1,1,1995,5,5,5,5,5,5,5,5,5,5
50410,0,1,1995,0,0,0,0,0,0,0,0,0,0
50410,0,2,1995,24,0,0,0,0,0,0,0,0,0
50411,1,1,1995,0,0,0,0,0,0,0,0,0,0
50411,2,1,1995,16,16,16,16,16,16,16,16,16,16
50412,1,1,1995,0,0,0,0,0,0,0,0,0,0
50412,2,1,1995,0,0,0,0,0,0,0,0,0,0
50413,1,1,1995,25,25,25,25,25,25,25,25,25,25
50414,1,1,1995,0,0,0,0,0,0,0,0,0,0
50414,2,1,1995,0,0,0,0,0,0,0,0,0,0
50415,1,1,1995,0,0,0,0,0,0,0,0,0,0
50415,2,1,1995,0,0,0,0,0,0,0,0,0,0
50416,1,1,1995,7,7,7,7,7,7,7,7,7,7
50417,1,1,1995,18,18,18,18,18,18,18,18,18,18
50418,1,1,1995,15,15,15,15,15,15,15,15,15,15
50419,1,1,1995,0,0,0,0,0,0,0,0,0,0
50420,1,1,1995,6,6,6,6,6,6,6,6,6,6
50421,1,1,1995,0,0,0,0,0,0,0,0,0,0
50421,2,1,1995,17,17,17,17,17,17,17,17,17,17
50422,1,1,1995,0,8,0,0,0,0,0,0,0,0
50423,1,1,1995,0,0,0,0,0,0,0,0,0,0
50424,1,1,1995,0,0,0,0,0,0,0,0,0,0
50425,1,1,1995,0,0,0,0,0,0,0,0,0,0
50425,2,1,1995,0,0,0,0,0,0,0,0,0,0
50426,1,1,1995,0,0,0,0,0,0,0,0,0,0
50427,1,1,1995,0,0,0,0,0,0,10,0,0,0
50427,2,1,1995,0,0,0,0,0,0,0,0,0,0
50428,1,1,1995,0,0,0,0,0,0,0,0,0,0
50428,2,1,1995,27,27,27,27,27,27,27,27,27,27
50429,1,1,1995,18,18,18,18,18,18,18,18,18,18
50429,2,1,1995,0,0,0,0,18,0,0,0,0,0
50430,1,1,1995,0,0,0,0,0,0,0,0,0,0
50430,2,1,1995,16,16,16,16,16,16,16,16,16,16
50431,1,1,1995,11,15,0,0,4,31,32,25,28,9
50432,1,1,1995,0,0,0,0,13,0,0,0,0,0
50433,1,1,1995,26,26,26,26,26,26,26,26,26,26
50434,1,1,1995,0,0,12,0,0,0,0,0,0,0
50435,0,1,1995,0,0,0,0,0,0,0,0,0,0
50435,1,1,1995,0,0,0,0,0,0,0,0,0,0
50436,1,1,1995,0,0,0,0,0,0,0,0,0,0
50436,2,1,1995,0,0,0,0,0,0,0,0,0,0
50437,1,1,1995,0,0,0,0,0,0,0,0,19,0
50438,1,1,1995,0,0,27,0,0,0,0,0,0,0
50438,2,1,1995,2,2,2,2,2,2,2,2,2,2
50438,3,1,1995,32,0,0,38,0,26,22,19,25,15
50438,4,1,1995,5,0,0,0,0,0,0,0,0,0
50439,0,1,1995,0,0,0,0,0,0,0,0,0,0
50439,1,1,1995,0,0,0,0,0,0,0,0,0,0
50440,1,1,1995,0,0,0,0,0,0,0,0,0,0
50441,1,1,1995,11,23,0,0,0,0,31,20,0,0
50442,1,1,1995,11,11,11,11,11,11,11,11,11,11
50443,1,1,1995,16,16,16,16,16,16,16,16,16,16
50444,1,1,1995,0,0,0,0,0,0,0,0,0,0
50445,1,1,1995,17,17,17,17,17,17,17,17,17,17
50445,2,1,1995,0,0,0,0,0,0,0,0,0,0
50445,3,1,1995,0,0,0,0,0,0,0,0,0,0
50446,0,1,1995,21,21,21,21,21,21,21,21,21,21
50446,1,1,1995,0,0,0,0,0,0,0,0,0,0
50447,1,1,1995,0,0,0,0,0,0,0,0,0,0
50448,0,1,1995,0,0,0,0,0,0,0,0,0,27
50448,0,2,1995,0,0,0,0,0,0,0,0,0,0
50448,0,3,1995,0,0,0,0,0,0,0,0,37,0
50448,1,1,1995,0,0,0,0,0,24,0,16,0,0
50449,1,1,1995,0,0,0,0,0,0,0,0,0,0
50449,2,1,1995,0,0,0,0,0,0,0,0,0,0
50449,3,1,1995,0,0,0,0,0,0,0,0,0,0
50450,1,1,1995,0,0,0,0,0,0,0,0,0,4
50450,2,1,1995,0,0,0,0,0,0,0,0,0,0
50451,0,1,1995,0,0,0,0,0,0,0,0,0,0
50451,1,1,1995,0,0,0,0,0,0,0,0,0,0
50452,1,1,1995,0,0,0,0,0,0,0,0,0,0
50452,2,1,1995,0,0,0,0,0,0,0,0,0,0
50453,1,1,1995,17,17,17,17,17,17,17,17,17,17
50454,1,1,1995,27,27,27,27,27,27,27,27,27,27
50455,1,1,1995,0,0,0,0,0,0,0,0,0,0
50456,1,1,1995,0,0,0,0,0,0,0,0,0,0
50456,2,1,1995,0,0,0,0,0,0,0,0,0,0
50457,1,1,1995,0,0,0,0,0,0,0,0,0,0
50457,2,1,1995,0,0,0,0,0,0,0,0,0,0
50458,1,1,1995,0,0,0,0,0,0,0,0,0,0
50458,2,1,1995,0,0,0,0,0,0,0,0,0,0
50459,1,1,1995,24,24,24,24,24,24,24,24,24,24
50460,1,1,1995,19,19,19,19,19,19,19,19,19,19
50461,0,1,1995,0,29,0,19,20,33,16,24,0,0
50461,0,2,1995,0,0,0,41,20,0,0,0,0,0
50461,0,3,1995,29,15,0,0,24,26,42,23,29,0
50461,0,4,1995,5,10,17,0,33,36,0,14,9,13
50461,0,5,1995,12,0,16,0,20,21,0,0,13,5
50461,1,1,1995,0,0,0,0,0,0,0,0,0,0
50462,1,1,1995,21,21,21,21,21,21,21,21,21,21
50462,2,1,1995,0,0,0,0,0,0,0,0,0,0
50463,1,1,1995,0,0,0,0,0,0,0,0,0,0
50463,2,1,1995,0,0,0,0,0,0,0,0,0,0
50463,3,1,1995,0,0,0,0,0,0,0,0,0,0
50464,1,1,1995,10,10,10,10,10,10,10,10,10,10
50465,1,1,1995,0,0,0,0,0,0,0,0,0,0
50465,2,1,1995,0,0,0,0,0,0,0,0,0,0
50466,1,1,1995,0,0,0,0,0,0,0,0,0,0
50466,2,1,1995,0,0,0,0,0,0,7,0,0,0
50467,1,1,1995,22,0,0,0,0,22,13,0,19,7
50468,1,1,1995,0,0,0,0,0,0,0,0,0,0
50468,2,1,1995,0,0,0,0,0,0,0,0,0,0
50469,1,1,1995,0,0,0,0,0,0,0,0,0,0
50469,2,1,1995,0,0,0,0,0,0,0,0,0,0
50470,0,1,1995,0,0,0,0,9,0,0,0,0,0
50470,1,1,1995,0,0,0,0,0,0,0,0,0,0
50471,1,1,1995,0,0,0,0,0,0,0,0,0,0
50472,1,1,1995,1,1,1,1,1,1,1,1,1,1
50473,0,1,1995,0,0,0,0,0,0,0,0,0,0
50473,1,1,1995,0,0,0,0,0,0,0,0,0,0
50474,1,1,1995,0,0,0,0,0,0,0,0,0,0
50474,2,1,1995,0,0,0,0,0,0,0,0,12,0
50474,3,1,1995,0,0,0,0,0,0,0,0,0,0
50475,1,1,1995,0,0,0,0,0,0,0,0,0,0
50475,2,1,1995,0,0,0,0,0,0,0,0,0,0
50476,1,1,1995,0,0,0,0,0,0,0,0,0,0
50477,0,1,1995,27,27,27,27,27,27,27,27,27,27
50477,1,1,1995,0,0,0,0,0,0,0,0,0,0
50478,1,1,1995,0,0,0,0,0,0,0,0,0,0
50478,2,1,1995,0,0,0,0,0,0,0,0,0,0
50478,3,1,1995,0,0,0,0,0,0,0,0,0,0
50479,1,1,1995,0,0,0,0,0,0,0,0,0,0
50479,2,1,1995,0,0,0,0,0,0,0,0,0,0
50480,1,1,1995,22,22,22,22,22,22,22,22,22,22
50481,1,1,1995,24,24,24,24,24,24,24,24,24,24
50482,1,1,1995,0,0,0,0,0,0,0,0,0,0
50482,2,1,1995,0,0,0,0,0,0,0,0,0,0
50483,1,1,1995,0,0,0,0,0,0,0,0,0,0
50483,2,1,1995,0,0,0,0,0,0,0,0,0,0
50484,1,1,1995,1,1,1,1,1,1,1,1,1,1
50484,2,1,1995,0,0,0,0,0,0,0,0,0,0
50485,1,1,1995,16,18,0,12,0,0,0,0,17,0
50486,1,1,1995,36,13,0,0,0,16,0,0,0,0
50487,0,1,1995,0,0,0,0,0,0,0,0,0,0
50487,1,1,1995,0,0,0,0,0,0,0,0,0,0
50488,1,1,1995,0,0,0,0,0,0,0,0,0,0
50489,0,1,1995,0,0,14,0,0,0,0,0,0,0
50489,1,1,1995,0,0,0,0,0,0,0,0,0,0
50489,2,1,1995,0,0,0,0,0,0,0,0,0,0
50490,1,1,1995,0,0,0,0,0,0,0,0,0,0
50490,2,1,1995,0,0,0,0,0,0,0,0,0,0
50491,1,1,1995,0,7,0,0,0,22,0,12,0,0
50491,2,1,1995,0,0,0,0,0,0,0,0,0,0
50492,1,1,1995,24,24,24,24,24,24,24,24,24,24
50493,1,1,1995,0,0,0,0,0,0,0,0,0,0
50494,1,1,1995,0,0,0,0,0,0,0,0,0,0
50495,1,1,1995,0,0,0,0,0,0,0,0,0,0
50495,2,1,1995,0,0,0,0,0,0,0,0,0,0
50496,1,1,1995,0,0,0,0,0,0,0,0,0,0
50496,2,1,1995,0,0,0,0,0,0,0,0,0,0
50497,1,1,1995,0,0,0,0,0,0,0,0,0,0
50497,2,1,1995,8,8,8,8,8,8,8,8,8,8
50498,1,1,1995,0,0,0,0,0,0,0,9,0,0
50499,1,1,1995,14,14,14,14,14,14,14,14,14,14
50500,1,1,1995,0,0,0,0,0,0,0,0,0,0
50501,1,1,1995,3,3,3,3,3,3,3,3,3,3
50502,1,1,1995,0,0,13,13,14,0,0,0,0,0
50504,1,1,1995,0,0,0,0,0,0,0,0,0,0
50504,2,1,1995,0,0,0,0,0,0,0,0,0,0
50505,1,1,1995,23,23,23,23,23,23,23,23,23,23
50506,1,1,1995,24,24,24,24,24,24,24,24,24,24
50507,1,1,1995,0,0,0,0,0,0,0,0,0,0
50508,1,1,1995,0,0,0,0,0,0,0,0,0,0
50508,2,1,1995,0,0,0,0,0,0,0,0,0,0
50509,1,1,1995,0,0,0,0,0,0,0,0,0,0
50509,2,1,1995,0,0,0,0,0,0,0,0,0,0
50510,1,1,1995,10,0,0,0,0,0,0,0,0,0
50511,1,1,1995,0,0,0,0,0,0,0,0,0,0
50512,1,1,1995,0,0,0,0,0,0,0,0,0,0
50513,1,1,1995,0,0,0,0,0,0,0,0,0,0
50514,1,1,1995,0,0,0,0,0,0,0,0,0,0
50515,1,1,1995,0,0,0,0,0,0,0,0,0,0
50515,2,1,1995,0,0,0,0,0,0,0,0,0,0
50516,1,1,1995,17,17,17,17,17,17,17,17,17,17
50517,1,1,1995,0,0,0,0,0,0,0,0,0,0
50518,1,1,1995,0,17,0,0,0,0,0,0,0,0
50518,2,1,1995,0,0,0,0,0,0,0,0,0,0
50519,1,1,1995,20,20,20,20,20,20,20,20,20,20
50520,1,1,1995,0,0,12,0,0,0,0,0,0,0
50521,1,1,1995,29,29,29,29,29,29,29,29,29,29
50522,1,1,1995,0,0,0,0,0,0,0,0,0,0
50523,1,1,1995,0,0,0,0,19,0,0,0,0,0
50523,2,1,1995,0,0,0,0,0,0,0,0,0,0
50524,1,1,1995,0,0,0,0,0,0,0,0,0,0
50525,1,1,1995,27,27,27,27,27,27,27,27,27,27
50525,2,1,1995,0,0,0,0,0,0,0,0,0,0
50526,1,1,1995,0,0,0,10,0,0,20,0,0,0
50527,1,1,1995,37,11,0,0,0,13,0,31,0,0
50528,1,1,1995,20,20,20,20,20,20,20,20,20,20
50529,1,1,1995,0,0,0,0,0,0,0,0,0,0
50529,2,1,1995,25,25,25,25,25,25,25,25,25,25
50530,1,1,1995,0,0,0,0,0,0,0,0,0,0
50531,1,1,1995,23,23,23,23,23,23,23,23,23,23
50532,1,1,1995,0,0,0,0,0,29,0,0,0,0
50532,2,1,1995,0,0,0,0,0,0,0,0,0,0
50533,1,1,1995,0,0,0,0,0,0,0,0,0,0
50533,2,1,1995,0,0,0,0,0,0,0,0,0,0
50534,1,1,1995,2,2,2,2,2,2,2,2,2,2
50535,1,1,1995,20,20,20,20,20,20,20,20,20,20
50535,2,1,1995,0,0,0,0,0,0,0,0,0,0
50535,3,1,1995,0,0,0,0,0,0,0,0,0,0
50536,1,1,1995,0,0,0,0,0,0,0,0,0,0
50536,2,1,1995,0,0,0,0,0,0,0,0,0,0
50537,1,1,1995,28,28,28,28,28,28,28,28,28,28
50538,1,1,1995,0,0,0,0,0,0,0,0,0,0
50538,2,1,1995,0,0,0,0,0,0,0,0,0,0
50539,1,1,1995,0,0,0,0,0,0,0,0,0,0
50540,1,1,1995,5,5,5,5,5,5,5,5,5,5
50541,0,1,1995,20,20,20,20,20,20,20,20,20,20
50541,1,1,1995,0,0,0,0,0,0,0,0,0,0
50542,1,1,1995,0,0,0,0,0,0,0,0,0,0
50542,2,1,1995,19,19,19,19,19,19,19,19,19,19
50543,1,1,1995,0,0,0,0,0,0,0,0,0,0
50543,2,1,1995,10,10,10,10,10,10,10,10,10,10
50544,1,1,1995,0,14,0,0,0,0,0,0,0,20
50545,1,1,1995,0,0,0,0,0,0,0,0,0,0
50545,2,1,1995,0,0,0,0,0,0,0,0,0,0
50546,1,1,1995,0,0,0,0,0,0,0,0,0,0
50546,2,1,1995,0,19,0,0,0,0,0,0,0,0
80001,1,1,1995,0,0,0,0,0,0,0,0,0,0
80001,2,1,1995,0,0,0,0,0,0,0,0,0,0
80002,1,1,1995,0,0,0,0,0,0,0,0,0,0
80002,2,1,1995,0,0,0,0,0,0,0,0,0,0
80003,1,1,1995,0,0,0,0,0,0,0,0,0,0
80003,2,1,1995,0,0,0,0,0,0,0,0,0,0
80004,0,1,1995,0,0,0,0,0,0,0,0,0,0
80004,1,1,1995,0,15,0,0,0,0,8,0,0,0
80005,1,1,1995,0,0,0,0,0,0,0,0,0,0
80005,2,1,1995,0,0,0,0,0,12,0,0,0,0
80006,1,1,1995,0,0,0,0,0,0,0,0,0,0
80007,1,1,1995,19,19,19,19,19,19,19,19,19,19
80008,1,1,1995,0,0,0,0,0,0,0,0,0,0
80008,2,1,1995,0,0,0,0,0,0,0,0,0,0
80009,1,1,1995,0,0,0,0,0,0,0,0,0,0
80009,2,1,1995,0,0,0,0,0,0,0,0,0,0
80010,1,1,1995,13,13,13,13,13,13,13,13,13,13
80011,0,1,1995,24,24,24,24,24,24,24,24,24,24
80011,1,1,1995,13,13,13,13,13,13,13,13,13,13
80012,1,1,1995,0,0,0,0,0,0,0,0,0,0
80012,2,1,1995,0,0,0,0,0,0,0,0,0,0
80012,3,1,1995,0,0,0,0,0,0,0,0,0,0
80013,1,1,1995,0,0,0,0,0,0,0,0,0,0
80013,2,1,1995,0,0,0,0,0,0,0,0,0,0
80014,0,1,1995,0,0,0,0,0,0,0,0,0,0
80014,1,1,1995,0,0,0,0,0,0,0,0,0,0
80015,0,1,1995,0,0,0,0,0,0,0,0,0,0
80015,1,1,1995,0,0,0,0,0,0,0,0,0,0
80015,2,1,1995,0,17,0,0,11,0,0,19,0,0
80015,3,1,1995,0,0,0,0,0,0,0,0,22,0
80016,1,1,1995,0,0,0,0,0,0,0,0,0,0
80017,0,1,1995,7,7,7,7,7,7,7,7,7,7
80017,1,1,1995,0,0,0,0,0,0,0,0,0,0
80018,1,1,1995,0,0,0,0,0,0,0,0,0,0
80018,2,1,1995,0,0,0,0,0,0,0,0,0,0
80019,1,1,1995,10,10,10,10,10,10,10,10,10,10
80019,2,1,1995,0,0,0,0,0,0,0,0,0,0
80020,1,1,1995,0,0,0,0,0,0,0,0,0,0
80020,2,1,1995,0,0,0,0,0,0,0,0,0,0
80020,3,1,1995,0,0,0,0,0,0,0,0,0,0
80021,1,1,1995,26,26,26,26,26,26,26,26,26,26
80022,1,1,1995,0,0,0,0,0,0,0,0,0,0
80022,2,1,1995,0,0,0,0,0,0,0,0,0,0
80023,1,1,1995,0,0,0,0,0,0,0,0,0,0
80023,2,1,1995,0,0,0,0,0,0,0,0,10,0
80024,1,1,1995,0,0,0,0,0,0,0,0,0,0
80024,2,1,1995,0,0,0,0,0,0,0,0,0,0