ST_CASE,VEH_NO,PER_NO,YEAR,P1,P2,P3,P4,P5,P6,P7,P8,P9,P10
121657,2,1,1995,0,0,0,0,2,0,0,0,0,0
121658,1,1,1995,5,5,5,5,5,5,5,5,5,5
121659,1,1,1995,0,0,0,0,0,0,0,0,0,0
121660,0,1,1995,0,15,0,0,0,0,12,0,7,0
121660,0,2,1995,0,29,22,0,9,20,16,7,0,0
121660,1,1,1995,20,0,0,0,0,0,22,0,0,0
121661,1,1,1995,0,0,0,0,0,0,0,0,0,0
121661,2,1,1995,0,0,0,0,0,0,0,0,0,0
121662,1,1,1995,0,0,0,0,0,0,0,0,0,0
121662,2,1,1995,0,0,0,0,0,0,0,0,0,0
121663,1,1,1995,5,5,5,5,5,5,5,5,5,5
121663,2,1,1995,0,0,0,0,0,0,0,0,0,0
121664,0,1,1995,0,0,0,0,0,0,0,0,0,0
121664,1,1,1995,0,0,0,0,0,0,0,0,0,0
121665,0,1,1995,0,24,0,0,0,0,0,19,19,0
121665,1,1,1995,0,20,0,0,0,0,0,0,0,0
121666,1,1,1995,23,23,23,23,23,23,23,23,23,23
121667,0,1,1995,0,0,0,0,0,0,0,0,0,0
121667,1,1,1995,0,0,0,0,0,0,0,0,0,0
121668,1,1,1995,0,0,0,0,0,0,0,0,0,0
121668,2,1,1995,0,0,0,0,0,0,0,0,0,0
121669,1,1,1995,0,0,0,0,0,0,0,0,0,0
121669,2,1,1995,0,0,0,0,0,0,0,0,0,0
121669,3,1,1995,0,0,0,0,0,0,0,0,0,0
121670,1,1,1995,21,21,21,21,21,21,21,21,21,21
121670,2,1,1995,0,0,0,0,0,0,0,0,0,0
121671,1,1,1995,0,0,0,0,11,0,0,0,0,0
121671,2,1,1995,0,0,0,0,0,0,0,0,0,0
121672,1,1,1995,0,0,0,0,0,0,0,0,0,0
121672,2,1,1995,0,0,0,0,0,0,0,0,0,0
121673,1,1,1995,0,0,0,0,0,22,0,0,0,0
121674,1,1,1995,0,0,0,0,0,0,0,0,0,0
121675,0,1,1995,12,12,12,12,12,12,12,12,12,12
121675,1,1,1995,9,9,9,9,9,9,9,9,9,9
121676,1,1,1995,0,0,0,0,0,0,0,0,0,0
121676,2,1,1995,0,0,0,0,0,0,0,0,0,0
121677,1,1,1995,18,18,18,18,18,18,18,18,18,18
121678,1,1,1995,0,0,0,0,0,0,0,0,0,0
121678,2,1,1995,0,0,0,0,11,0,0,0,0,0
121678,3,1,1995,0,0,0,0,0,0,0,0,0,0
121679,1,1,1995,0,0,0,0,0,0,0,0,0,0
121679,2,1,1995,0,0,0,0,0,0,0,0,0,0
121680,1,1,1995,0,0,0,0,0,0,0,0,0,0
121680,2,1,1995,1,1,1,1,1,1,1,1,1,1
121681,2,1,1995,0,0,0,0,0,0,0,0,0,0
121682,0,1,1995,28,28,28,28,28,28,28,28,28,28
121682,1,1,1995,0,0,0,0,0,0,0,0,0,0
121682,2,1,1995,12,0,0,0,0,0,0,0,14,0
121683,1,1,1995,0,0,0,0,0,0,0,0,0,0
121683,2,1,1995,0,0,0,0,0,0,34,0,0,0
121684,1,1,1995,3,3,3,3,3,3,3,3,3,3
121685,1,1,1995,0,0,0,0,0,28,0,0,0,0
121685,2,1,1995,0,0,0,0,0,0,0,0,19,0
121686,1,1,1995,1,1,1,1,1,1,1,1,1,1
121687,0,1,1995,0,0,17,0,0,0,9,12,0,0
121687,0,2,1995,0,0,0,0,0,0,0,0,0,0
121687,0,3,1995,0,0,0,0,0,7,0,0,0,0
121687,1,1,1995,0,0,0,0,0,0,0,0,0,0
121688,1,1,1995,0,0,0,0,0,0,0,0,0,0
121688,2,1,1995,0,0,0,0,5,0,0,0,0,0
121689,0,1,1995,16,16,16,16,16,16,16,16,16,16
121689,1,1,1995,0,0,0,0,0,0,0,0,0,0
121690,1,1,1995,0,0,0,0,0,0,0,0,0,0
121692,1,1,1995,14,14,14,14,14,14,14,14,14,14
121693,1,1,1995,0,0,0,0,0,0,0,0,0,0
121693,2,1,1995,10,10,10,10,10,10,10,10,10,10
121694,0,1,1995,0,0,0,12,4,17,0,0,0,0
121694,1,1,1995,0,0,0,0,0,0,0,0,0,0
121695,0,1,1995,0,0,0,0,0,0,0,0,0,0
121695,1,1,1995,0,0,0,0,0,10,0,0,0,0
121696,1,1,1995,12,12,12,12,12,12,12,12,12,12
121696,2,1,1995,0,0,0,0,0,0,0,0,0,0
121697,1,1,1995,15,17,0,0,17,19,0,0,0,18
121697,2,1,1995,0,0,0,0,0,0,0,0,0,0
121698,1,1,1995,5,5,5,5,5,5,5,5,5,5
121700,0,1,1995,24,0,36,0,0,0,0,18,27,0
121700,1,1,1995,0,0,0,12,0,0,0,0,0,0
121701,0,1,1995,0,0,0,0,0,0,0,0,0,0
121701,1,1,1995,0,0,0,0,0,0,0,0,0,0
121702,0,1,1995,19,19,19,19,19,19,19,19,19,19
121702,1,1,1995,7,24,0,19,0,0,11,0,22,0
121703,0,1,1995,18,18,18,18,18,18,18,18,18,18
121703,0,2,1995,0,0,0,0,0,0,0,0,0,0
121703,1,1,1995,0,0,0,0,0,0,0,0,0,0
121704,0,1,1995,0,6,0,13,0,0,0,0,0,0
121704,1,1,1995,0,0,0,0,0,26,23,0,0,0
121705,0,1,1995,0,0,0,0,0,43,0,0,0,0
121705,1,1,1995,13,13,13,13,13,13,13,13,13,13
121706,0,1,1995,4,4,4,4,4,4,4,4,4,4
121706,1,1,1995,0,7,0,11,9,0,0,0,0,19
121707,1,1,1995,0,0,0,0,0,0,0,0,0,0
121708,1,1,1995,21,21,21,21,21,21,21,21,21,21
121709,1,1,1995,0,0,12,29,0,0,15,0,17,20
121710,0,1,1995,0,0,0,0,0,0,0,0,0,0
121710,1,1,1995,0,0,0,0,0,0,0,0,0,0
121711,1,1,1995,0,0,0,0,0,0,0,0,0,0
121711,2,1,1995,0,0,0,8,0,0,0,0,0,0
121712,1,1,1995,18,18,18,18,18,18,18,18,18,18
121713,1,1,1995,17,17,17,17,17,17,17,17,17,17
121714,1,1,1995,19,7,0,19,15,0,0,27,15,17
121715,1,1,1995,0,0,0,0,0,0,0,0,0,0
121715,2,1,1995,0,0,0,0,0,0,0,0,0,0
121716,0,1,1995,8,8,8,8,8,8,8,8,8,8
121716,1,1,1995,0,0,0,0,0,0,0,0,3,0
121717,1,1,1995,29,29,29,29,29,29,29,29,29,29
121718,1,1,1995,0,0,0,0,0,0,0,26,0,0
121718,2,1,1995,0,0,0,0,17,0,0,28,0,0
121718,3,1,1995,0,0,0,0,0,0,0,0,0,0
121719,1,1,1995,19,0,0,0,0,0,0,0,0,0
121719,2,1,1995,7,0,0,0,0,0,0,0,0,0
121720,1,1,1995,0,0,0,0,0,0,0,0,0,0
121720,2,1,1995,0,0,0,0,0,0,0,0,0,0
121720,3,1,1995,8,8,8,8,8,8,8,8,8,8
121721,1,1,1995,0,0,16,0,0,15,0,0,0,0
121721,2,1,1995,0,0,0,0,0,0,0,0,0,0
121722,1,1,1995,0,0,0,0,0,0,0,0,0,0
121722,2,1,1995,0,0,0,0,0,0,0,0,0,0
121723,1,1,1995,8,8,8,8,8,8,8,8,8,8
121723,2,1,1995,0,0,0,0,0,0,0,0,0,0
121724,1,1,1995,0,0,0,0,0,0,0,0,0,0
121725,1,1,1995,0,0,0,0,0,0,0,0,0,0
121725,2,1,1995,0,0,0,0,0,0,0,0,0,0
121726,0,1,1995,0,0,0,0,9,0,0,0,0,0
121726,1,1,1995,0,0,0,16,0,0,0,0,0,0
121727,1,1,1995,0,0,0,0,0,0,0,0,0,0
121727,2,1,1995,0,0,0,0,0,0,0,0,0,0
121728,1,1,1995,0,0,0,0,0,0,0,0,0,0
121728,2,1,1995,0,0,0,0,0,0,0,0,0,0
121729,1,1,1995,6,6,6,6,6,6,6,6,6,6
121729,2,1,1995,0,0,0,0,0,0,0,0,0,0
121730,0,1,1995,11,9,0,15,31,0,23,0,10,0
121730,1,1,1995,0,0,0,0,0,0,0,14,21,24
121731,1,1,1995,17,17,17,17,17,17,17,17,17,17
121731,2,1,1995,0,0,0,0,0,0,0,0,0,0
121732,0,1,1995,0,0,0,0,0,0,0,0,0,0
121732,1,1,1995,0,0,0,0,0,0,0,0,0,0
121732,2,1,1995,0,0,0,0,0,0,0,0,0,0
121733,1,1,1995,7,7,7,7,7,7,7,7,7,7
121733,2,1,1995,11,11,11,11,11,11,11,11,11,11
121734,1,1,1995,24,9,0,0,0,0,0,11,0,0
121735,0,1,1995,0,0,0,0,0,0,0,0,0,0
121735,1,1,1995,0,0,0,0,0,0,0,0,0,0
121736,1,1,1995,0,0,0,0,0,0,0,0,0,0
121736,2,1,1995,0,0,0,0,0,0,0,0,0,0
121737,1,1,1995,0,0,0,0,0,0,0,0,0,0
121737,2,1,1995,0,0,26,0,0,0,0,0,4,3
121738,1,1,1995,0,0,21,0,0,0,0,0,0,0
121738,2,1,1995,0,0,0,0,0,0,0,0,0,0
121738,3,1,1995,0,0,0,0,0,0,0,0,0,0
121739,1,1,1995,19,19,19,19,19,19,19,19,19,19
121740,1,1,1995,0,0,0,0,0,0,0,0,0,0
121740,2,1,1995,0,0,0,0,0,0,4,0,0,0
121741,0,1,1995,14,14,14,14,14,14,14,14,14,14
121741,1,1,1995,0,0,0,0,20,0,0,0,0,0
121742,1,1,1995,0,0,0,0,0,0,0,0,0,0
121743,1,1,1995,0,0,0,10,0,0,0,7,0,0
121743,2,1,1995,4,0,45,0,15,9,0,6,0,0
121744,1,1,1995,0,0,0,0,0,0,0,0,0,0
121744,2,1,1995,0,0,0,0,0,0,0,0,0,0
121745,0,1,1995,8,8,8,8,8,8,8,8,8,8
121745,1,1,1995,0,0,0,0,0,0,0,0,0,0
121746,1,1,1995,0,0,0,0,0,0,0,0,0,0
121746,2,1,1995,0,0,0,0,0,0,0,0,0,0
121746,3,1,1995,0,0,0,0,0,0,0,0,0,0
121747,1,1,1995,37,37,37,37,37,37,37,37,37,37
121747,2,1,1995,20,20,20,20,20,20,20,20,20,20
121748,0,1,1995,14,14,14,14,14,14,14,14,14,14
121748,1,1,1995,0,0,0,0,0,0,0,0,0,0
121749,1,1,1995,25,25,25,25,25,25,25,25,25,25
121750,1,1,1995,0,0,0,0,0,0,0,0,0,0
121750,2,1,1995,0,0,0,0,25,0,0,0,0,0
121751,0,1,1995,0,0,0,0,0,0,0,0,0,0
121751,1,1,1995,0,0,0,0,0,0,0,0,0,0
121752,0,1,1995,0,0,0,0,0,0,0,19,0,0
121752,1,1,1995,0,0,0,0,0,0,0,0,0,0
121753,0,1,1995,21,0,12,0,0,0,7,3,0,0
121753,1,1,1995,0,0,0,0,0,0,0,0,0,0
121754,1,1,1995,14,16,25,0,0,0,0,11,0,24
121755,1,1,1995,13,14,25,21,16,34,0,20,0,10
121756,1,1,1995,13,13,13,13,13,13,13,13,13,13
121756,2,1,1995,0,0,0,0,0,0,0,0,0,0
121757,1,1,1995,0,0,0,0,0,0,0,0,4,0
121758,1,1,1995,0,0,0,0,0,0,0,0,0,0
121759,1,1,1995,0,12,25,5,29,10,28,17,12,0
121760,1,1,1995,0,0,0,0,0,0,0,0,0,0
121760,2,1,1995,0,0,0,0,0,0,0,0,0,0
121761,0,1,1995,0,0,0,0,0,0,0,0,0,0
121761,1,1,1995,0,0,0,0,0,0,0,0,0,0
121762,0,1,1995,0,0,0,0,0,0,0,0,0,0
121762,0,2,1995,0,0,0,0,0,0,0,0,0,0
121762,1,1,1995,0,0,0,16,0,0,0,0,0,0
121763,1,1,1995,4,4,4,4,4,4,4,4,4,4
121764,1,1,1995,5,6,24,23,26,6,30,34,0,0
121765,1,1,1995,5,5,5,5,5,5,5,5,5,5
121766,1,1,1995,0,0,0,0,0,0,0,0,0,0
121766,2,1,1995,0,6,0,0,0,0,0,0,0,0
121767,0,1,1995,24,24,24,24,24,24,24,24,24,24
121767,1,1,1995,32,20,15,24,0,0,19,24,17,13
121767,2,1,1995,0,0,0,0,0,0,0,0,0,0
121768,1,1,1995,0,17,0,0,0,0,17,0,0,0
121769,1,1,1995,0,0,0,0,0,0,0,0,0,0
121770,1,1,1995,0,0,0,0,0,0,0,0,0,0
121770,2,1,1995,0,0,0,0,0,0,0,0,0,0
121771,1,1,1995,4,4,4,4,4,4,4,4,4,4
121771,2,1,1995,0,0,0,0,0,0,0,0,0,0
121772,1,1,1995,19,19,19,19,19,19,19,19,19,19
121773,1,1,1995,0,0,0,0,0,0,0,0,0,0
121773,2,1,1995,0,0,0,0,0,0,0,0,0,0
121774,1,1,1995,0,0,0,0,0,0,0,0,0,0
121774,2,1,1995,0,0,0,0,0,0,0,0,0,0
121775,0,1,1995,0,0,0,0,0,0,0,0,0,0
121775,1,1,1995,0,0,0,0,0,0,0,0,0,0
121776,1,1,1995,0,0,0,0,0,0,0,0,0,0
121776,2,1,1995,0,0,0,0,0,0,0,0,0,0
121777,0,1,1995,0,0,0,0,0,0,0,0,0,0
121777,1,1,1995,0,0,0,0,0,0,0,0,0,0
121778,1,1,1995,18,18,18,18,18,18,18,18,18,18
121778,2,1,1995,0,0,0,0,0,0,0,0,0,0
121779,0,1,1995,15,35,0,0,0,0,27,0,0,22
121779,1,1,1995,0,0,12,0,4,20,0,18,10,14
121780,1,1,1995,22,22,22,22,22,22,22,22,22,22
121781,1,1,1995,2,2,2,2,2,2,2,2,2,2
121781,2,1,1995,0,0,0,0,0,0,0,0,0,0
121782,1,1,1995,0,10,0,0,0,0,0,0,0,0
121782,2,1,1995,0,15,0,0,0,0,0,0,0,0
121782,3,1,1995,0,0,0,0,0,0,14,4,20,0
121783,0,1,1995,21,21,21,21,21,21,21,21,21,21
121783,1,1,1995,9,9,9,9,9,9,9,9,9,9
121784,0,1,1995,25,25,25,25,25,25,25,25,25,25
121784,1,1,1995,11,18,7,22,13,32,14,11,9,25
121785,1,1,1995,0,0,0,0,0,0,0,0,0,0
121785,2,1,1995,0,0,0,0,0,0,0,0,0,0
121786,1,1,1995,0,0,0,0,0,0,0,0,0,0
121787,1,1,1995,0,0,0,0,0,0,0,0,0,0
121787,2,1,1995,0,0,0,0,0,0,0,0,0,0
121788,1,1,1995,13,13,13,13,13,13,13,13,13,13
121788,2,1,1995,0,0,0,0,0,0,0,0,0,0
121789,1,1,1995,0,0,0,0,0,0,0,0,0,0
121789,2,1,1995,0,0,0,0,0,0,0,0,0,0
121790,0,1,1995,2,2,2,2,2,2,2,2,2,2
121790,1,1,1995,0,0,8,8,0,0,0,25,0,0
121791,1,1,1995,21,21,21,21,21,21,21,21,21,21
121792,1,1,1995,0,22,0,0,11,0,0,10,23,0
121793,1,1,1995,0,6,11,0,0,8,0,0,14,0
121794,1,1,1995,0,0,0,0,0,0,0,0,0,0
121795,0,1,1995,0,0,0,0,0,0,0,0,0,0
121795,1,1,1995,0,0,0,0,0,0,0,0,0,0
121796,1,1,1995,11,11,11,11,11,11,11,11,11,11
121797,0,1,1995,0,0,0,0,0,0,0,0,0,0
121797,1,1,1995,0,0,0,0,0,0,0,0,0,0
121798,1,1,1995,0,0,0,0,0,0,0,0,0,0
121799,0,1,1995,15,15,15,15,15,15,15,15,15,15
121799,1,1,1995,0,0,0,0,0,0,0,0,0,0
121800,1,1,1995,13,13,13,13,13,13,13,13,13,13
121800,2,1,1995,0,0,0,0,0,0,0,0,0,0
121801,0,1,1995,0,0,0,0,0,0,0,0,0,0
121801,1,1,1995,22,0,0,0,17,15,31,0,0,0
121802,1,1,1995,12,12,12,12,12,12,12,12,12,12
121803,0,1,1995,5,5,5,5,5,5,5,5,5,5
121803,1,1,1995,0,0,0,0,0,0,0,0,0,0
121804,1,1,1995,24,19,23,28,15,31,31,15,15,11
121805,0,1,1995,0,0,0,0,0,0,0,0,0,0
121805,1,1,1995,0,0,0,0,0,0,0,0,0,0
121806,1,1,1995,0,0,0,0,0,0,0,0,0,0
121806,2,1,1995,0,0,0,0,0,0,0,0,0,0
121806,3,1,1995,0,0,0,0,0,0,0,0,0,0
121807,1,1,1995,0,0,0,0,0,0,0,26,0,0
121808,1,1,1995,0,0,0,0,0,0,0,0,0,0
121808,2,1,1995,0,0,0,0,0,0,0,0,0,0
121809,0,1,1995,0,0,0,0,0,0,0,58,0,0
121809,1,1,1995,0,0,0,0,0,0,0,0,0,0
121810,0,1,1995,0,0,0,0,0,0,0,0,0,0
121810,1,1,1995,0,0,0,0,0,0,0,0,0,0
121811,1,1,1995,0,0,0,0,0,0,0,0,0,0
121811,2,1,1995,0,0,0,0,0,0,0,0,0,0
121812,1,1,1995,0,0,0,0,0,0,0,0,0,0
121812,2,1,1995,0,0,0,0,0,0,0,0,0,0
121812,3,1,1995,0,0,0,0,0,0,0,0,0,0
121813,1,1,1995,0,0,0,0,0,0,0,0,0,0
121813,2,1,1995,0,0,0,0,0,0,0,0,0,0
121813,3,1,1995,0,0,0,0,0,0,0,0,0,0
121814,0,1,1995,16,0,0,0,23,21,15,37,0,38
121814,1,1,1995,12,0,0,0,0,0,22,28,0,0
121815,0,1,1995,0,6,9,18,14,0,3,0,20,0
121815,1,1,1995,0,0,0,0,0,0,0,0,0,0
121815,2,1,1995,0,0,24,0,0,15,0,0,16,0
121816,1,1,1995,10,10,10,10,10,10,10,10,10,10
121816,2,1,1995,0,0,0,0,0,0,0,0,0,0
121816,3,1,1995,0,0,0,0,0,0,0,0,0,0
121818,0,1,1995,19,21,41,0,23,29,8,20,27,0
121818,1,1,1995,0,0,0,7,0,0,0,0,0,0
121819,1,1,1995,0,16,0,0,0,0,0,0,0,0
121819,2,1,1995,0,0,0,0,0,0,0,0,0,0
121819,3,1,1995,0,0,0,0,0,0,0,0,0,0
121819,4,1,1995,0,0,0,0,0,0,0,0,0,0
121820,1,1,1995,8,0,0,0,0,0,0,0,0,0
121821,1,1,1995,0,0,0,0,0,0,0,0,0,0
121821,2,1,1995,0,0,0,0,0,0,0,0,0,0
121822,0,1,1995,25,25,25,25,25,25,25,25,25,25
121822,1,1,1995,0,0,0,0,0,0,0,0,0,0
121823,0,1,1995,22,22,22,22,22,22,22,22,22,22
121823,1,1,1995,0,0,0,0,0,0,0,0,0,0
121824,1,1,1995,0,0,0,0,0,0,0,0,0,0
121824,2,1,1995,0,0,0,0,0,0,0,0,0,0
121825,1,1,1995,14,0,0,0,0,0,0,0,0,0
121826,1,1,1995,23,0,22,10,0,0,19,0,0,0
121826,2,1,1995,0,0,0,0,0,0,0,0,0,0
121826,3,1,1995,0,0,0,0,0,0,14,0,0,0
121827,1,1,1995,0,0,0,0,0,0,0,0,0,0
121827,2,1,1995,0,0,0,0,0,0,0,0,0,0
121828,0,1,1995,30,30,30,30,30,30,30,30,30,30
121828,1,1,1995,0,0,0,0,0,0,0,0,0,0
121829,1,1,1995,0,0,0,0,0,0,0,0,0,0
121829,2,1,1995,10,10,10,10,10,10,10,10,10,10
121830,1,1,1995,16,16,16,16,16,16,16,16,16,16
121831,0,1,1995,8,8,8,8,8,8,8,8,8,8
121831,1,1,1995,0,0,0,36,0,0,0,44,0,0
121832,1,1,1995,23,0,0,16,23,28,17,0,14,21
121832,2,1,1995,0,0,5,19,14,0,0,13,0,25
121833,0,1,1995,14,14,29,27,33,22,18,25,38,17
121833,1,1,1995,11,11,11,11,11,11,11,11,11,11
121834,1,1,1995,0,0,21,0,0,0,19,0,0,0
121835,1,1,1995,10,0,0,0,0,0,13,0,0,12
121836,1,1,1995,0,0,0,0,0,0,0,0,0,0
121836,2,1,1995,0,0,0,0,0,0,0,0,12,0
121836,3,1,1995,0,0,20,5,0,0,0,0,0,0
121837,1,1,1995,0,0,0,0,0,0,0,20,0,0
121837,2,1,1995,0,0,0,0,0,0,0,0,0,0
121838,1,1,1995,0,0,0,0,0,0,0,0,0,0
121839,0,1,1995,0,15,0,0,0,0,0,0,0,0
121839,1,1,1995,41,0,0,0,0,0,0,0,0,0
121840,1,1,1995,16,16,16,16,16,16,16,16,16,16
121841,1,1,1995,0,0,0,0,0,0,0,0,0,0
121841,2,1,1995,0,0,0,0,0,0,0,0,0,0
121842,1,1,1995,0,0,0,0,0,0,0,0,0,0
121842,2,1,1995,0,0,0,0,0,0,0,0,0,0
121843,1,1,1995,0,0,0,0,0,0,0,0,0,0
121843,2,1,1995,0,0,0,0,0,0,0,0,0,0
121844,0,1,1995,12,12,12,12,12,12,12,12,12,12
121844,1,1,1995,0,0,0,0,0,0,0,0,0,0
121845,1,1,1995,0,0,0,0,0,0,0,0,0,0
121845,2,1,1995,5,0,0,0,0,0,0,0,0,0
121846,0,1,1995,0,0,0,0,0,0,0,0,0,5
121846,1,1,1995,0,0,0,0,0,0,0,0,0,0
121847,0,1,1995,4,4,4,4,4,4,4,4,4,4
121847,1,1,1995,0,0,0,13,0,0,23,20,0,18
121847,2,1,1995,17,0,0,0,0,0,0,0,0,0
121847,3,1,1995,23,0,0,0,0,0,0,0,0,17
121847,4,1,1995,0,0,0,0,0,0,0,0,0,0
121848,1,1,1995,0,4,0,0,0,0,0,0,0,0
121848,2,1,1995,0,0,0,14,0,0,0,0,0,41
121849,0,1,1995,14,14,14,14,14,14,14,14,14,14
121849,1,1,1995,0,0,0,0,0,0,0,0,0,0
121850,1,1,1995,0,0,0,0,0,0,0,0,0,0
121850,2,1,1995,0,0,0,0,0,0,0,0,0,0
121851,0,1,1995,0,0,0,0,0,0,0,0,0,0
121851,1,1,1995,0,0,0,0,0,0,0,0,0,0
121852,1,1,1995,14,14,14,14,14,14,14,14,14,14
121852,2,1,1995,14,14,14,14,14,14,14,14,14,14
121852,3,1,1995,0,0,0,0,0,0,0,0,0,0
121853,1,1,1995,0,0,0,0,0,0,0,0,0,0
121853,2,1,1995,0,0,0,0,0,0,0,0,0,0
121854,0,1,1995,15,0,31,0,0,16,25,30,0,10
121854,0,2,1995,0,0,0,0,0,0,9,0,0,0
121854,1,1,1995,0,0,0,0,0,0,0,0,0,0
121855,1,1,1995,26,26,26,26,26,26,26,26,26,26
121856,1,1,1995,0,0,0,0,0,0,0,0,12,0
121856,2,1,1995,0,0,0,0,0,0,0,0,0,0
121856,3,1,1995,0,0,0,0,0,0,0,0,0,0
121857,1,1,1995,0,0,0,0,0,0,0,0,0,0
121857,2,1,1995,0,0,0,0,0,0,0,23,0,0
121858,0,1,1995,0,0,0,0,0,0,0,0,0,0
121858,1,1,1995,0,0,0,0,0,0,0,0,0,0
121859,0,1,1995,29,29,29,29,29,29,29,29,29,29
121859,1,1,1995,21,0,0,0,0,3,0,3,0,0
121860,1,1,1995,0,0,0,0,0,0,0,0,0,0
121860,2,1,1995,0,0,0,0,0,0,0,0,0,0
121861,1,1,1995,0,0,0,0,0,0,0,0,13,0
121862,1,1,1995,0,0,0,0,0,0,0,0,0,0
121862,2,1,1995,0,17,10,0,0,0,0,17,14,0
121864,1,1,1995,0,0,0,0,0,0,0,0,0,0
121865,0,1,1995,0,0,0,0,0,0,0,0,0,0
121865,1,1,1995,0,0,0,0,0,0,0,0,0,0
121866,1,1,1995,16,16,16,16,16,16,16,16,16,16
121867,1,1,1995,20,20,20,20,20,20,20,20,20,20
121867,2,1,1995,0,0,0,0,0,0,0,0,0,0
121868,1,1,1995,0,0,0,0,0,0,0,0,0,0
121868,2,1,1995,0,0,0,0,0,0,0,0,0,0
121869,1,1,1995,15,15,15,15,15,15,15,15,15,15
121869,2,1,1995,0,0,0,0,0,0,0,0,0,0
121870,0,1,1995,32,32,32,32,32,32,32,32,32,32
121870,1,1,1995,0,0,27,0,0,0,0,0,0,0
121871,1,1,1995,15,15,15,15,15,15,15,15,15,15
121871,2,1,1995,0,0,0,0,0,0,0,0,0,0
121871,3,1,1995,0,0,0,0,0,0,36,0,0,0
121872,0,1,1995,11,11,11,11,11,11,11,11,11,11
121872,1,1,1995,5,5,5,5,5,5,5,5,5,5
121873,1,1,1995,0,0,0,0,0,0,0,0,0,0
121873,2,1,1995,0,0,0,0,0,0,0,0,0,0
121874,1,1,1995,0,0,0,0,0,0,0,0,0,0
121874,2,1,1995,0,0,0,0,0,0,0,0,0,0
121875,1,1,1995,0,0,0,0,0,0,0,0,0,0
121875,2,1,1995,0,0,0,0,0,0,0,0,0,0
121875,3,1,1995,0,0,0,0,0,0,0,0,0,0
121876,0,1,1995,0,0,17,0,20,0,0,0,14,31
121876,1,1,1995,13,0,0,21,0,0,26,35,24,0
121876,2,1,1995,8,18,0,0,9,6,14,0,0,18
121877,1,1,1995,0,0,0,0,0,0,0,0,0,0
121877,2,1,1995,0,0,0,0,0,0,0,0,0,0
121878,0,1,1995,22,0,0,0,16,0,0,0,0,27
121878,1,1,1995,0,0,0,0,0,0,0,0,11,0
121879,1,1,1995,0,0,0,0,0,0,0,0,0,0
121879,2,1,1995,0,0,0,0,0,0,0,0,0,0
121880,0,1,1995,13,14,19,16,0,13,10,23,14,7
121880,1,1,1995,0,0,0,0,0,0,0,0,0,0
121881,1,1,1995,0,0,0,0,0,0,0,0,0,0
121882,1,1,1995,0,0,0,0,0,0,0,0,0,0
121882,2,1,1995,0,0,0,0,0,0,0,0,0,0
121883,0,1,1995,0,0,0,0,0,0,0,0,0,0
121883,1,1,1995,0,0,0,0,0,0,0,0,0,0
121884,1,1,1995,7,16,19,28,0,0,0,19,12,17
121884,2,1,1995,11,0,0,15,7,0,11,0,0,0
121885,1,1,1995,0,0,0,0,0,0,0,0,0,0
121885,2,1,1995,0,0,0,0,0,0,0,0,0,0
121886,1,1,1995,0,0,0,0,0,0,0,0,0,0
121886,2,1,1995,16,0,0,0,0,0,0,0,0,0
121886,3,1,1995,0,0,0,28,0,0,0,0,0,0
121887,0,1,1995,22,22,22,22,22,22,22,22,22,22
121887,1,1,1995,0,0,0,0,0,0,0,0,0,0
121888,1,1,1995,7,7,7,7,7,7,7,7,7,7
121888,2,1,1995,0,0,0,0,0,0,0,0,0,0
121889,1,1,1995,0,0,0,0,0,0,26,0,0,14
121889,2,1,1995,4,0,0,0,12,0,0,17,0,0
121890,1,1,1995,23,23,23,23,23,23,23,23,23,23
121892,1,1,1995,15,15,15,15,15,15,15,15,15,15
121892,2,1,1995,0,0,0,0,0,14,0,0,0,0
121893,1,1,1995,33,33,33,33,33,33,33,33,33,33
121893,2,1,1995,0,0,0,0,0,0,0,0,0,0
121894,1,1,1995,9,9,9,9,9,9,9,9,9,9
121894,2,1,1995,0,0,0,0,0,0,0,0,0,0
121894,3,1,1995,0,0,0,0,0,0,0,0,0,19
121895,0,1,1995,0,0,0,0,0,0,0,0,0,0
121895,1,1,1995,0,0,0,0,0,0,0,0,0,0
121896,0,1,1995,0,0,0,0,0,0,0,0,0,0
121896,1,1,1995,0,0,0,0,0,0,0,0,0,0
121897,1,1,1995,0,0,0,0,0,0,0,0,0,0
121898,1,1,1995,0,0,0,0,0,0,0,0,0,0
121898,2,1,1995,0,0,21,0,0,0,0,32,7,0
121898,3,1,1995,0,0,0,0,0,0,0,0,0,0
121899,0,1,1995,0,0,0,0,0,0,0,0,0,0
121899,1,1,1995,10,10,10,10,10,10,10,10,10,10
121901,1,1,1995,3,3,3,3,3,3,3,3,3,3
121902,0,1,1995,0,0,0,0,0,0,0,0,0,0
121902,1,1,1995,0,0,21,0,0,0,0,0,0,0
121904,1,1,1995,27,27,27,27,27,27,27,27,27,27
121905,0,1,1995,17,17,17,17,17,17,17,17,17,17
121905,1,1,1995,15,15,15,15,15,15,15,15,15,15
121906,1,1,1995,0,0,0,0,0,0,0,0,0,0
121907,1,1,1995,0,0,0,0,0,0,0,0,0,0
121908,0,1,1995,6,6,6,6,6,6,6,6,6,6
121908,1,1,1995,0,0,0,0,0,0,0,0,0,0
121909,1,1,1995,0,0,0,0,0,0,0,0,0,0