ST_CASE,VEH_NO,PER_NO,YEAR,P1,P2,P3,P4,P5,P6,P7,P8,P9,P10
122162,1,1,1995,0,0,0,0,0,0,0,0,0,0
122163,0,1,1995,12,12,12,12,12,12,12,12,12,12
122163,1,1,1995,0,0,0,0,0,0,0,0,0,0
122163,2,1,1995,26,0,0,0,0,0,0,0,0,0
122163,3,1,1995,0,0,0,0,0,0,0,0,0,0
122164,1,1,1995,27,27,27,27,27,27,27,27,27,27
122164,2,1,1995,0,0,0,0,0,0,0,0,0,0
122165,1,1,1995,9,9,9,9,9,9,9,9,9,9
122166,0,1,1995,1,1,1,1,1,1,1,1,1,1
122166,1,1,1995,0,0,0,0,0,0,0,0,0,0
122167,1,1,1995,15,15,15,15,15,15,15,15,15,15
122167,2,1,1995,0,0,0,0,0,0,0,0,0,0
122168,1,1,1995,19,19,19,19,19,19,19,19,19,19
122169,1,1,1995,19,19,19,19,19,19,19,19,19,19
122170,1,1,1995,0,0,0,0,0,0,0,0,0,0
122170,2,1,1995,0,0,0,0,0,0,0,0,0,0
122171,1,1,1995,16,16,16,16,16,16,16,16,16,16
122172,0,1,1995,6,6,6,6,6,6,6,6,6,6
122172,1,1,1995,12,12,12,12,12,12,12,12,12,12
122173,1,1,1995,18,18,18,18,18,18,18,18,18,18
122174,0,1,1995,0,0,0,0,0,0,0,0,0,0
122174,1,1,1995,0,0,0,0,0,0,0,0,0,0
122175,1,1,1995,16,16,16,16,16,16,16,16,16,16
122176,1,1,1995,36,36,36,36,36,36,36,36,36,36
122177,1,1,1995,0,0,0,0,0,0,0,0,4,0
122177,2,1,1995,0,0,0,0,0,0,0,0,0,0
122177,3,1,1995,0,0,0,0,0,0,0,0,0,0
122178,0,1,1995,0,0,0,0,0,0,0,0,0,0
122178,1,1,1995,0,16,0,0,0,12,0,15,0,13
122179,0,1,1995,0,0,0,0,0,0,0,0,0,0
122179,0,2,1995,10,0,0,0,0,0,6,0,0,0
122179,0,3,1995,0,0,0,0,0,0,0,0,0,0
122179,1,1,1995,0,0,0,28,0,0,0,0,0,0
122182,1,1,1995,29,29,29,29,29,29,29,29,29,29
122183,1,1,1995,0,0,0,0,0,0,0,0,0,0
122183,2,1,1995,0,0,0,0,0,0,0,8,0,11
122183,3,1,1995,0,0,0,0,0,0,0,0,0,0
122183,4,1,1995,0,0,0,0,0,0,0,0,0,0
122184,0,1,1995,0,0,0,12,0,0,0,0,0,0
122184,1,1,1995,0,0,0,0,0,0,0,0,0,0
122185,1,1,1995,0,0,0,0,0,0,0,0,0,0
122185,2,1,1995,0,0,0,0,0,0,0,0,0,0
122186,1,1,1995,6,6,6,6,6,6,6,6,6,6
122187,1,1,1995,0,0,0,0,0,0,0,0,0,0
122187,2,1,1995,0,0,0,0,0,0,0,0,0,0
122188,1,1,1995,19,0,31,0,23,18,0,18,0,8
122189,1,1,1995,0,0,0,0,0,0,0,0,0,0
122189,2,1,1995,0,0,0,0,0,0,0,0,0,0
122189,3,1,1995,0,0,0,0,0,0,0,0,0,0
122190,1,1,1995,3,3,3,3,3,3,3,3,3,3
122190,2,1,1995,0,0,0,0,0,0,0,0,0,0
122191,1,1,1995,22,22,22,22,22,22,22,22,22,22
122191,2,1,1995,0,0,0,0,0,9,0,0,0,0
122191,3,1,1995,0,6,0,21,12,15,0,0,0,0
122192,0,1,1995,30,30,30,30,30,30,30,30,30,30
122192,1,1,1995,0,0,0,0,0,0,0,0,0,0
122193,1,1,1995,19,19,19,19,19,19,19,19,19,19
122194,0,1,1995,30,30,30,30,30,30,30,30,30,30
122194,1,1,1995,0,0,0,6,0,0,0,0,0,0
122195,0,1,1995,0,0,0,0,0,0,0,0,0,0
122195,1,1,1995,0,0,0,0,0,0,0,0,0,0
122196,0,1,1995,0,0,20,30,17,0,0,18,21,24
122196,1,1,1995,0,0,0,0,0,0,0,0,0,0
122197,1,1,1995,0,0,0,0,0,0,0,0,0,0
122197,2,1,1995,0,0,0,0,24,0,19,0,0,0
122198,1,1,1995,0,0,0,0,0,0,0,0,0,0
122198,2,1,1995,0,0,0,0,0,0,0,0,0,0
122199,1,1,1995,0,0,0,0,0,0,0,0,0,0
122199,2,1,1995,20,20,20,20,20,20,20,20,20,20
122200,1,1,1995,0,0,0,0,0,0,0,0,0,0
122200,2,1,1995,0,0,0,0,15,0,0,0,0,0
122201,1,1,1995,0,0,0,0,0,0,12,0,0,0
122202,1,1,1995,18,18,18,18,18,18,18,18,18,18
122202,2,1,1995,0,0,0,0,0,0,0,0,0,0
122203,1,1,1995,0,0,0,0,0,0,0,0,0,0
122204,1,1,1995,0,0,0,0,0,0,0,0,0,0
122204,2,1,1995,0,0,0,0,0,0,0,0,0,0
122205,1,1,1995,0,0,0,0,0,0,0,0,0,0
122205,2,1,1995,0,0,0,0,0,0,0,0,0,0
122206,1,1,1995,0,19,8,16,14,11,0,0,0,12
122207,1,1,1995,0,0,0,0,0,0,0,0,0,0
122207,2,1,1995,0,0,0,0,0,0,0,0,0,0
122207,3,1,1995,0,0,0,0,0,7,0,0,0,0
122208,1,1,1995,0,0,0,0,0,0,0,0,0,0
122209,1,1,1995,0,0,0,0,0,0,0,0,0,0
122210,1,1,1995,34,34,34,34,34,34,34,34,34,34
122211,1,1,1995,0,0,0,0,0,0,0,0,0,0
122211,2,1,1995,0,0,0,0,0,0,0,0,0,0
122212,1,1,1995,0,0,0,0,0,0,0,0,0,0
122212,2,1,1995,0,0,0,0,0,0,0,0,0,0
122213,0,1,1995,0,0,0,0,0,10,0,0,18,0
122213,1,1,1995,0,0,0,0,0,0,0,0,0,0
122214,0,1,1995,0,0,0,0,0,0,0,0,0,0
122214,0,2,1995,0,0,0,0,0,0,0,0,0,0
122214,1,1,1995,0,0,0,0,21,0,0,11,13,0
122215,0,1,1995,0,0,0,0,0,0,0,0,0,0
122215,1,1,1995,0,0,0,0,16,0,0,0,0,0
122216,1,1,1995,0,0,0,0,0,0,0,0,0,0
122216,2,1,1995,0,0,0,0,0,0,0,0,0,0
122217,1,1,1995,0,0,14,0,0,0,0,15,11,20
122218,1,1,1995,0,0,0,0,0,0,0,0,0,0
122218,2,1,1995,0,0,0,0,0,0,0,0,0,0
122219,1,1,1995,31,20,17,0,7,19,0,17,32,20
122220,1,1,1995,0,0,0,0,0,0,0,0,0,0
122220,2,1,1995,0,0,0,0,0,0,0,0,0,0
122221,0,1,1995,0,0,20,13,0,0,0,32,0,23
122221,1,1,1995,0,0,0,0,0,0,0,0,0,0
122222,1,1,1995,0,0,0,11,0,0,0,0,0,0
122222,2,1,1995,0,0,0,0,0,0,0,0,0,0
122223,1,1,1995,21,21,21,21,21,21,21,21,21,21
122223,2,1,1995,0,0,0,0,0,0,0,0,0,0
122224,1,1,1995,0,0,0,0,0,0,0,0,0,0
122224,2,1,1995,0,0,0,0,0,0,0,0,0,0
122226,1,1,1995,0,0,0,0,0,0,0,0,0,0
122226,2,1,1995,0,0,0,0,0,0,0,0,0,0
122227,1,1,1995,0,0,0,0,0,0,17,0,0,0
122227,2,1,1995,0,0,0,0,0,0,0,0,0,0
122228,0,1,1995,0,0,0,0,0,0,0,0,0,0
122228,1,1,1995,0,0,0,0,0,0,0,0,0,0
122229,1,1,1995,8,8,8,8,8,8,8,8,8,8
122230,1,1,1995,0,0,0,0,0,0,0,0,0,0
122230,2,1,1995,0,0,31,0,0,0,0,0,0,0
122231,1,1,1995,0,0,0,0,0,0,0,0,0,0
122231,2,1,1995,0,0,0,0,0,0,0,0,0,0
122231,3,1,1995,0,0,0,0,0,0,0,0,0,0
122232,1,1,1995,2,2,2,2,2,2,2,2,2,2
122233,0,1,1995,0,0,0,0,0,0,0,0,0,0
122233,1,1,1995,0,0,0,0,0,0,15,0,0,0
122233,2,1,1995,0,0,0,0,0,0,0,0,0,0
122234,1,1,1995,0,0,0,0,0,0,0,0,0,0
122234,2,1,1995,0,0,0,0,0,0,0,0,0,0
122235,1,1,1995,0,0,0,0,0,0,0,0,24,0
122236,1,1,1995,0,0,0,0,0,0,0,0,0,0
122236,2,1,1995,0,0,0,0,0,0,0,0,0,0
122237,0,1,1995,22,22,22,22,22,22,22,22,22,22
122237,1,1,1995,0,0,0,0,0,0,0,0,0,0
122238,1,1,1995,0,0,0,0,0,0,0,0,0,0
122238,2,1,1995,0,0,0,0,0,0,0,0,0,0
122239,0,1,1995,0,0,0,0,0,0,0,0,0,0
122239,1,1,1995,0,0,0,0,0,0,0,0,0,0
122240,1,1,1995,0,0,0,0,0,0,0,0,0,0
122240,2,1,1995,0,0,0,0,0,0,0,0,0,0
122241,1,1,1995,20,20,20,20,20,20,20,20,20,20
122242,1,1,1995,0,0,0,0,0,0,0,0,0,0
122242,2,1,1995,0,0,0,0,0,12,0,0,0,18
122243,1,1,1995,0,0,0,0,0,0,0,0,0,0
122243,2,1,1995,24,0,0,0,0,0,0,0,0,0
122244,0,1,1995,5,5,5,5,5,5,5,5,5,5
122244,1,1,1995,19,19,19,19,19,19,19,19,19,19
122245,1,1,1995,0,0,0,0,0,0,0,0,0,0
122246,1,1,1995,0,0,0,0,0,6,0,0,0,0
122246,2,1,1995,0,0,0,0,0,0,0,0,0,0
122247,1,1,1995,0,0,0,0,0,0,0,0,0,0
122248,1,1,1995,0,0,0,0,0,0,0,0,0,0
122249,1,1,1995,0,14,0,0,0,0,0,0,0,0
122249,2,1,1995,4,4,4,4,4,4,4,4,4,4
122250,1,1,1995,22,39,21,23,41,22,10,22,26,17
122251,0,1,1995,30,30,30,30,30,30,30,30,30,30
122251,1,1,1995,0,0,0,0,0,0,0,12,0,0
122252,1,1,1995,17,17,17,17,17,17,17,17,17,17
122252,2,1,1995,0,0,0,0,0,0,0,0,0,0
122254,1,1,1995,0,0,0,0,0,0,0,0,0,0
122255,0,1,1995,0,0,0,0,0,0,0,0,0,8
122255,1,1,1995,0,0,0,0,0,0,0,0,0,0
122256,1,1,1995,0,0,0,0,0,0,0,0,0,0
122256,2,1,1995,0,0,0,0,0,0,0,0,0,0
122257,1,1,1995,0,0,0,0,0,0,0,0,0,0
122257,2,1,1995,0,0,0,0,0,0,0,0,0,0
122258,1,1,1995,3,3,3,3,3,3,3,3,3,3
122259,0,1,1995,0,24,0,0,12,24,0,0,0,8
122259,1,1,1995,0,0,0,20,0,0,0,0,11,0
122260,0,1,1995,0,0,0,0,0,0,0,0,0,0
122260,1,1,1995,0,0,0,0,0,0,0,0,0,0
122261,1,1,1995,0,0,0,7,0,22,28,0,0,0
122261,2,1,1995,0,0,0,0,11,6,24,0,0,0
122262,0,1,1995,0,0,0,0,0,0,0,0,0,0
122262,1,1,1995,0,0,0,0,0,0,0,0,0,0
122262,2,1,1995,0,0,0,0,0,0,0,0,0,0
122263,0,1,1995,6,18,0,27,0,0,0,22,23,11
122263,1,1,1995,0,0,14,3,18,17,0,12,0,0
122264,1,1,1995,24,24,24,24,24,24,24,24,24,24
122265,1,1,1995,0,0,0,0,0,0,0,0,0,5
122266,1,1,1995,0,0,0,0,0,0,0,0,0,0
122266,2,1,1995,0,0,0,0,0,0,0,0,0,0
122267,0,1,1995,9,9,9,9,9,9,9,9,9,9
122267,1,1,1995,0,2,0,0,0,0,0,0,0,0
122267,2,1,1995,0,0,0,0,0,0,0,0,0,0
122268,1,1,1995,33,33,33,33,33,33,33,33,33,33
122269,0,1,1995,0,0,0,0,0,0,0,0,0,0
122269,1,1,1995,12,13,0,23,0,0,0,23,0,12
122270,0,1,1995,14,14,14,14,14,14,14,14,14,14
122270,1,1,1995,0,11,0,0,0,0,0,0,0,0
122271,1,1,1995,0,0,0,0,0,0,0,0,0,0
122271,2,1,1995,0,0,0,0,0,0,0,0,0,0
122272,1,1,1995,24,24,24,24,24,24,24,24,24,24
122273,0,1,1995,0,0,0,0,0,0,0,0,0,0
122273,1,1,1995,0,0,0,0,0,0,0,0,0,0
122274,1,1,1995,0,0,0,0,0,0,0,0,0,0
122274,2,1,1995,0,0,0,0,0,0,0,0,0,0
122274,3,1,1995,0,0,0,0,0,0,0,0,0,0
122275,0,1,1995,24,24,24,24,24,24,24,24,24,24
122275,1,1,1995,0,16,0,0,0,0,13,0,10,7
122276,1,1,1995,27,27,27,27,27,27,27,27,27,27
122276,2,1,1995,0,0,0,0,0,0,0,9,0,0
122277,1,1,1995,0,0,0,0,0,0,0,0,0,0
122277,2,1,1995,0,0,0,0,0,0,0,0,0,0
122278,1,1,1995,24,24,24,24,24,24,24,24,24,24
122279,0,1,1995,15,15,15,15,15,15,15,15,15,15
122279,1,1,1995,0,0,0,0,0,0,0,0,0,0
122280,1,1,1995,7,7,7,7,7,7,7,7,7,7
122280,2,1,1995,0,0,0,0,0,0,0,0,0,0
122280,3,1,1995,0,0,0,0,0,0,0,0,0,0
122281,1,1,1995,0,0,11,0,0,0,0,0,0,0
122282,0,1,1995,19,19,19,19,19,19,19,19,19,19
122282,1,1,1995,16,16,16,16,16,16,16,16,16,16
122283,1,1,1995,20,20,20,20,20,20,20,20,20,20
122283,2,1,1995,0,0,0,0,0,0,0,10,0,0
122284,1,1,1995,19,19,19,19,19,19,19,19,19,19
122285,0,1,1995,0,0,0,0,0,0,0,0,0,0
122285,1,1,1995,0,0,0,0,0,0,0,0,0,0
122286,1,1,1995,0,0,0,0,0,0,0,0,0,0
122286,2,1,1995,0,0,0,0,0,0,0,0,0,0
122287,1,1,1995,0,0,0,0,0,0,0,0,0,0
122287,2,1,1995,0,0,0,0,0,0,0,0,0,0
122288,0,1,1995,0,0,0,44,0,0,0,0,0,0
122288,1,1,1995,0,0,10,0,0,0,0,0,0,0
122289,1,1,1995,0,11,0,14,0,0,19,0,0,11
122290,1,1,1995,0,0,0,0,0,0,0,0,0,0
122291,1,1,1995,23,23,23,23,23,23,23,23,23,23
122291,2,1,1995,0,0,0,0,0,0,0,0,0,0
122291,3,1,1995,0,0,0,0,0,0,0,0,0,0
122292,1,1,1995,0,0,0,0,0,0,0,0,0,0
122293,0,1,1995,10,10,10,10,10,10,10,10,10,10
122293,0,2,1995,0,27,42,28,23,0,38,0,0,0
122293,1,1,1995,0,0,0,0,0,0,0,0,0,0
122294,1,1,1995,0,0,0,0,0,0,0,0,0,0
122294,2,1,1995,0,0,0,0,0,0,0,0,0,0
122295,1,1,1995,33,33,33,33,33,33,33,33,33,33
122296,1,1,1995,0,0,0,0,0,0,0,0,0,0
122296,2,1,1995,4,6,17,17,8,9,13,43,14,8
122296,3,1,1995,18,0,0,0,0,0,11,0,0,11
122297,1,1,1995,0,0,0,0,0,0,0,0,0,0
122297,2,1,1995,0,0,0,0,0,0,0,0,0,0
122298,1,1,1995,0,0,0,0,0,0,0,9,0,0
122299,1,1,1995,8,8,8,8,8,8,8,8,8,8
122300,0,1,1995,0,0,0,38,20,0,3,0,0,26
122300,0,2,1995,0,0,0,0,0,0,0,0,0,0
122300,1,1,1995,0,0,0,0,0,0,0,0,0,0
122301,1,1,1995,24,24,24,24,24,24,24,24,24,24
122302,0,1,1995,21,21,21,21,21,21,21,21,21,21
122302,1,1,1995,0,0,0,0,0,3,12,0,0,15
122303,1,1,1995,14,12,13,28,15,15,0,19,20,13
122304,0,1,1995,1,1,1,1,1,1,1,1,1,1
122304,1,1,1995,0,0,0,0,0,0,0,0,0,0
122305,1,1,1995,0,0,0,0,0,0,0,0,0,0
122305,2,1,1995,0,0,0,0,0,0,0,0,0,0
122306,1,1,1995,0,0,0,0,0,0,0,0,0,0
122306,2,1,1995,12,7,0,0,0,0,0,0,0,0
122307,1,1,1995,17,0,0,0,13,0,0,0,0,0
122307,2,1,1995,0,0,0,0,0,0,0,0,0,0
122307,3,1,1995,0,0,0,0,0,0,0,0,0,0
122308,0,1,1995,0,13,0,0,0,0,18,7,0,17
122308,1,1,1995,12,18,0,0,0,0,22,0,17,0
122309,1,1,1995,5,5,5,5,5,5,5,5,5,5
122310,0,1,1995,0,0,15,13,0,0,0,0,23,0
122310,1,1,1995,0,0,0,0,0,0,0,0,0,0
122312,1,1,1995,0,0,0,0,0,0,0,0,0,0
122312,2,1,1995,0,0,0,0,0,0,0,0,0,0
122312,3,1,1995,0,0,0,0,0,0,0,0,0,0
122313,1,1,1995,0,0,0,0,0,0,0,0,0,0
122313,2,1,1995,0,0,0,0,0,0,0,0,0,0
122313,3,1,1995,0,0,0,0,0,0,0,0,0,0
122314,1,1,1995,0,0,0,0,0,0,0,0,0,0
122315,1,1,1995,0,0,0,0,0,0,0,0,0,0
122316,1,1,1995,0,0,0,0,0,0,0,0,0,0
122316,2,1,1995,0,0,0,0,0,0,0,0,0,0
122317,1,1,1995,44,44,44,44,44,44,44,44,44,44
122317,2,1,1995,0,0,0,0,0,0,0,0,0,0
122317,3,1,1995,0,0,0,0,0,0,0,0,0,0
122318,0,1,1995,0,0,0,0,0,0,0,0,0,0
122318,1,1,1995,0,0,0,0,0,0,0,0,0,0
122318,2,1,1995,0,0,0,0,0,0,0,0,0,0
122318,3,1,1995,0,0,0,0,0,0,0,0,0,0
122319,0,1,1995,8,8,8,8,8,8,8,8,8,8
122319,1,1,1995,0,0,0,0,0,0,0,0,0,0
122320,0,1,1995,11,11,11,11,11,11,11,11,11,11
122320,1,1,1995,0,0,0,0,0,0,0,0,0,0
122321,1,1,1995,0,0,0,0,0,0,0,0,0,0
122321,2,1,1995,0,0,0,0,0,0,0,0,0,0
122321,3,1,1995,0,0,0,0,0,0,0,0,0,0
122322,1,1,1995,25,25,25,25,25,25,25,25,25,25
122323,1,1,1995,0,0,0,0,0,0,0,0,0,0
122323,2,1,1995,0,0,0,0,0,0,14,0,0,0
122323,3,1,1995,0,0,0,0,0,0,0,0,0,0
122324,1,1,1995,0,33,0,0,0,26,0,0,0,20
122325,0,1,1995,0,0,0,0,0,0,0,0,0,0
122325,2,1,1995,0,0,0,0,0,0,0,0,0,0
122326,0,1,1995,0,0,0,0,0,0,0,0,0,0
122326,1,1,1995,0,0,0,0,0,0,0,0,15,0
122327,0,1,1995,0,0,0,0,0,0,0,0,0,0
122327,1,1,1995,20,0,0,0,0,0,0,0,0,0
122328,1,1,1995,25,25,25,25,25,25,25,25,25,25
122328,2,1,1995,0,0,0,0,0,0,0,0,0,0
122328,3,1,1995,0,0,0,0,0,0,0,0,0,0
122329,0,1,1995,0,0,0,0,0,0,0,0,0,0
122329,1,1,1995,0,0,0,0,0,0,0,0,0,0
122330,1,1,1995,0,0,0,0,0,0,0,0,0,0
122330,2,1,1995,0,0,0,0,0,0,0,0,0,0
122331,1,1,1995,0,0,0,0,0,0,0,0,0,0
122331,2,1,1995,0,0,0,0,0,0,0,0,0,0
122332,1,1,1995,0,0,0,0,0,0,0,0,0,0
122332,2,1,1995,10,0,0,11,0,0,0,0,0,28
122333,1,1,1995,11,11,11,11,11,11,11,11,11,11
122334,0,1,1995,0,0,0,0,0,0,0,0,0,0
122334,1,1,1995,0,0,0,0,0,0,0,0,0,0
122335,1,1,1995,0,0,0,0,0,0,0,0,0,0
122335,2,1,1995,0,0,0,0,0,0,0,0,0,0
122336,0,1,1995,0,0,0,0,0,0,0,0,0,0
122336,1,1,1995,0,0,0,0,0,0,0,0,0,0
122337,1,1,1995,0,0,0,0,0,0,0,0,0,0
122338,1,1,1995,0,0,0,0,0,0,0,0,0,0
122338,2,1,1995,0,0,0,0,0,0,0,0,0,0
122338,3,1,1995,0,0,0,0,0,0,0,0,11,0
122338,4,1,1995,0,0,0,0,0,0,0,0,0,0
122339,0,1,1995,0,0,0,0,0,0,0,0,0,0
122339,1,1,1995,0,0,0,0,0,0,0,0,0,0
122340,1,1,1995,0,0,0,0,0,0,0,0,0,0
122340,2,1,1995,0,0,0,0,0,0,0,0,0,0
122340,3,1,1995,0,0,0,0,0,0,0,0,0,0
122341,1,1,1995,16,16,16,16,16,16,16,16,16,16
122342,0,1,1995,26,26,26,26,26,26,26,26,26,26
122342,1,1,1995,0,0,0,0,0,0,0,0,0,0
122343,1,1,1995,0,0,0,0,0,0,0,0,0,0
122344,1,1,1995,22,22,22,22,22,22,22,22,22,22
122344,2,1,1995,0,0,0,0,0,0,0,0,0,0
122345,1,1,1995,0,20,35,26,0,36,13,11,0,6
122346,1,1,1995,0,0,19,0,0,0,0,0,0,0
122346,2,1,1995,0,0,0,0,0,0,8,0,0,0
122347,1,1,1995,9,0,0,0,0,0,0,0,0,0
122347,2,1,1995,0,0,0,0,0,0,0,0,0,0
122348,1,1,1995,0,0,0,0,0,0,0,0,0,0
122348,2,1,1995,0,0,0,0,0,0,0,0,0,0
122349,1,1,1995,5,5,5,5,5,5,5,5,5,5
122350,1,1,1995,11,11,11,11,11,11,11,11,11,11
122350,2,1,1995,0,0,0,0,0,0,0,0,0,0
122351,1,1,1995,0,0,0,0,0,0,0,0,0,0
122351,2,1,1995,0,0,0,0,0,0,0,0,0,0
122352,0,1,1995,0,0,0,0,0,0,0,0,0,0
122352,0,2,1995,0,0,0,0,0,0,0,0,0,0
122352,1,1,1995,0,0,0,0,0,0,0,0,0,0
122352,2,1,1995,37,0,14,22,28,0,21,0,0,0
122353,0,1,1995,19,19,19,19,19,19,19,19,19,19
122353,0,2,1995,42,42,42,42,42,42,42,42,42,42
122353,1,1,1995,0,0,0,0,0,0,0,0,0,0
122354,0,1,1995,22,2,12,0,0,0,9,25,5,0
122354,1,1,1995,0,0,0,0,0,0,0,0,0,0
122355,1,1,1995,0,0,0,0,0,0,0,0,0,0
122355,2,1,1995,0,13,0,0,0,0,0,0,0,0
122356,1,1,1995,0,0,0,0,0,0,0,0,0,0
122356,2,1,1995,0,0,0,0,0,0,0,0,0,0
122356,3,1,1995,0,0,0,0,0,0,0,0,0,0
122357,1,1,1995,0,0,0,0,0,0,0,0,0,0
122358,0,1,1995,15,15,15,15,15,15,15,15,15,15
122358,1,1,1995,0,0,0,10,0,0,0,0,0,0
122359,1,1,1995,0,0,0,0,0,0,0,4,0,0
122359,2,1,1995,0,0,0,0,0,0,0,0,0,0
122360,1,1,1995,12,0,23,0,0,0,19,0,23,0
122360,2,1,1995,7,7,7,7,7,7,7,7,7,7
122361,1,1,1995,0,0,0,0,0,0,0,0,0,0
122361,2,1,1995,5,5,5,5,5,5,5,5,5,5
122362,1,1,1995,0,0,0,0,0,0,0,0,0,0
122363,0,1,1995,24,24,24,24,24,24,24,24,24,24
122363,1,1,1995,36,0,0,15,0,0,0,0,0,0
122364,0,1,1995,25,25,25,25,25,25,25,25,25,25
122364,1,1,1995,0,0,0,0,0,0,0,0,0,0
122365,1,1,1995,0,0,0,0,0,0,0,0,0,0
122366,0,1,1995,23,23,23,23,23,23,23,23,23,23
122366,1,1,1995,21,21,21,21,21,21,21,21,21,21
122367,1,1,1995,0,0,0,0,0,0,0,0,0,0
122368,1,1,1995,0,0,0,0,0,0,0,0,0,0
122368,2,1,1995,0,0,0,0,0,0,0,0,0,0
122369,1,1,1995,0,0,0,0,0,0,0,0,0,0
122370,1,1,1995,33,33,33,33,33,33,33,33,33,33
122371,0,1,1995,28,28,28,28,28,28,28,28,28,28
122371,1,1,1995,12,12,12,12,12,12,12,12,12,12
122372,1,1,1995,0,0,0,0,0,0,0,0,0,0
122372,2,1,1995,0,0,0,0,0,0,0,0,0,0
122373,1,1,1995,0,0,0,0,0,0,0,0,0,0
122373,2,1,1995,0,0,0,0,0,0,0,0,0,0
122374,0,1,1995,0,0,0,0,0,0,0,0,0,0
122374,1,1,1995,0,0,0,0,0,0,0,0,20,0
122375,0,1,1995,0,0,0,0,0,0,0,0,0,0
122375,0,2,1995,0,19,0,19,0,0,26,14,0,15
122375,1,1,1995,0,0,7,0,0,0,0,8,0,0
122376,0,1,1995,0,0,0,0,0,0,0,0,0,0
122376,0,2,1995,0,0,0,0,0,0,0,0,0,0
122376,0,3,1995,0,0,0,0,0,0,11,0,0,21
122376,1,1,1995,0,0,0,0,0,0,0,0,0,0
122377,1,1,1995,0,11,0,0,0,25,0,12,12,0
122377,2,1,1995,26,26,26,26,26,26,26,26,26,26
122378,0,1,1995,0,18,0,0,0,0,0,0,0,0
122378,1,1,1995,0,0,0,0,12,29,0,0,22,0
122379,0,1,1995,37,37,37,37,37,37,37,37,37,37
122379,1,1,1995,0,0,0,0,0,0,0,0,0,0
122380,0,1,1995,0,0,0,0,0,0,0,0,0,0
122380,1,1,1995,10,10,10,10,10,10,10,10,10,10
122381,0,1,1995,0,0,0,0,0,0,0,0,0,0
122381,1,1,1995,6,6,6,6,6,6,6,6,6,6
122381,2,1,1995,0,0,0,0,0,0,0,0,0,11
122382,1,1,1995,0,10,0,0,0,0,0,0,14,0
122382,2,1,1995,0,0,0,0,0,0,0,0,0,0
122383,0,1,1995,21,21,21,21,21,21,21,21,21,21
122383,1,1,1995,12,12,12,12,12,12,12,12,12,12
122384,1,1,1995,0,0,0,0,0,0,0,11,0,0
122384,2,1,1995,10,0,26,0,0,0,13,0,0,15
122385,1,1,1995,4,4,4,4,4,4,4,4,4,4
122386,1,1,1995,16,16,16,16,16,16,16,16,16,16
122387,0,1,1995,0,0,0,0,0,0,0,0,0,0
122387,1,1,1995,0,0,0,0,0,0,0,0,0,0
122388,1,1,1995,3,4,0,24,23,0,12,11,22,16
122389,1,1,1995,0,0,0,0,0,0,0,0,0,0
122389,2,1,1995,0,0,0,0,0,0,0,0,0,0
122390,0,1,1995,0,0,0,0,0,0,0,0,0,0
122390,1,1,1995,0,0,0,0,0,0,0,0,0,0
122391,1,1,1995,0,0,0,0,17,0,0,0,0,0
122391,2,1,1995,0,0,0,0,0,0,0,0,0,0
122392,1,1,1995,0,0,0,0,17,0,0,28,17,0
122393,1,1,1995,0,0,0,0,0,0,0,0,0,0
122393,2,1,1995,0,0,0,0,0,0,0,0,0,0
122394,0,1,1995,23,0,0,0,0,0,0,0,0,0
122394,1,1,1995,0,0,0,0,0,0,0,0,0,0
122395,1,1,1995,5,5,12,14,3,13,16,6,0,5
122395,2,1,1995,0,0,0,0,0,0,0,0,0,0
122396,0,1,1995,0,0,0,0,0,0,0,0,0,0
122396,1,1,1995,9,15,0,14,14,35,0,0,24,6
122397,1,1,1995,5,5,5,5,5,5,5,5,5,5
122397,2,1,1995,0,0,17,0,0,0,0,12,0,0
122398,1,1,1995,0,0,0,0,7,0,0,0,0,0
122399,0,1,1995,0,0,0,0,0,0,0,0,0,0
122399,1,1,1995,0,0,0,0,0,0,0,0,0,0
122400,1,1,1995,0,0,0,0,0,0,0,0,0,0
122400,2,1,1995,0,0,0,0,0,0,0,0,0,0
122401,0,1,1995,28,15,0,0,31,20,29,0,20,13
122401,1,1,1995,0,16,0,0,0,0,0,9,0,0
122402,1,1,1995,0,0,0,0,0,0,0,0,10,0
122402,2,1,1995,0,0,0,15,22,11,6,0,0,0
122403,0,1,1995,32,0,0,0,0,0,0,0,0,0
122403,1,1,1995,0,0,0,0,0,0,0,0,0,0
122405,1,1,1995,25,18,12,0,7,25,21,13,13,24
122406,1,1,1995,0,0,0,0,0,0,0,0,0,0
122406,2,1,1995,0,0,0,0,0,0,9,0,16,0
122406,3,1,1995,0,0,0,0,13,0,0,0,0,0
122407,1,1,1995,0,0,0,17,0,0,0,0,0,0
122407,2,1,1995,0,0,0,0,0,0,0,0,0,0
122408,1,1,1995,12,12,12,12,12,12,12,12,12,12
122409,1,1,1995,0,0,0,0,0,0,0,0,0,0
122409,2,1,1995,0,0,0,5,19,0,0,0,0,0
122410,1,1,1995,0,0,0,0,0,0,0,0,0,0
122410,2,1,1995,0,0,0,0,0,0,0,0,0,0
122411,0,1,1995,0,0,0,24,0,12,0,0,0,0
122411,1,1,1995,0,14,0,17,18,12,15,29,10,27
122412,0,1,1995,0,0,0,0,0,0,0,0,0,0