ST_CASE,VEH_NO,PER_NO,YEAR,P1,P2,P3,P4,P5,P6,P7,P8,P9,P10
170294,1,1,1995,21,21,21,21,21,21,21,21,21,21
170295,1,1,1995,0,0,0,0,0,0,0,0,0,0
170296,1,1,1995,4,4,4,4,4,4,4,4,4,4
170297,1,1,1995,6,6,6,6,6,6,6,6,6,6
170297,2,1,1995,9,7,10,13,19,9,29,15,23,21
170298,0,1,1995,7,7,7,7,7,7,7,7,7,7
170298,1,1,1995,0,0,0,0,0,0,0,0,0,0
170299,1,1,1995,21,21,21,21,21,21,21,21,21,21
170300,1,1,1995,0,0,0,0,0,0,0,0,0,0
170300,2,1,1995,0,0,0,0,0,0,0,0,0,0
170301,0,1,1995,31,31,31,31,31,31,31,31,31,31
170301,1,1,1995,0,0,0,0,0,0,0,0,0,0
170302,1,1,1995,14,14,14,14,14,14,14,14,14,14
170303,1,1,1995,19,19,19,19,19,19,19,19,19,19
170303,2,1,1995,0,0,0,0,0,0,0,0,0,0
170303,3,1,1995,0,0,0,0,0,0,0,0,0,0
170303,4,1,1995,0,0,0,0,0,0,0,0,0,0
170303,5,1,1995,0,0,0,0,0,0,0,0,0,0
170304,1,1,1995,8,8,8,8,8,8,8,8,8,8
170305,0,1,1995,0,0,0,0,0,0,0,0,0,0
170305,1,1,1995,0,0,0,0,0,0,0,0,0,0
170306,1,1,1995,0,0,0,0,0,0,0,0,0,0
170307,1,1,1995,0,0,0,0,0,0,0,0,0,0
170308,1,1,1995,0,0,0,0,0,0,0,0,0,0
170308,2,1,1995,0,0,0,0,0,0,0,0,0,0
170308,3,1,1995,0,0,0,0,0,0,0,0,0,0
170309,1,1,1995,26,26,26,26,26,26,26,26,26,26
170310,1,1,1995,0,0,0,0,0,0,0,0,0,0
170311,1,1,1995,0,0,0,0,0,0,0,0,0,0
170311,2,1,1995,0,0,0,0,0,0,0,0,0,0
170312,1,1,1995,19,0,0,0,0,0,0,8,0,0
170313,1,1,1995,14,14,14,14,14,14,14,14,14,14
170314,1,1,1995,0,0,0,0,0,0,0,0,0,0
170314,2,1,1995,0,0,0,0,0,0,14,0,0,0
170315,1,1,1995,21,21,21,21,21,21,21,21,21,21
170316,1,1,1995,18,18,18,18,18,18,18,18,18,18
170317,1,1,1995,0,0,0,0,0,0,0,0,0,0
170317,2,1,1995,0,0,0,0,0,0,0,0,0,0
170318,1,1,1995,9,9,9,9,9,9,9,9,9,9
170318,2,1,1995,0,0,0,0,0,0,0,0,0,0
170318,3,1,1995,0,0,0,0,0,0,8,0,0,0
170318,4,1,1995,0,0,0,0,0,0,0,0,0,0
170318,5,1,1995,0,0,0,0,0,0,0,0,0,0
170318,6,1,1995,9,0,0,0,9,0,0,0,0,0
170319,0,1,1995,0,0,0,0,0,0,0,0,0,0
170319,1,1,1995,0,0,0,0,0,0,0,0,0,0
170320,1,1,1995,1,1,1,1,1,1,1,1,1,1
170320,2,1,1995,0,0,0,0,0,0,0,0,0,0
170321,1,1,1995,25,25,25,25,25,25,25,25,25,25
170321,2,1,1995,0,12,0,0,0,13,5,0,0,11
170322,1,1,1995,0,0,0,0,0,0,0,0,0,0
170322,2,1,1995,0,0,0,0,0,0,0,0,0,0
170323,1,1,1995,6,6,6,6,6,6,6,6,6,6
170323,2,1,1995,0,4,11,0,0,0,0,0,0,0
170323,3,1,1995,0,0,0,0,0,0,0,0,0,0
170324,1,1,1995,0,0,0,0,0,0,0,0,0,0
170325,1,1,1995,23,23,23,23,23,23,23,23,23,23
170326,1,1,1995,14,14,14,14,14,14,14,14,14,14
170327,1,1,1995,0,0,0,0,0,0,0,0,0,0
170327,2,1,1995,0,0,0,0,0,0,0,0,0,0
170327,3,1,1995,0,0,0,0,0,0,0,0,0,0
170328,1,1,1995,12,12,12,12,12,12,12,12,12,12
170329,1,1,1995,9,9,9,9,9,9,9,9,9,9
170330,1,1,1995,0,0,0,0,0,0,0,0,0,0
170331,1,1,1995,0,0,0,0,0,0,0,0,0,0
170331,2,1,1995,0,0,0,0,0,0,0,0,0,0
170332,1,1,1995,0,0,0,0,0,0,0,0,0,0
170332,2,1,1995,0,0,0,0,0,0,0,12,0,0
170333,1,1,1995,0,0,0,0,0,0,0,0,0,0
170333,2,1,1995,0,0,0,0,0,0,0,0,0,0
170334,0,1,1995,27,42,17,9,15,25,23,12,9,24
170334,1,1,1995,0,0,0,0,0,0,0,0,0,0
170335,1,1,1995,0,0,0,0,0,0,0,0,0,0
170336,1,1,1995,0,0,0,0,0,0,0,0,0,0
170336,2,1,1995,0,0,0,0,0,0,0,0,0,0
170337,1,1,1995,0,0,0,0,0,0,0,0,0,0
170337,2,1,1995,0,0,0,0,0,0,0,0,0,0
170338,1,1,1995,14,14,14,14,14,14,14,14,14,14
170339,1,1,1995,15,15,15,15,15,15,15,15,15,15
170340,1,1,1995,0,0,0,0,0,0,0,0,0,0
170340,2,1,1995,0,0,0,0,0,0,0,0,0,0
170341,1,1,1995,25,25,25,25,25,25,25,25,25,25
170342,1,1,1995,15,15,15,15,15,15,15,15,15,15
170343,1,1,1995,29,29,29,29,29,29,29,29,29,29
170344,1,1,1995,28,16,19,22,35,28,3,11,29,5
170345,1,1,1995,11,11,11,11,11,11,11,11,11,11
170346,1,1,1995,0,0,0,0,0,0,0,0,0,0
170346,2,1,1995,0,0,0,0,0,0,0,0,0,0
170346,3,1,1995,0,0,0,0,0,0,0,0,0,0
170347,1,1,1995,26,26,26,26,26,26,26,26,26,26
170348,1,1,1995,0,0,0,0,0,0,0,0,0,0
170348,2,1,1995,3,0,0,0,0,0,0,0,0,0
170349,1,1,1995,15,15,15,15,15,15,15,15,15,15
170349,2,1,1995,0,0,0,0,0,0,0,0,0,0
170349,3,1,1995,0,0,0,0,10,0,0,0,0,0
170350,1,1,1995,0,0,0,0,0,0,0,0,0,0
170351,1,1,1995,0,0,0,0,0,0,0,0,0,0
170351,2,1,1995,0,0,0,0,0,0,0,0,0,0
170352,1,1,1995,0,0,0,0,0,0,0,0,0,0
170352,2,1,1995,0,0,0,0,0,0,0,0,0,0
170353,1,1,1995,0,0,0,0,0,0,0,0,0,0
170354,1,1,1995,8,8,8,8,8,8,8,8,8,8
170355,1,1,1995,25,25,25,25,25,25,25,25,25,25
170356,1,1,1995,0,0,0,0,0,0,0,0,0,0
170356,2,1,1995,0,0,0,0,0,0,0,0,0,0
170357,1,1,1995,0,0,0,0,0,0,0,0,0,0
170357,2,1,1995,0,0,0,0,0,0,0,0,0,0
170358,1,1,1995,0,0,0,0,0,0,0,0,0,0
170358,2,1,1995,0,0,0,0,0,0,0,0,0,0
170359,0,1,1995,0,0,0,0,0,0,0,0,0,0
170359,1,1,1995,0,0,0,0,0,0,0,0,0,0
170360,1,1,1995,0,0,0,0,5,0,0,0,0,0
170360,2,1,1995,0,0,0,0,0,0,0,0,0,0
170361,0,1,1995,0,0,0,0,0,0,0,0,0,0
170361,1,1,1995,0,0,0,0,0,0,0,0,0,0
170362,1,1,1995,0,0,0,0,0,0,0,0,0,0
170362,2,1,1995,15,15,15,15,15,15,15,15,15,15
170363,1,1,1995,14,14,14,14,14,14,14,14,14,14
170364,1,1,1995,20,20,20,20,20,20,20,20,20,20
170364,2,1,1995,0,0,0,0,0,0,0,0,0,0
170364,3,1,1995,0,0,0,0,0,0,0,0,0,0
170365,1,1,1995,9,9,9,9,9,9,9,9,9,9
170365,2,1,1995,0,0,0,0,0,0,0,0,0,0
170366,1,1,1995,0,0,0,0,0,0,0,0,0,0
170367,1,1,1995,37,37,37,37,37,37,37,37,37,37
170367,2,1,1995,0,7,0,0,0,0,16,0,0,0
170368,1,1,1995,16,16,16,16,16,16,16,16,16,16
170369,1,1,1995,29,29,29,29,29,29,29,29,29,29
170370,0,1,1995,25,25,25,25,25,25,25,25,25,25
170370,1,1,1995,0,0,0,0,0,0,0,0,0,0
170371,1,1,1995,0,0,0,0,0,0,0,0,0,0
170372,1,1,1995,25,25,25,25,25,25,25,25,25,25
170373,1,1,1995,0,0,0,0,0,0,0,0,0,0
170374,0,1,1995,0,0,0,0,0,0,0,0,0,0
170374,1,1,1995,5,0,0,0,0,0,0,0,0,0
170374,2,1,1995,0,0,0,0,0,0,0,0,0,0
170375,1,1,1995,0,0,0,0,0,0,0,0,0,0
170376,1,1,1995,0,0,0,0,0,0,0,0,0,0
170376,2,1,1995,0,0,0,0,0,0,0,0,0,0
170377,1,1,1995,38,38,38,38,38,38,38,38,38,38
170378,1,1,1995,0,0,0,0,0,0,0,0,0,0
170378,2,1,1995,0,0,0,0,0,0,0,0,0,0
170379,1,1,1995,0,0,0,0,0,0,0,0,0,0
170379,2,1,1995,5,5,5,5,5,5,5,5,5,5
170380,1,1,1995,0,0,0,0,0,0,0,0,0,0
170380,2,1,1995,0,0,0,0,0,0,0,0,0,0
170381,1,1,1995,0,0,0,0,0,0,0,0,0,0
170381,2,1,1995,1,1,1,1,1,1,1,1,1,1
170382,1,1,1995,0,0,0,0,0,0,0,0,0,0
170383,1,1,1995,0,0,0,0,0,0,0,0,0,0
170383,2,1,1995,0,0,0,0,0,0,0,0,0,0
170384,1,1,1995,0,0,0,0,0,0,0,0,0,0
170385,0,1,1995,26,26,26,26,26,26,26,26,26,26
170385,1,1,1995,0,0,0,0,0,0,0,0,0,0
170386,1,1,1995,16,16,16,16,16,16,16,16,16,16
170387,1,1,1995,25,25,25,25,25,25,25,25,25,25
170388,1,1,1995,12,12,12,12,12,12,12,12,12,12
170389,0,1,1995,13,13,13,13,13,13,13,13,13,13
170389,1,1,1995,0,0,0,0,14,8,14,0,16,0
170390,1,1,1995,0,0,0,0,0,0,0,0,0,0
170391,1,1,1995,0,0,0,0,0,0,0,0,0,0
170391,2,1,1995,0,0,0,0,0,0,0,0,0,0
170391,3,1,1995,0,0,0,0,0,0,0,0,0,0
170391,4,1,1995,0,0,0,0,0,0,0,0,0,0
170392,0,2,1995,0,0,0,0,6,15,28,0,0,0
170392,1,1,1995,0,0,0,0,0,0,0,0,0,0
170393,1,1,1995,0,14,0,0,0,0,0,0,0,0
170393,2,1,1995,0,0,0,0,0,0,0,0,0,0
170394,1,1,1995,0,0,0,0,0,0,0,0,0,0
170394,2,1,1995,0,0,0,0,0,0,0,0,0,0
170395,1,1,1995,0,0,0,0,0,0,8,0,0,0
170395,2,1,1995,0,0,0,0,0,0,0,0,0,0
170396,1,1,1995,0,0,0,0,0,0,0,0,0,0
170396,2,1,1995,0,0,0,0,0,0,0,0,0,0
170397,1,1,1995,19,19,19,19,19,19,19,19,19,19
170398,1,1,1995,0,0,0,0,0,0,0,0,0,0
170398,2,1,1995,0,0,0,0,0,0,0,0,0,0
170398,3,1,1995,0,0,0,0,0,0,0,0,0,0
170398,4,1,1995,0,0,0,0,0,0,0,0,0,0
170399,1,1,1995,0,0,0,0,0,0,0,0,0,0
170399,2,1,1995,0,0,0,0,0,0,0,0,0,0
170400,1,1,1995,0,0,0,0,0,0,0,0,0,0
170400,2,1,1995,0,0,0,0,0,0,0,0,0,0
170400,3,1,1995,0,0,0,0,0,0,0,0,0,0
170400,4,1,1995,0,0,0,0,0,0,0,0,0,0
170401,1,1,1995,0,0,0,0,0,0,0,0,0,0
170402,1,1,1995,26,26,26,26,26,26,26,26,26,26
170403,0,1,1995,0,0,0,0,0,0,0,0,0,0
170403,1,1,1995,0,0,0,0,0,0,0,0,0,0
170404,1,1,1995,0,0,0,0,0,0,0,0,0,0
170405,1,1,1995,16,16,16,16,16,16,16,16,16,16
170405,2,1,1995,0,21,0,0,0,0,0,0,0,0
170406,1,1,1995,12,12,12,12,12,12,12,12,12,12
170407,1,1,1995,0,0,0,0,0,0,0,0,0,0
170407,2,1,1995,0,0,0,0,0,0,0,0,0,0
170408,1,1,1995,0,0,0,0,0,0,0,0,0,0
170409,1,1,1995,0,0,0,0,0,15,0,0,0,0
170409,2,1,1995,0,22,18,10,5,19,17,8,16,22
170410,1,1,1995,4,4,4,4,4,4,4,4,4,4
170411,1,1,1995,0,0,0,0,0,0,0,0,0,0
170412,1,1,1995,0,0,0,0,0,0,0,0,0,0
170412,2,1,1995,0,0,0,0,0,0,0,0,0,0
170412,3,1,1995,0,0,0,0,0,0,0,0,0,0
170413,1,1,1995,0,0,0,0,0,0,0,0,0,0
170413,2,1,1995,0,0,14,0,0,0,0,0,0,0
170414,0,1,1995,0,0,0,0,0,0,0,0,0,0
170414,1,1,1995,9,0,0,0,0,0,0,0,0,0
170415,1,1,1995,0,0,0,0,0,0,0,0,0,0
170417,1,1,1995,0,0,0,0,0,14,0,0,0,0
170418,1,1,1995,0,0,0,0,0,0,0,0,0,0
170418,2,1,1995,0,0,0,0,0,0,0,0,0,0
170419,1,1,1995,0,0,0,0,0,0,0,0,0,0
170420,1,1,1995,0,0,0,0,0,0,0,0,0,0
170421,1,1,1995,0,0,0,0,0,0,0,3,0,0
170421,2,1,1995,0,0,0,0,0,0,0,0,0,0
170422,0,1,1995,0,0,0,0,0,0,0,0,0,0
170422,1,1,1995,7,25,0,0,0,0,0,0,0,0
170423,1,1,1995,16,16,16,16,16,16,16,16,16,16
170424,1,1,1995,0,0,0,0,0,0,0,0,0,0
170425,1,1,1995,0,0,0,0,0,0,0,0,0,0
170425,2,1,1995,0,0,0,0,0,0,0,0,0,0
170426,1,1,1995,14,14,14,14,14,14,14,14,14,14
170427,1,1,1995,0,0,0,0,0,0,0,0,0,0
170427,2,1,1995,0,0,0,0,0,0,0,0,0,18
170428,1,1,1995,21,21,21,21,21,21,21,21,21,21
170428,2,1,1995,0,0,0,0,0,0,0,0,0,0
170429,1,1,1995,0,0,0,0,0,0,0,0,0,0
170431,1,1,1995,0,0,0,0,0,0,0,0,0,0
170431,2,1,1995,0,0,0,0,0,0,0,0,0,0
170432,0,1,1995,0,0,0,0,0,0,0,0,0,0
170432,1,1,1995,0,0,0,0,0,0,0,0,6,0
170433,1,1,1995,0,0,0,0,0,0,0,0,0,0
170433,2,1,1995,0,0,0,3,0,0,0,0,5,0
170434,1,1,1995,0,0,0,0,0,0,0,0,0,0
170435,1,1,1995,0,0,0,0,0,0,0,0,0,0
170435,2,1,1995,0,0,0,0,0,0,0,8,0,0
170435,3,1,1995,0,0,0,0,0,0,0,0,0,0
170436,0,1,1995,32,32,32,32,32,32,32,32,32,32
170436,1,1,1995,0,0,7,0,0,10,0,0,8,0
170437,1,1,1995,0,0,0,0,0,0,0,0,0,0
170437,2,1,1995,0,0,0,0,0,0,0,0,0,0
170438,1,1,1995,0,0,0,0,0,0,0,0,0,0
170438,2,1,1995,0,0,0,0,0,0,0,0,0,0
170439,1,1,1995,0,0,0,0,0,0,0,0,0,0
170440,1,1,1995,0,0,0,0,0,0,0,0,0,0
170440,2,1,1995,0,0,0,0,0,0,0,0,0,0
170441,1,1,1995,22,22,22,22,22,22,22,22,22,22
170441,2,1,1995,0,0,0,0,0,0,0,0,0,0
170441,3,1,1995,0,0,0,0,0,0,0,0,0,0
170441,4,1,1995,0,0,0,0,0,0,0,0,0,0
170442,0,1,1995,0,0,0,0,0,0,0,0,0,0
170442,1,1,1995,0,0,0,0,0,0,0,0,0,17
170443,0,1,1995,18,18,18,18,18,18,18,18,18,18
170443,1,1,1995,14,14,14,14,14,14,14,14,14,14
170444,0,1,1995,0,0,0,0,0,0,0,0,0,0
170444,1,1,1995,0,14,0,0,0,0,0,0,0,0
170445,1,1,1995,24,24,24,24,24,24,24,24,24,24
170445,2,1,1995,0,0,0,0,0,0,0,0,0,0
170446,1,1,1995,0,0,0,0,0,0,0,0,0,0
170446,2,1,1995,0,0,0,0,0,0,0,0,0,0
170446,3,1,1995,0,0,0,0,0,0,0,0,0,0
170447,1,1,1995,0,0,0,0,0,0,0,0,0,0
170447,2,1,1995,0,0,0,0,0,0,0,0,0,0
170448,1,1,1995,0,0,0,0,0,0,0,0,0,0
170449,1,1,1995,8,8,8,8,8,8,8,8,8,8
170450,1,1,1995,0,0,0,0,0,0,0,0,0,0
170450,2,1,1995,0,0,0,0,16,0,3,0,0,0
170451,1,1,1995,0,0,0,0,0,0,0,0,0,0
170451,2,1,1995,0,0,0,0,0,0,0,0,0,0
170452,1,1,1995,0,0,0,9,0,0,0,0,0,0
170452,2,1,1995,2,6,0,0,0,13,9,0,0,0
170453,1,1,1995,0,0,0,0,0,0,0,0,0,0
170453,2,1,1995,0,0,0,0,0,0,0,0,0,0
170454,1,1,1995,22,22,22,22,22,22,22,22,22,22
170455,1,1,1995,0,0,0,0,0,0,0,0,0,0
170456,1,1,1995,0,0,0,0,0,0,0,0,0,0
170457,1,1,1995,0,0,0,0,0,0,0,0,0,0
170457,2,1,1995,0,0,0,0,0,0,0,0,0,0
170458,0,1,1995,0,0,0,0,0,0,0,0,0,0
170458,1,1,1995,0,0,0,0,0,0,0,0,0,0
170459,1,1,1995,3,3,3,3,3,3,3,3,3,3
170459,2,1,1995,0,0,0,0,0,0,0,0,0,0
170460,1,1,1995,1,1,1,1,1,1,1,1,1,1
170460,2,1,1995,0,0,0,0,0,0,0,0,0,0
170461,1,1,1995,0,0,0,0,0,0,0,0,0,0
170461,2,1,1995,0,0,0,0,0,0,0,0,0,0
170462,1,1,1995,0,0,0,0,0,0,0,0,0,0
170463,1,1,1995,0,0,0,9,0,0,0,0,0,0
170464,1,1,1995,22,22,22,22,22,22,22,22,22,22
170465,1,1,1995,0,0,0,0,0,0,0,0,0,0
170465,2,1,1995,0,0,0,0,0,0,0,0,0,0
170466,1,1,1995,0,0,0,0,0,0,0,0,0,0
170466,2,1,1995,0,0,0,0,0,0,0,0,0,0
170467,0,1,1995,0,0,0,0,0,0,0,0,0,0
170467,1,1,1995,0,0,0,0,0,0,8,0,0,0
170468,1,1,1995,15,15,15,15,15,15,15,15,15,15
170469,1,1,1995,0,0,0,0,0,0,0,0,0,0
170469,2,1,1995,0,0,0,0,0,0,0,0,0,0
170470,0,1,1995,0,0,0,0,0,0,0,0,0,0
170470,1,1,1995,0,0,0,0,0,0,0,0,0,0
170472,1,1,1995,0,0,0,0,0,0,0,0,0,0
170472,2,1,1995,0,0,0,0,0,0,0,0,0,0
170473,1,1,1995,17,17,17,17,17,17,17,17,17,17
170473,2,1,1995,0,0,0,0,0,0,0,0,0,0
170473,3,1,1995,0,0,0,0,0,0,0,0,0,0
170474,1,1,1995,24,24,24,24,24,24,24,24,24,24
170475,1,1,1995,17,14,25,18,25,16,21,15,18,20
170475,2,1,1995,0,0,0,14,0,0,0,0,0,0
170476,1,1,1995,0,0,0,0,0,0,0,0,0,0
170476,2,1,1995,0,0,0,0,0,0,0,0,0,0
170477,1,1,1995,0,0,0,0,0,0,0,0,0,0
170477,2,1,1995,0,0,13,0,0,0,0,0,0,0
170478,0,1,1995,24,19,0,0,0,31,21,0,0,0
170478,1,1,1995,0,0,0,0,0,0,15,24,0,0
170479,0,1,1995,0,0,0,0,0,0,0,0,0,0
170479,1,1,1995,0,0,0,0,0,0,0,0,0,0
170480,1,1,1995,0,0,0,0,0,0,0,0,0,0
170480,2,1,1995,0,0,0,0,0,0,0,0,0,0
170481,1,1,1995,0,0,0,0,0,0,0,0,0,0
170481,2,1,1995,0,0,0,0,0,0,0,0,0,0
170481,3,1,1995,0,0,0,0,0,0,0,0,0,0
170482,1,1,1995,0,0,0,0,0,0,0,0,0,0
170482,2,1,1995,0,0,0,0,0,0,0,0,0,0
170483,1,1,1995,0,0,0,0,0,0,0,0,0,0
170484,1,1,1995,0,0,0,0,0,0,0,0,0,0
170484,2,1,1995,0,0,0,0,0,0,0,0,0,0
170485,1,1,1995,0,0,0,0,0,0,0,0,0,0
170485,2,1,1995,0,0,0,0,0,0,0,0,0,0
170486,1,1,1995,0,0,0,0,0,0,0,0,0,0
170486,2,1,1995,0,0,0,0,0,0,0,0,0,0
170487,1,1,1995,0,0,0,0,0,0,0,0,0,0
170487,2,1,1995,0,0,0,0,0,0,0,0,0,0
170488,1,1,1995,35,35,35,35,35,35,35,35,35,35
170489,1,1,1995,0,0,0,0,0,0,0,0,0,0
170489,2,1,1995,2,2,2,2,2,2,2,2,2,2
170490,1,1,1995,15,15,15,15,15,15,15,15,15,15
170490,2,1,1995,5,14,0,0,0,0,0,0,0,16
170490,3,1,1995,0,0,0,0,0,0,0,0,0,0
170491,1,1,1995,26,26,26,26,26,26,26,26,26,26
170491,2,1,1995,0,0,0,0,0,0,0,0,0,0
170491,3,1,1995,7,0,0,0,0,0,0,0,0,0
170491,4,1,1995,0,0,0,0,0,0,0,0,0,0
170492,1,1,1995,0,0,0,0,0,0,0,0,0,0
170493,1,1,1995,0,0,0,0,0,0,0,0,0,0
170493,2,1,1995,0,0,0,0,0,0,0,0,0,0
170494,1,1,1995,20,20,20,20,20,20,20,20,20,20
170495,1,1,1995,0,0,0,0,0,0,0,0,0,0
170495,2,1,1995,0,0,0,0,0,0,0,0,0,0
170496,1,1,1995,23,23,23,23,23,23,23,23,23,23
170497,1,1,1995,4,4,4,4,4,4,4,4,4,4
170498,1,1,1995,0,0,22,7,0,0,0,0,0,0
170498,2,1,1995,27,27,27,27,27,27,27,27,27,27
170499,1,1,1995,0,0,0,0,0,0,0,0,0,0
170499,2,1,1995,0,0,0,0,0,0,0,17,0,0
170499,3,1,1995,0,0,0,0,0,0,0,0,0,0
170500,1,1,1995,20,20,20,20,20,20,20,20,20,20
170503,1,1,1995,0,0,0,0,0,0,0,0,0,0
170503,2,1,1995,0,0,0,0,0,0,0,0,0,0
170504,1,1,1995,17,17,17,17,17,17,17,17,17,17
170504,2,1,1995,0,0,0,0,0,0,0,0,0,0
170505,1,1,1995,0,0,0,0,0,0,0,0,0,0
170505,2,1,1995,0,0,0,0,0,0,0,0,0,0
170506,0,1,1995,14,14,14,14,14,14,14,14,14,14
170506,1,1,1995,0,0,0,0,0,0,0,0,0,0
170506,2,1,1995,0,0,0,0,0,0,0,0,0,0
170507,0,1,1995,5,5,5,5,5,5,5,5,5,5
170507,1,1,1995,26,26,26,26,26,26,26,26,26,26
170507,2,1,1995,0,6,0,0,0,0,0,0,0,0
170508,1,1,1995,0,0,0,0,0,0,0,0,0,0
170509,1,1,1995,0,12,0,0,0,0,0,0,0,0
170509,2,1,1995,0,0,0,0,0,0,0,0,0,0
170510,0,1,1995,0,0,0,0,0,0,0,0,0,0
170510,1,1,1995,0,0,0,0,0,0,0,0,0,0
170511,1,1,1995,0,14,0,0,0,0,0,0,0,0
170512,1,1,1995,0,0,0,0,0,0,0,0,0,0
170512,2,1,1995,0,0,5,0,0,0,0,0,0,0
170513,1,1,1995,25,25,25,25,25,25,25,25,25,25
170514,1,1,1995,0,0,0,0,0,0,0,0,0,0
170514,2,1,1995,0,0,0,0,0,0,0,0,0,0
170515,0,1,1995,0,0,0,0,0,0,0,0,0,0
170515,1,1,1995,0,0,0,0,0,0,0,0,0,0
170516,1,1,1995,0,0,0,0,0,0,0,0,0,0
170518,1,1,1995,0,0,0,15,0,0,0,0,6,0
170519,1,1,1995,0,0,0,0,0,0,0,0,0,0
170520,1,1,1995,0,0,0,0,0,0,0,0,0,0
170520,2,1,1995,14,14,14,14,14,14,14,14,14,14
170521,1,1,1995,0,0,0,0,0,0,0,0,0,0
170521,2,1,1995,0,0,0,0,0,0,0,0,0,0
170522,1,1,1995,0,0,0,0,0,0,0,0,0,0
170522,2,1,1995,0,0,0,0,0,0,0,0,0,0
170523,1,1,1995,23,23,23,23,23,23,23,23,23,23
170523,2,1,1995,0,0,17,0,22,0,12,0,0,0
170524,1,1,1995,0,0,0,13,11,0,0,16,0,13
170524,2,1,1995,0,0,0,0,0,0,0,0,0,0
170525,1,1,1995,0,0,0,0,0,0,0,0,0,0
170525,2,1,1995,0,0,0,0,0,0,0,0,0,0
170526,1,1,1995,0,0,0,0,0,0,0,0,0,0
170526,2,1,1995,0,0,0,0,0,0,0,0,0,0
170527,0,1,1995,0,0,0,0,0,0,0,0,0,0
170527,1,1,1995,0,0,0,0,0,0,18,0,0,0
170528,1,1,1995,32,32,32,32,32,32,32,32,32,32
170529,1,1,1995,19,19,19,19,19,19,19,19,19,19
170530,0,1,1995,33,33,33,33,33,33,33,33,33,33
170530,1,1,1995,0,0,0,0,0,0,0,0,0,0
170531,1,1,1995,0,18,0,13,0,0,0,0,0,0
170531,2,1,1995,0,0,0,0,0,0,0,0,0,0
170532,1,1,1995,0,0,0,0,0,0,0,0,0,0
170532,2,1,1995,0,0,0,0,0,0,0,0,0,0
170533,1,1,1995,0,0,0,0,0,0,0,0,0,0
170534,1,1,1995,0,0,0,0,0,0,0,0,0,0
170534,2,1,1995,0,0,0,0,0,0,0,0,0,0
170535,0,1,1995,0,0,0,0,0,0,0,0,0,0
170535,1,1,1995,0,0,0,0,0,0,0,0,0,0
170536,1,1,1995,0,0,0,0,0,0,0,0,0,0
170536,2,1,1995,0,0,0,0,0,0,0,0,0,0
170537,0,1,1995,0,0,0,0,0,0,0,0,0,0
170537,1,1,1995,33,0,0,0,0,0,0,0,0,14
170537,2,1,1995,0,0,0,0,0,0,0,0,0,0
170537,3,1,1995,0,0,0,0,0,0,0,0,0,0
170538,1,1,1995,27,27,27,27,27,27,27,27,27,27
170538,2,1,1995,0,0,13,0,0,0,0,0,0,0
170538,3,1,1995,0,0,0,0,0,0,0,0,0,0
170539,1,1,1995,0,0,0,0,0,0,0,0,0,0
170540,1,1,1995,0,0,0,0,0,0,0,0,0,0
170540,2,1,1995,0,0,0,0,0,0,0,0,0,0
170541,0,1,1995,12,9,24,10,5,26,29,12,18,0
170541,0,2,1995,16,0,0,0,0,0,0,0,0,30
170541,1,1,1995,0,0,10,0,0,0,0,0,0,0
170542,0,1,1995,0,0,0,0,0,0,0,0,0,0
170542,1,1,1995,0,14,0,14,16,15,23,8,0,0
170543,1,1,1995,29,0,20,15,26,0,0,34,18,22
170544,1,1,1995,0,0,0,0,0,0,18,8,22,0
170544,2,1,1995,3,0,0,0,8,0,0,0,0,0
170545,1,1,1995,0,0,0,0,0,8,0,18,0,0
170546,0,1,1995,0,0,0,0,0,0,0,0,0,0
170546,1,1,1995,0,0,0,0,0,0,0,0,0,0
170547,1,1,1995,0,0,0,0,0,0,0,0,0,0
170547,2,1,1995,0,0,0,0,0,0,0,0,0,0
170548,1,1,1995,0,0,0,0,0,0,0,0,0,0
170548,2,1,1995,0,0,0,0,0,0,0,0,0,0
170549,1,1,1995,24,24,24,24,24,24,24,24,24,24
170549,2,1,1995,0,0,0,0,0,0,0,0,19,0
170551,1,1,1995,0,0,0,0,0,0,0,0,0,0
170552,0,1,1995,26,26,26,26,26,26,26,26,26,26
170552,1,1,1995,0,0,0,0,0,0,0,0,0,0
170553,1,1,1995,0,0,0,0,0,0,0,0,0,0
170553,2,1,1995,0,0,0,0,0,0,0,0,0,0
170554,1,1,1995,8,8,8,8,8,8,8,8,8,8
170554,2,1,1995,0,0,0,0,0,0,0,0,0,0
170555,1,1,1995,20,20,20,20,20,20,20,20,20,20
170555,2,1,1995,0,7,19,0,13,3,17,11,31,14
170556,0,1,1995,0,0,0,0,0,0,0,0,0,0
170556,1,1,1995,26,26,26,26,26,26,26,26,26,26
170557,1,1,1995,0,0,0,0,0,8,0,0,0,0
170557,2,1,1995,0,0,0,0,0,0,0,0,0,0
170557,3,1,1995,0,0,0,0,0,0,0,0,0,0
170558,1,1,1995,9,9,9,9,9,9,9,9,9,9
170559,1,1,1995,0,0,0,0,0,0,0,0,0,0
170559,2,1,1995,1,1,1,1,1,1,1,1,1,1
170560,1,1,1995,0,0,0,0,0,0,0,0,0,0
170560,2,1,1995,0,0,0,0,0,13,0,0,0,0
170561,0,1,1995,0,0,0,0,0,0,0,0,0,0
170561,1,1,1995,0,0,0,0,0,0,0,0,0,0
170562,1,1,1995,31,31,31,31,31,31,31,31,31,31