ST_CASE,VEH_NO,PER_NO,YEAR,P1,P2,P3,P4,P5,P6,P7,P8,P9,P10
170822,2,1,1995,0,0,0,0,0,0,0,0,0,2
170823,1,1,1995,0,0,0,0,0,0,0,0,0,0
170823,2,1,1995,0,0,0,0,0,0,0,0,0,0
170824,0,1,1995,6,0,31,0,0,0,0,20,24,0
170824,0,2,1995,0,0,0,0,0,0,0,0,0,0
170824,1,1,1995,3,3,3,3,3,3,3,3,3,3
170825,1,1,1995,19,19,19,19,19,19,19,19,19,19
170825,2,1,1995,0,0,0,0,0,0,0,0,0,0
170826,1,1,1995,0,0,0,0,0,0,0,0,0,0
170827,1,1,1995,18,18,18,18,18,18,18,18,18,18
170828,1,1,1995,0,29,24,0,23,0,0,0,0,0
170828,2,1,1995,0,0,0,0,0,0,0,0,0,0
170829,1,1,1995,2,2,2,2,2,2,2,2,2,2
170830,1,1,1995,0,0,0,0,0,0,0,0,0,0
170831,1,1,1995,0,0,0,0,0,0,0,0,0,0
170831,2,1,1995,0,0,0,0,0,0,0,0,0,0
170832,1,1,1995,0,0,0,0,0,0,0,0,0,0
170832,2,1,1995,0,0,0,0,0,0,0,0,0,0
170833,1,1,1995,14,14,14,14,14,14,14,14,14,14
170833,2,1,1995,20,0,0,0,0,0,0,0,0,0
170833,3,1,1995,0,0,0,0,0,0,0,0,0,0
170834,1,1,1995,14,14,14,14,14,14,14,14,14,14
170835,1,1,1995,0,0,0,0,0,0,0,0,0,0
170835,2,1,1995,0,0,0,0,0,0,0,0,0,0
170835,3,1,1995,0,0,0,0,0,0,0,0,0,0
170836,1,1,1995,17,0,0,0,0,0,0,0,0,0
170836,2,1,1995,0,0,0,0,0,0,0,0,0,0
170837,1,1,1995,0,0,0,0,0,0,0,0,0,0
170838,1,1,1995,0,0,0,0,0,0,0,0,0,0
170838,2,1,1995,0,0,0,0,0,0,0,0,0,0
170839,1,1,1995,0,0,0,0,0,0,0,0,0,0
170839,2,1,1995,0,0,0,0,0,0,0,0,0,0
170840,1,1,1995,0,0,0,0,0,0,0,0,0,0
170840,2,1,1995,0,0,0,0,0,0,0,0,0,0
170841,0,1,1995,5,5,5,5,5,5,5,5,5,5
170841,0,2,1995,0,0,0,22,0,0,0,0,27,0
170841,1,1,1995,0,0,0,0,0,0,0,0,0,0
170842,0,1,1995,0,0,0,0,0,0,0,0,0,0
170842,1,1,1995,0,0,0,0,0,0,0,0,0,0
170843,1,1,1995,26,26,26,26,26,26,26,26,26,26
170843,2,1,1995,16,0,0,0,0,0,0,0,0,0
170844,1,1,1995,0,0,0,0,0,0,0,0,0,0
170844,2,1,1995,0,0,0,0,0,0,0,0,0,0
170845,1,1,1995,0,0,0,0,0,20,0,0,0,0
170846,1,1,1995,12,12,12,12,12,12,12,12,12,12
170846,2,1,1995,0,0,0,0,0,0,0,0,0,0
170846,3,1,1995,0,0,0,0,10,0,0,0,0,0
170847,1,1,1995,13,13,13,13,13,13,13,13,13,13
170847,2,1,1995,0,16,8,13,19,18,0,12,18,8
170848,1,1,1995,0,0,0,0,0,0,0,0,0,0
170848,2,1,1995,0,0,0,0,21,0,0,0,0,0
170849,1,1,1995,0,0,0,0,0,0,0,0,0,0
170849,2,1,1995,0,0,0,0,0,0,0,0,0,25
170850,1,1,1995,0,0,0,0,0,0,0,0,0,0
170850,2,1,1995,0,0,0,0,0,0,0,0,0,0
170851,1,1,1995,13,13,13,13,13,13,13,13,13,13
170852,1,1,1995,0,0,0,0,0,0,0,0,0,0
170852,2,1,1995,0,0,0,0,0,0,0,0,0,0
170852,3,1,1995,0,0,0,0,0,0,0,0,0,0
170853,0,1,1995,0,0,0,0,0,0,22,0,11,0
170853,1,1,1995,0,0,0,0,0,0,0,0,0,0
170853,2,1,1995,0,0,0,0,0,0,0,0,0,0
170854,1,1,1995,21,21,21,21,21,21,21,21,21,21
170855,1,1,1995,16,0,0,0,5,10,0,28,6,23
170855,2,1,1995,15,15,15,15,15,15,15,15,15,15
170856,1,1,1995,52,52,52,52,52,52,52,52,52,52
170857,1,1,1995,27,2,15,22,32,19,15,18,40,18
170857,2,1,1995,0,0,0,0,0,0,0,0,0,0
170857,3,1,1995,0,0,0,0,0,0,0,0,0,3
170858,1,1,1995,0,14,0,13,0,0,25,0,13,0
170859,1,1,1995,0,0,0,0,0,0,0,0,0,0
170859,2,1,1995,0,0,0,0,0,0,0,0,0,0
170860,1,1,1995,0,0,0,0,0,0,0,0,0,11
170860,2,1,1995,0,0,0,0,0,0,0,0,0,0
170861,0,1,1995,6,6,6,6,6,6,6,6,6,6
170861,1,1,1995,0,22,0,16,0,14,14,0,26,29
170862,1,1,1995,0,0,0,0,0,0,0,0,0,0
170862,2,1,1995,0,0,0,0,0,0,0,0,0,0
170863,0,1,1995,0,0,0,0,0,0,0,0,0,0
170863,1,1,1995,21,0,0,38,0,20,0,13,0,0
170864,1,1,1995,22,22,22,22,22,22,22,22,22,22
170864,2,1,1995,0,0,0,0,0,0,0,0,0,0
170864,3,1,1995,0,0,0,0,0,0,0,0,0,0
170864,4,1,1995,0,0,0,0,0,0,0,0,0,0
170866,0,1,1995,21,21,21,21,21,21,21,21,21,21
170866,1,1,1995,0,0,0,0,0,0,0,0,0,0
170867,1,1,1995,19,19,19,19,19,19,19,19,19,19
170868,0,1,1995,17,17,17,17,17,17,17,17,17,17
170868,1,1,1995,0,0,0,0,0,0,0,0,0,0
170869,1,1,1995,15,15,15,15,15,15,15,15,15,15
170870,1,1,1995,0,0,0,0,0,0,0,0,0,0
170871,1,1,1995,0,0,0,0,0,0,0,0,0,0
170872,1,1,1995,0,0,0,0,0,0,0,0,0,0
170872,2,1,1995,0,0,0,0,0,0,0,0,0,0
170873,0,1,1995,0,0,0,0,0,0,0,0,0,0
170873,1,1,1995,0,0,0,0,0,0,0,0,0,0
170874,1,1,1995,23,23,23,23,23,23,23,23,23,23
170875,1,1,1995,0,0,0,0,0,0,0,0,0,0
170876,1,1,1995,8,8,8,8,8,8,8,8,8,8
170877,1,1,1995,11,11,11,11,11,11,11,11,11,11
170878,1,1,1995,0,0,0,0,0,0,0,0,0,0
170879,1,1,1995,25,25,25,25,25,25,25,25,25,25
170880,1,1,1995,0,0,0,0,0,0,0,0,0,0
170880,2,1,1995,0,0,0,0,0,0,0,0,0,0
170882,1,1,1995,18,0,0,0,24,31,9,14,21,26
170883,1,1,1995,0,0,0,0,0,0,0,0,0,0
170883,2,1,1995,0,0,0,0,0,0,0,0,0,0
170883,3,1,1995,0,0,0,0,0,0,0,0,0,0
170884,1,1,1995,0,0,0,0,0,0,0,0,0,0
170885,1,1,1995,0,0,0,0,0,0,0,0,0,0
170886,1,1,1995,23,23,23,23,23,23,23,23,23,23
170886,2,1,1995,0,0,0,0,0,0,0,0,0,0
170887,1,1,1995,26,26,26,26,26,26,26,26,26,26
170887,2,1,1995,0,0,0,0,0,0,0,0,0,0
170888,1,1,1995,0,0,0,0,0,0,0,0,0,0
170888,2,1,1995,0,0,0,0,0,0,0,0,0,0
170889,1,1,1995,7,7,8,0,0,28,9,20,10,0
170890,1,1,1995,19,19,19,19,19,19,19,19,19,19
170890,2,1,1995,0,0,0,0,0,0,0,0,0,0
170891,1,1,1995,0,0,0,0,0,0,0,0,0,0
170891,2,1,1995,0,0,0,10,0,0,0,0,0,0
170892,1,1,1995,26,26,26,26,26,26,26,26,26,26
170893,1,1,1995,0,25,0,0,0,0,20,0,10,0
170894,1,1,1995,42,42,42,42,42,42,42,42,42,42
170895,1,1,1995,15,15,15,15,15,15,15,15,15,15
170896,1,1,1995,0,0,0,0,0,0,0,0,0,0
170896,2,1,1995,0,0,0,0,0,0,0,0,0,0
170897,1,1,1995,14,14,14,14,14,14,14,14,14,14
170898,1,1,1995,24,24,24,24,24,24,24,24,24,24
170899,1,1,1995,18,18,18,18,18,18,18,18,18,18
170900,1,1,1995,0,0,0,0,0,0,0,0,0,0
170900,2,1,1995,0,10,0,0,0,0,0,0,0,0
170901,1,1,1995,20,20,20,20,20,20,20,20,20,20
170902,0,1,1995,0,0,0,0,0,0,0,0,0,0
170902,1,1,1995,0,0,0,0,0,0,0,0,0,0
170903,1,1,1995,22,22,22,22,22,22,22,22,22,22
170904,0,1,1995,0,0,0,0,0,0,0,0,0,0
170904,1,1,1995,0,0,0,0,0,0,0,0,0,0
170905,1,1,1995,18,18,18,18,18,18,18,18,18,18
170905,2,1,1995,0,0,0,0,0,0,0,0,0,0
170906,1,1,1995,24,24,24,24,24,24,24,24,24,24
170907,1,1,1995,0,0,0,0,0,0,0,0,0,0
170907,2,1,1995,0,0,0,0,0,0,0,0,0,0
170908,1,1,1995,0,0,0,0,0,0,0,0,0,0
170908,2,1,1995,0,0,0,0,0,0,0,0,0,0
170909,1,1,1995,0,0,0,0,0,0,0,0,0,0
170909,2,1,1995,0,0,0,0,0,0,0,0,8,0
170910,1,1,1995,16,29,18,20,0,11,18,29,13,15
170911,1,1,1995,0,0,0,0,0,0,0,0,0,0
170911,2,1,1995,0,0,0,0,0,0,0,0,0,0
170912,1,1,1995,0,0,0,0,0,0,0,0,0,0
170912,2,1,1995,0,0,0,0,0,0,0,0,0,0
170913,1,1,1995,12,12,12,12,12,12,12,12,12,12
170914,1,1,1995,21,0,0,0,0,0,0,0,0,0
170914,2,1,1995,0,0,0,0,0,0,0,0,0,0
170915,1,1,1995,3,3,3,3,3,3,3,3,3,3
170916,1,1,1995,23,23,23,23,23,23,23,23,23,23
170917,1,1,1995,0,0,0,0,0,0,0,0,0,0
170917,2,1,1995,0,0,0,0,0,0,0,0,0,0
170918,1,1,1995,0,0,0,0,0,0,0,0,0,0
170918,2,1,1995,0,0,0,0,0,0,9,0,0,0
170919,1,1,1995,0,0,0,0,0,0,0,0,0,0
170919,2,1,1995,0,0,0,0,0,0,0,0,11,0
170920,1,1,1995,0,0,0,0,0,0,0,0,0,0
170920,2,1,1995,0,0,0,0,0,0,0,0,0,0
170921,0,1,1995,0,0,0,0,0,0,0,0,0,0
170921,0,2,1995,21,0,6,16,0,16,10,21,0,14
170921,0,3,1995,5,0,12,31,28,0,10,20,0,8
170921,1,1,1995,0,0,0,0,0,0,0,0,0,0
170922,1,1,1995,0,0,0,0,0,0,0,0,0,0
170922,2,1,1995,0,0,0,0,0,0,0,0,0,0
170923,1,1,1995,26,26,26,26,26,26,26,26,26,26
170924,1,1,1995,29,29,29,29,29,29,29,29,29,29
170925,1,1,1995,0,0,0,0,0,0,0,0,0,0
170925,2,1,1995,0,0,0,0,0,5,0,0,0,2
170926,0,1,1995,0,0,0,0,0,0,0,0,0,0
170926,1,1,1995,0,0,0,0,0,0,0,0,0,0
170927,1,1,1995,0,0,0,0,0,0,0,0,0,0
170928,1,1,1995,0,0,0,0,0,0,0,0,0,0
170928,2,1,1995,0,0,0,0,0,0,0,0,0,0
170929,0,1,1995,0,0,0,0,0,0,0,0,0,0
170929,0,2,1995,22,0,0,0,16,27,16,12,0,0
170929,1,1,1995,0,25,0,0,10,0,17,16,0,0
170930,1,1,1995,0,0,0,0,0,0,0,0,0,0
170930,2,1,1995,0,0,0,0,0,0,0,0,0,0
170931,1,1,1995,16,16,16,16,16,16,16,16,16,16
170931,2,1,1995,0,0,0,0,0,0,0,0,0,0
170932,1,1,1995,0,0,0,0,0,0,0,0,0,0
170932,2,1,1995,0,0,0,0,0,0,0,0,0,0
170933,1,1,1995,13,13,13,13,13,13,13,13,13,13
170934,0,1,1995,0,4,34,0,0,0,9,24,13,0
170934,0,2,1995,0,0,0,0,0,0,0,0,0,0
170934,1,1,1995,0,0,0,0,0,0,0,30,0,0
170935,0,1,1995,0,0,0,0,0,0,0,0,0,0
170935,0,2,1995,0,0,0,0,0,0,0,0,0,0
170935,1,1,1995,18,18,18,18,18,18,18,18,18,18
170936,1,1,1995,12,12,12,12,12,12,12,12,12,12
170936,2,1,1995,0,0,0,0,0,0,0,0,0,0
170937,1,1,1995,1,1,1,1,1,1,1,1,1,1
170937,2,1,1995,0,0,0,0,0,0,0,0,0,0
170938,0,1,1995,0,0,0,0,0,0,0,0,0,0
170938,1,1,1995,0,0,0,0,0,0,0,0,0,0
170939,1,1,1995,0,0,0,0,0,0,0,0,0,0
170939,2,1,1995,0,0,0,0,0,0,0,0,0,0
170940,0,1,1995,59,59,59,59,59,59,59,59,59,59
170940,1,1,1995,19,7,14,7,11,23,4,17,0,16
170940,2,1,1995,0,0,0,0,0,0,0,0,0,0
170941,1,1,1995,12,16,14,27,20,12,19,18,11,7
170942,1,1,1995,14,14,14,14,14,14,14,14,14,14
170943,1,1,1995,12,12,12,12,12,12,12,12,12,12
170944,1,1,1995,31,31,31,31,31,31,31,31,31,31
170946,1,1,1995,0,0,0,0,0,0,0,0,0,0
170946,2,1,1995,0,0,0,0,0,0,0,0,0,0
170947,1,1,1995,9,9,9,9,9,9,9,9,9,9
170948,1,1,1995,0,0,0,0,0,0,0,0,0,0
170949,1,1,1995,3,3,3,3,3,3,3,3,3,3
170950,1,1,1995,0,4,12,19,15,0,0,16,5,11
170951,1,1,1995,0,0,0,0,0,0,0,0,0,0
170952,1,1,1995,29,29,29,29,29,29,29,29,29,29
170953,0,1,1995,0,0,0,0,0,0,0,0,0,0
170953,1,1,1995,0,0,0,0,0,0,0,0,0,0
170954,1,1,1995,0,0,0,0,0,0,0,0,0,0
170954,2,1,1995,0,0,0,0,0,0,0,0,0,0
170955,1,1,1995,0,0,0,0,0,0,0,0,0,0
170955,2,1,1995,0,0,0,0,0,0,0,0,0,0
170956,1,1,1995,0,0,0,0,0,0,0,0,0,0
170956,2,1,1995,0,0,0,0,0,0,0,0,0,0
170957,1,1,1995,0,0,0,0,0,0,0,0,0,0
170957,2,1,1995,0,0,0,0,0,0,0,0,0,0
170958,1,1,1995,9,4,0,0,0,0,0,0,0,0
170958,2,1,1995,0,0,0,0,0,0,0,0,0,0
170959,1,1,1995,0,0,0,0,0,0,0,0,0,0
170959,2,1,1995,0,0,0,0,0,0,0,0,0,0
170959,3,1,1995,0,0,0,0,0,0,0,0,0,0
170960,0,1,1995,0,0,0,0,0,0,0,0,0,0
170960,0,2,1995,18,0,0,0,17,0,0,15,0,0
170960,0,3,1995,0,0,0,0,0,0,0,0,0,0
170960,0,4,1995,0,0,0,0,0,0,0,0,0,0
170960,1,1,1995,13,13,13,13,13,13,13,13,13,13
170961,1,1,1995,0,0,0,0,0,0,0,0,0,0
170962,1,1,1995,0,0,0,0,0,0,0,0,0,0
170962,2,1,1995,0,0,0,0,0,0,0,0,0,0
170963,1,1,1995,29,29,29,29,29,29,29,29,29,29
170964,1,1,1995,0,0,0,0,0,0,0,0,0,0
170965,0,1,1995,0,0,0,0,0,0,0,0,0,0
170965,1,1,1995,0,0,0,0,0,0,0,0,0,0
170966,1,1,1995,0,0,0,0,0,0,0,0,0,0
170966,2,1,1995,0,0,0,0,0,0,0,0,0,0
170967,1,1,1995,0,0,0,0,0,0,0,0,0,0
170968,1,1,1995,0,0,0,0,0,0,0,0,0,0
170969,1,1,1995,0,0,0,0,0,0,0,0,0,0
170969,2,1,1995,0,0,0,0,0,0,0,0,0,0
170970,0,1,1995,0,0,0,0,0,0,0,0,0,0
170970,1,1,1995,0,0,0,0,0,0,0,0,0,0
170972,1,1,1995,11,11,11,11,11,11,11,11,11,11
170972,2,1,1995,0,0,0,0,0,0,0,0,0,0
170972,3,1,1995,0,0,0,0,0,0,0,0,0,0
170973,1,1,1995,17,17,17,17,17,17,17,17,17,17
170974,1,1,1995,16,16,16,16,16,16,16,16,16,16
170975,1,1,1995,0,0,0,0,0,0,0,0,0,0
170975,2,1,1995,0,0,0,0,0,0,0,0,0,0
170976,1,1,1995,24,24,24,24,24,24,24,24,24,24
170977,1,1,1995,0,0,0,0,0,0,0,0,0,0
170978,1,1,1995,10,10,10,10,10,10,10,10,10,10
170979,1,1,1995,0,0,0,0,0,0,0,0,0,0
170979,2,1,1995,0,0,0,0,0,0,0,0,0,0
170980,1,1,1995,17,17,17,17,17,17,17,17,17,17
170980,2,1,1995,0,0,0,0,0,0,0,0,0,0
170981,1,1,1995,0,0,0,0,0,0,0,0,0,0
170981,2,1,1995,0,0,0,0,0,0,0,0,0,0
170981,3,1,1995,0,0,0,0,0,0,0,0,0,0
170982,1,1,1995,0,0,0,0,0,0,0,0,0,0
170982,2,1,1995,0,0,0,0,0,0,0,0,0,0
170983,1,1,1995,0,0,0,0,0,0,0,0,0,0
170984,1,1,1995,21,21,21,21,21,21,21,21,21,21
170985,1,1,1995,23,23,23,23,23,23,23,23,23,23
170985,2,1,1995,0,0,0,0,0,0,0,4,0,0
170986,1,1,1995,10,10,10,10,10,10,10,10,10,10
170987,1,1,1995,17,17,17,17,17,17,17,17,17,17
170988,1,1,1995,0,0,0,0,0,0,0,0,0,0
170988,2,1,1995,0,0,0,0,0,0,0,0,0,0
170989,1,1,1995,0,0,0,0,0,0,0,0,0,0
170989,2,1,1995,0,0,0,0,0,0,0,0,0,0
170990,0,1,1995,0,0,0,0,0,0,0,0,0,0
170990,1,1,1995,0,0,0,0,0,0,0,0,0,0
170991,1,1,1995,0,0,0,0,0,0,0,0,0,0
170992,0,1,1995,0,0,0,0,0,0,0,0,0,0
170992,1,1,1995,0,0,0,0,0,18,16,21,0,0
170993,1,1,1995,0,0,0,0,0,0,0,0,0,0
170993,2,1,1995,12,12,12,12,12,12,12,12,12,12
170993,3,1,1995,0,0,0,0,0,0,0,0,0,0
170994,1,1,1995,6,6,6,6,6,6,6,6,6,6
170995,1,1,1995,26,26,26,26,26,26,26,26,26,26
170996,0,1,1995,0,0,0,0,0,0,0,0,0,0
170996,1,1,1995,0,0,0,0,0,0,0,0,0,0
170997,0,1,1995,0,0,0,0,0,0,0,0,0,0
170997,1,1,1995,0,0,0,0,0,0,0,0,0,0
170998,0,1,1995,0,0,0,0,0,0,0,0,0,0
170998,1,1,1995,0,0,0,0,0,0,0,0,0,0
170999,1,1,1995,0,0,0,0,0,0,0,0,0,0
170999,2,1,1995,0,0,0,0,0,0,0,0,0,0
170999,3,1,1995,18,0,0,0,0,0,0,0,0,0
171000,1,1,1995,0,0,24,0,0,0,0,0,0,0
171000,2,1,1995,26,17,11,12,20,11,16,0,21,27
171001,1,1,1995,0,0,0,0,0,0,0,0,0,0
171002,0,1,1995,23,23,23,23,23,23,23,23,23,23
171002,1,1,1995,0,0,0,0,0,0,0,0,0,0
171003,1,1,1995,0,1,0,0,0,0,0,0,0,0
171003,2,1,1995,0,0,0,0,0,0,0,0,0,0
171004,1,1,1995,0,0,0,0,0,0,0,0,0,0
171004,2,1,1995,0,0,0,0,0,0,0,0,0,0
171005,1,1,1995,0,0,0,0,0,0,0,0,0,0
171005,2,1,1995,0,0,0,0,0,0,0,0,0,0
171006,1,1,1995,17,17,17,17,17,17,17,17,17,17
171006,2,1,1995,0,0,0,0,0,0,0,0,0,0
171007,1,1,1995,0,0,0,0,0,0,0,0,0,0
171007,2,1,1995,0,0,0,0,0,0,0,0,0,0
171008,1,1,1995,0,19,0,0,0,0,0,0,0,0
171008,2,1,1995,0,0,0,0,0,0,0,0,0,0
171009,1,1,1995,0,0,0,0,0,0,0,0,0,0
171010,1,1,1995,16,16,16,16,16,16,16,16,16,16
171011,1,1,1995,0,0,0,0,0,0,0,0,0,0
171011,2,1,1995,0,0,0,0,0,0,0,0,0,0
171012,1,1,1995,0,0,0,0,0,0,0,0,0,0
171012,2,1,1995,0,0,0,0,0,2,0,0,0,0
171013,1,1,1995,0,0,0,0,0,0,0,0,0,0
171013,2,1,1995,0,0,0,0,0,0,0,0,0,0
171013,3,1,1995,0,0,0,0,0,0,0,0,0,0
171013,4,1,1995,0,0,0,0,0,0,0,0,0,0
171014,1,1,1995,0,0,0,0,0,0,0,0,0,0
171014,2,1,1995,0,0,0,0,0,0,0,0,0,0
171015,1,1,1995,14,14,14,14,14,14,14,14,14,14
171016,1,1,1995,0,0,0,0,0,0,0,0,0,0
171016,2,1,1995,0,0,0,0,0,0,0,0,0,0
171017,0,1,1995,0,0,0,0,0,0,0,0,0,0
171017,1,1,1995,0,0,0,0,0,0,0,0,10,0
171018,1,1,1995,0,0,10,0,0,0,0,21,0,0
171019,1,1,1995,14,14,14,14,14,14,14,14,14,14
171019,2,1,1995,24,24,24,24,24,24,24,24,24,24
171020,1,1,1995,17,17,17,17,17,17,17,17,17,17
171021,1,1,1995,17,17,17,17,17,17,17,17,17,17
171022,0,1,1995,0,0,0,0,0,0,0,0,0,0
171022,1,1,1995,4,4,4,4,4,4,4,4,4,4
171023,1,1,1995,0,0,0,0,0,0,0,0,0,0
171023,2,1,1995,20,20,20,20,20,20,20,20,20,20
171024,1,1,1995,30,30,30,30,30,30,30,30,30,30
171025,1,1,1995,27,27,27,27,27,27,27,27,27,27
171026,0,1,1995,0,0,0,0,0,0,0,0,0,0
171026,1,1,1995,0,0,0,0,0,0,0,0,0,0
171027,1,1,1995,0,0,0,0,0,0,0,0,0,0
171027,2,1,1995,0,0,0,0,0,0,0,0,0,0
171028,1,1,1995,0,0,0,0,0,0,0,0,0,0
171029,1,1,1995,19,19,19,19,19,19,19,19,19,19
171030,1,1,1995,0,0,0,0,0,0,0,0,0,0
171030,2,1,1995,0,0,0,0,0,0,0,0,0,0
171031,1,1,1995,13,13,13,13,13,13,13,13,13,13
171031,2,1,1995,0,0,0,0,0,0,0,0,0,0
171031,3,1,1995,0,0,0,0,0,0,0,0,0,0
171032,1,1,1995,0,0,0,0,0,0,0,0,0,0
171032,2,1,1995,0,0,0,0,0,0,0,0,0,0
171033,1,1,1995,0,0,0,0,0,0,0,0,0,0
171033,2,1,1995,40,10,20,13,13,23,19,9,10,8
171034,1,1,1995,0,0,0,0,0,0,0,0,0,0
171035,0,1,1995,35,35,35,35,35,35,35,35,35,35
171035,1,1,1995,17,0,8,0,8,22,13,0,19,22
171035,2,1,1995,0,17,11,12,0,0,0,15,6,0
171035,3,1,1995,23,0,12,23,26,16,19,0,17,14
171035,4,1,1995,0,0,0,0,0,0,0,0,0,0
171036,1,1,1995,16,16,16,16,16,16,16,16,16,16
171037,1,1,1995,23,23,23,23,23,23,23,23,23,23
171038,1,1,1995,23,23,23,23,23,23,23,23,23,23
171039,1,1,1995,0,0,0,0,0,0,0,0,0,0
171040,1,1,1995,0,0,0,0,0,0,0,0,0,0
171040,2,1,1995,0,0,0,0,0,0,0,0,0,0
171040,3,1,1995,5,0,0,0,0,0,0,0,0,0
171040,4,1,1995,0,0,0,0,0,0,0,0,0,0
171040,5,1,1995,0,0,0,0,0,0,0,0,0,0
171041,0,1,1995,0,26,18,0,17,0,0,19,0,20
171041,1,1,1995,6,6,6,6,6,6,6,6,6,6
171042,1,1,1995,0,0,0,0,0,0,0,0,0,0
171043,1,1,1995,16,16,16,16,16,16,16,16,16,16
171044,1,1,1995,22,22,22,22,22,22,22,22,22,22
171045,1,1,1995,21,21,21,21,21,21,21,21,21,21
171046,1,1,1995,27,27,27,27,27,27,27,27,27,27
171047,1,1,1995,0,0,0,0,0,0,0,0,0,0
171047,2,1,1995,0,0,0,0,0,0,0,0,0,0
171048,1,1,1995,0,0,0,0,0,0,0,0,0,0
171049,1,1,1995,0,0,0,0,0,0,0,0,0,0
171050,1,1,1995,19,19,19,19,19,19,19,19,19,19
171051,1,1,1995,16,16,16,16,16,16,16,16,16,16
171051,2,1,1995,0,0,0,0,0,0,0,0,0,0
171052,1,1,1995,0,0,0,0,0,0,0,0,0,0
171052,2,1,1995,0,0,0,0,0,0,0,0,0,0
171053,1,1,1995,0,0,0,0,0,0,0,0,0,0
171053,2,1,1995,0,0,0,0,0,0,0,0,0,0
171054,0,1,1995,29,29,29,29,29,29,29,29,29,29
171054,1,1,1995,36,36,36,36,36,36,36,36,36,36
171055,1,1,1995,0,0,0,0,0,0,0,0,0,0
171055,2,1,1995,0,0,0,0,0,0,0,0,0,0
171057,1,1,1995,0,0,0,0,0,0,0,0,0,0
171057,2,1,1995,0,0,0,0,0,0,0,0,0,0
171058,1,1,1995,0,0,0,0,0,0,0,0,0,0
171058,2,1,1995,0,0,0,0,0,0,0,0,0,0
171059,1,1,1995,0,0,0,0,0,0,0,0,0,0
171059,2,1,1995,0,0,0,0,0,0,0,10,0,0
171060,0,1,1995,26,26,26,26,26,26,26,26,26,26
171060,1,1,1995,0,0,0,0,0,0,0,0,0,0
171061,0,1,1995,0,0,0,0,0,0,0,0,0,0
171061,1,1,1995,0,0,0,0,0,0,0,0,0,0
171063,1,1,1995,0,0,0,0,0,0,0,0,0,8
171063,2,1,1995,2,2,2,2,2,2,2,2,2,2
171064,1,1,1995,26,26,26,26,26,26,26,26,26,26
171064,2,1,1995,0,0,0,0,0,0,0,0,0,0
171065,1,1,1995,0,0,0,0,0,0,0,0,0,0
171065,2,1,1995,0,0,0,0,0,0,0,0,0,0
171066,0,1,1995,0,0,0,0,0,0,0,0,0,0
171066,1,1,1995,0,0,0,0,0,0,0,0,0,0
171067,1,1,1995,0,0,0,0,0,0,0,0,0,0
171067,2,1,1995,0,0,0,0,0,0,0,0,0,0
171067,3,1,1995,0,0,0,0,0,0,0,0,0,0
171067,4,1,1995,0,0,0,0,0,0,0,0,0,0
171067,5,1,1995,0,0,0,0,0,0,0,0,0,0
171067,6,1,1995,0,0,0,0,0,0,0,0,0,0
171067,7,1,1995,0,0,0,0,0,0,0,0,0,0
171067,8,1,1995,0,0,0,0,0,0,0,0,0,0
171067,9,1,1995,9,0,0,0,7,0,0,0,0,0
171067,10,1,1995,0,0,0,0,0,0,0,0,0,0
171067,11,1,1995,0,0,0,0,0,0,0,0,3,0
171067,12,1,1995,0,0,0,0,0,0,0,0,0,0
171068,1,1,1995,29,29,29,29,29,29,29,29,29,29
171069,1,1,1995,0,0,0,0,0,0,0,0,0,0
171070,1,1,1995,0,0,0,0,0,0,0,0,0,0
171070,2,1,1995,0,0,0,0,0,0,0,0,0,0
171070,3,1,1995,0,0,0,0,0,0,0,0,19,0
171071,1,1,1995,18,18,18,18,18,18,18,18,18,18
171072,1,1,1995,0,0,0,0,0,0,0,0,0,0
171073,1,1,1995,24,24,24,24,24,24,24,24,24,24
171074,1,1,1995,14,14,14,14,14,14,14,14,14,14
171075,1,1,1995,24,24,24,24,24,24,24,24,24,24
171076,1,1,1995,6,13,8,10,9,14,32,15,6,2
171077,1,1,1995,0,0,0,0,0,15,0,0,0,0
171077,2,1,1995,17,17,17,17,17,17,17,17,17,17
171078,1,1,1995,0,0,0,0,0,0,0,0,0,0
171079,1,1,1995,0,0,0,0,0,0,0,0,0,0
171079,2,1,1995,0,0,0,0,0,0,0,0,0,0
171080,1,1,1995,0,0,0,0,0,0,0,0,0,0
171081,0,1,1995,0,0,0,0,0,0,0,0,0,0
171081,1,1,1995,0,0,0,0,0,0,0,0,0,0
171081,2,1,1995,0,0,0,0,0,0,0,0,0,0
171082,1,1,1995,0,0,0,0,0,0,0,0,0,0
171083,1,1,1995,24,24,24,24,24,24,24,24,24,24
171084,0,1,1995,2,2,2,2,2,2,2,2,2,2
171084,1,1,1995,0,18,0,15,0,9,0,0,0,0
171085,1,1,1995,37,37,37,37,37,37,37,37,37,37
171086,1,1,1995,22,22,22,22,22,22,22,22,22,22
171086,2,1,1995,0,0,0,0,0,0,0,0,0,0
171087,1,1,1995,17,17,17,17,17,17,17,17,17,17