ST_CASE,VEH_NO,PER_NO,YEAR,P1,P2,P3,P4,P5,P6,P7,P8,P9,P10
171373,2,1,1995,15,15,15,15,15,15,15,15,15,15
171374,1,1,1995,19,0,0,0,0,0,0,0,0,0
171374,2,1,1995,11,11,11,11,11,11,11,11,11,11
171375,1,1,1995,0,0,0,0,0,0,0,0,0,0
171375,2,1,1995,0,0,0,0,0,0,0,0,0,0
171376,1,1,1995,17,17,17,17,17,17,17,17,17,17
171377,1,1,1995,0,0,0,0,0,0,0,0,0,0
171377,2,1,1995,0,0,0,0,0,0,0,0,0,0
171378,1,1,1995,0,0,0,0,0,0,0,0,0,0
171378,2,1,1995,0,0,0,0,0,0,0,0,0,0
171379,1,1,1995,21,21,21,21,21,21,21,21,21,21
171379,2,1,1995,0,0,0,0,0,0,0,0,0,0
171380,1,1,1995,30,30,30,30,30,30,30,30,30,30
171381,1,1,1995,0,0,0,0,0,0,0,0,19,0
171381,2,1,1995,0,0,0,0,0,0,0,0,20,0
171382,1,1,1995,0,0,0,0,0,0,0,0,0,0
171382,2,1,1995,0,0,0,0,0,0,0,0,0,0
171383,1,1,1995,0,0,0,0,0,0,0,0,0,0
171384,1,1,1995,23,23,23,23,23,23,23,23,23,23
171385,1,1,1995,8,8,8,8,8,8,8,8,8,8
171386,1,1,1995,27,0,16,13,14,21,21,0,25,25
171387,1,1,1995,4,4,4,4,4,4,4,4,4,4
171388,1,1,1995,0,0,0,0,0,0,0,0,13,0
171388,2,1,1995,0,0,0,0,0,0,15,0,0,18
171388,3,1,1995,0,0,0,0,0,0,0,0,0,0
171389,1,1,1995,0,0,0,0,0,0,0,0,0,0
171389,2,1,1995,0,0,0,0,0,0,0,0,0,0
171390,1,1,1995,13,13,13,13,13,13,13,13,13,13
171390,2,1,1995,0,0,0,0,0,0,0,0,0,0
171391,1,1,1995,0,0,0,0,0,0,0,0,0,0
171391,2,1,1995,0,0,0,0,0,0,0,0,0,0
171392,1,1,1995,0,0,0,0,0,0,0,0,0,0
171393,0,1,1995,0,0,0,0,0,0,0,0,0,0
171393,1,1,1995,0,0,0,0,0,0,6,0,0,0
171394,1,1,1995,3,21,32,8,16,18,39,15,14,16
171395,1,1,1995,0,0,0,0,0,0,0,0,0,0
171395,2,1,1995,0,0,0,0,0,0,0,0,0,0
171395,3,1,1995,0,0,0,0,0,0,0,0,0,0
171396,0,1,1995,0,0,0,0,0,0,0,0,0,0
171396,0,2,1995,0,0,0,0,0,0,0,0,0,0
171396,1,1,1995,0,0,0,0,0,0,0,0,0,0
171397,1,1,1995,0,0,0,0,0,0,0,0,0,0
171397,2,1,1995,0,0,0,0,0,0,0,0,0,0
171398,1,1,1995,0,0,0,0,0,0,0,0,0,0
171398,2,1,1995,0,0,0,0,0,0,0,0,0,0
171399,1,1,1995,4,17,19,14,24,7,17,32,14,12
171400,1,1,1995,0,0,0,0,0,0,0,0,0,0
171401,1,1,1995,0,0,0,0,0,0,0,0,0,0
171401,2,1,1995,0,0,0,0,0,0,0,0,0,0
171402,0,1,1995,17,17,17,17,17,17,17,17,17,17
171402,1,1,1995,0,0,0,0,0,0,0,0,0,0
171403,1,1,1995,0,0,0,0,0,0,0,0,0,0
171404,1,1,1995,16,16,16,16,16,16,16,16,16,16
171405,1,1,1995,0,0,0,0,0,0,0,0,0,0
171405,2,1,1995,0,0,0,0,0,0,0,0,0,0
171406,0,1,1995,10,10,10,10,10,10,10,10,10,10
171406,1,1,1995,0,0,0,8,8,17,22,18,0,0
171407,0,1,1995,0,0,0,0,0,0,0,0,0,0
171407,1,1,1995,0,0,0,0,0,7,0,0,0,0
171408,1,1,1995,7,7,7,7,7,7,7,7,7,7
171409,1,1,1995,0,0,0,0,0,0,0,16,0,0
171409,2,1,1995,0,0,0,0,0,0,0,0,0,0
171410,1,1,1995,0,0,0,0,0,0,0,0,0,0
171412,1,1,1995,17,19,24,15,24,24,21,28,24,13
171413,1,1,1995,15,15,15,15,15,15,15,15,15,15
171413,2,1,1995,1,1,1,1,1,1,1,1,1,1
171414,1,1,1995,31,31,31,31,31,31,31,31,31,31
171415,1,1,1995,28,0,17,14,13,14,8,8,20,14
171416,1,1,1995,0,0,0,0,0,0,5,16,0,12
171416,2,1,1995,0,0,0,0,0,10,0,0,0,0
171417,1,1,1995,26,26,26,26,26,26,26,26,26,26
171417,2,1,1995,15,15,15,15,15,15,15,15,15,15
171418,1,1,1995,0,0,0,0,0,0,0,0,0,0
171419,1,2,1995,28,28,28,28,28,28,28,28,28,28
171420,1,1,1995,0,0,0,0,0,0,0,0,0,0
171420,2,1,1995,0,0,0,0,0,0,0,0,0,0
171421,1,1,1995,0,0,0,0,0,0,0,0,0,0
171421,2,1,1995,0,0,0,0,0,0,19,0,0,0
171422,1,1,1995,0,0,0,0,0,0,0,0,0,0
171422,2,1,1995,0,0,0,0,0,0,0,0,0,0
171423,0,1,1995,5,5,5,5,5,5,5,5,5,5
171423,1,1,1995,0,0,0,0,0,0,0,0,0,0
171424,1,1,1995,0,0,0,0,0,0,0,0,0,0
171425,1,1,1995,20,13,0,19,0,21,22,0,10,13
171426,1,1,1995,0,0,0,0,0,0,0,0,0,0
171427,1,1,1995,14,19,0,15,11,21,4,13,12,15
171427,2,1,1995,5,5,5,5,5,5,5,5,5,5
171428,1,1,1995,41,41,41,41,41,41,41,41,41,41
171429,1,1,1995,11,11,11,11,11,11,11,11,11,11
171430,1,1,1995,0,0,0,0,0,0,0,0,0,0
171431,1,1,1995,2,2,2,2,2,2,2,2,2,2
171432,1,1,1995,0,0,0,0,0,0,0,0,0,0
171433,1,1,1995,0,0,0,0,0,0,0,0,0,0
171434,0,1,1995,18,0,14,9,28,8,24,8,6,23
171434,1,1,1995,0,0,0,0,0,0,0,0,0,0
171435,1,1,1995,0,0,0,11,14,0,12,15,13,0
171436,0,1,1995,12,12,12,12,12,12,12,12,12,12
171436,1,1,1995,0,0,12,4,0,0,0,12,0,14
180001,1,1,1995,19,19,19,19,19,19,19,19,19,19
180002,1,1,1995,0,0,0,0,0,0,0,0,0,0
180002,2,1,1995,5,5,5,5,5,5,5,5,5,5
180003,1,1,1995,0,0,0,23,0,0,0,0,0,10
180003,2,1,1995,0,0,0,0,0,0,0,0,0,0
180004,1,1,1995,34,34,34,34,34,34,34,34,34,34
180005,1,1,1995,0,0,20,0,0,0,0,0,0,0
180005,2,1,1995,0,0,0,0,0,0,0,0,0,0
180006,1,1,1995,18,18,18,18,18,18,18,18,18,18
180007,1,1,1995,0,0,0,0,0,0,0,0,0,0
180007,2,1,1995,0,0,0,0,0,0,0,0,0,0
180008,1,1,1995,0,0,0,0,0,0,0,0,0,0
180009,1,1,1995,0,0,0,0,0,0,0,0,0,0
180010,1,1,1995,0,0,0,0,0,0,0,0,0,0
180011,1,1,1995,0,0,0,0,0,0,0,0,0,0
180011,2,1,1995,0,0,0,0,0,0,0,0,0,0
180012,1,1,1995,0,0,0,0,0,0,0,0,0,0
180012,2,1,1995,0,0,0,0,0,0,0,0,0,0
180013,1,1,1995,0,0,0,0,0,0,0,0,0,0
180013,2,1,1995,0,0,0,0,0,0,0,0,0,0
180014,1,1,1995,0,0,0,0,0,0,0,0,0,0
180015,1,1,1995,0,0,0,0,0,0,0,0,0,0
180015,2,1,1995,0,0,0,0,0,0,0,0,0,0
180015,3,1,1995,0,0,0,0,0,0,0,0,0,0
180016,1,1,1995,0,0,0,0,0,0,0,0,0,0
180016,2,1,1995,0,0,0,0,0,0,0,0,0,0
180017,1,1,1995,0,0,0,0,0,0,0,0,0,0
180017,2,1,1995,0,0,0,0,0,0,0,0,0,0
180017,3,1,1995,0,0,0,0,0,0,0,0,0,0
180018,1,1,1995,12,12,12,12,12,12,12,12,12,12
180018,2,1,1995,0,0,0,0,0,0,0,0,0,0
180019,1,1,1995,0,0,0,0,0,0,0,0,0,0
180020,1,1,1995,0,0,0,0,0,0,0,0,0,0
180020,2,1,1995,0,0,0,0,0,0,0,0,0,0
180021,1,1,1995,0,0,0,0,0,0,0,0,7,0
180021,2,1,1995,0,0,0,0,0,0,0,0,0,0
180021,3,1,1995,0,0,0,0,0,0,0,0,0,0
180022,1,1,1995,0,0,0,0,0,0,0,0,0,0
180023,1,1,1995,28,28,28,28,28,28,28,28,28,28
180024,1,1,1995,0,0,0,0,0,0,0,0,0,0
180025,1,1,1995,0,0,0,0,0,0,0,0,0,0
180025,2,1,1995,0,0,0,0,0,0,0,0,0,0
180026,1,1,1995,14,27,0,0,0,0,0,0,0,0
180027,1,1,1995,21,21,21,21,21,21,21,21,21,21
180027,2,1,1995,0,0,0,0,0,0,0,0,0,0
180028,1,1,1995,15,15,15,15,15,15,15,15,15,15
180029,1,1,1995,0,0,0,0,0,0,0,0,0,0
180029,2,1,1995,0,0,0,0,0,0,0,0,0,0
180030,0,1,1995,9,9,9,9,9,9,9,9,9,9
180030,1,1,1995,2,2,2,2,2,2,2,2,2,2
180031,1,1,1995,19,19,19,19,19,19,19,19,19,19
180032,1,1,1995,17,0,0,0,0,0,0,0,0,0
180033,1,1,1995,18,18,18,18,18,18,18,18,18,18
180034,1,1,1995,23,23,23,23,23,23,23,23,23,23
180035,0,1,1995,0,0,0,0,0,0,0,0,0,0
180035,1,1,1995,0,0,0,0,0,0,0,0,3,0
180036,1,1,1995,0,0,0,0,0,0,0,18,0,0
180037,1,1,1995,14,14,14,14,14,14,14,14,14,14
180038,1,1,1995,24,24,24,24,24,24,24,24,24,24
180039,1,1,1995,0,0,0,0,23,0,0,0,0,0
180039,2,1,1995,0,0,0,0,0,0,0,0,0,0
180039,3,1,1995,0,0,0,0,0,0,0,0,0,0
180040,1,1,1995,0,0,0,0,0,0,0,0,0,0
180040,2,1,1995,0,0,0,0,0,0,0,0,0,0
180041,1,1,1995,17,17,17,17,17,17,17,17,17,17
180042,1,1,1995,0,0,0,0,0,0,0,0,0,0
180042,2,1,1995,0,0,0,0,0,0,0,0,0,0
180043,1,1,1995,13,13,13,13,13,13,13,13,13,13
180044,1,1,1995,0,0,0,0,0,0,0,0,0,0
180044,2,1,1995,0,0,0,0,0,0,0,0,0,0
180045,1,1,1995,0,0,0,0,0,0,0,0,0,0
180045,2,1,1995,0,0,0,0,0,0,0,0,0,0
180046,1,1,1995,0,12,0,0,15,21,14,0,11,18
180047,1,1,1995,0,0,0,0,0,0,0,0,0,0
180047,2,1,1995,0,0,0,0,0,0,0,0,0,0
180048,1,1,1995,0,0,0,0,0,0,0,0,0,0
180048,2,1,1995,0,0,0,0,0,0,0,0,0,0
180048,3,1,1995,0,0,0,0,0,0,0,0,0,0
180049,1,1,1995,0,0,0,0,0,0,0,0,0,0
180050,1,1,1995,0,0,0,0,0,0,0,8,0,0
180051,1,1,1995,0,0,0,0,5,0,0,0,0,0
180051,2,1,1995,0,0,0,0,0,0,0,0,0,0
180052,1,1,1995,0,0,0,0,0,0,0,0,0,0
180052,2,1,1995,0,0,0,0,0,0,0,0,0,0
180052,3,1,1995,0,0,0,0,0,0,0,0,0,0
180052,4,1,1995,0,0,0,0,0,0,0,0,0,0
180053,1,1,1995,17,17,17,17,17,17,17,17,17,17
180054,0,1,1995,2,2,2,2,2,2,2,2,2,2
180054,1,1,1995,0,0,0,0,0,0,0,0,0,0
180055,1,1,1995,28,28,28,28,28,28,28,28,28,28
180055,2,1,1995,0,0,0,0,0,0,11,0,0,0
180057,1,1,1995,0,0,0,0,0,14,0,13,0,9
180058,1,1,1995,0,0,0,0,0,0,0,0,0,0
180058,2,1,1995,0,0,0,0,0,0,0,0,0,0
180059,1,1,1995,20,20,16,33,26,20,13,15,9,24
180060,1,1,1995,0,0,0,0,0,0,0,0,0,0
180061,1,1,1995,0,0,0,0,0,0,0,0,0,0
180061,2,1,1995,0,0,0,0,0,0,0,0,0,0
180061,3,1,1995,0,0,0,0,0,0,0,0,0,0
180061,4,1,1995,0,0,0,0,0,0,0,0,0,0
180062,1,1,1995,21,21,21,21,21,21,21,21,21,21
180062,2,1,1995,0,0,0,0,0,0,0,0,0,0
180063,1,1,1995,0,0,0,0,0,0,0,0,0,0
180063,2,1,1995,0,0,0,0,0,0,0,0,0,0
180063,3,1,1995,0,0,0,0,0,0,0,0,0,0
180064,1,1,1995,0,0,0,0,0,0,0,0,0,0
180064,2,1,1995,0,0,0,0,0,0,0,0,0,0
180065,1,1,1995,0,0,0,0,0,0,0,0,0,0
180065,2,1,1995,0,0,0,0,0,0,0,0,0,0
180066,1,1,1995,0,0,0,0,0,0,0,0,0,0
180067,1,1,1995,0,0,0,0,0,0,0,0,0,0
180067,2,1,1995,0,0,0,0,0,0,0,0,0,0
180068,1,1,1995,5,5,5,5,5,5,5,5,5,5
180069,1,1,1995,27,27,27,27,27,27,27,27,27,27
180070,1,1,1995,0,0,0,0,0,0,0,0,0,0
180070,2,1,1995,0,0,0,0,0,0,0,0,0,0
180070,3,1,1995,0,0,0,0,0,0,0,0,0,0
180071,1,1,1995,0,0,0,0,0,0,0,0,0,0
180071,2,1,1995,0,0,0,0,0,0,0,0,0,0
180072,1,1,1995,0,0,0,0,0,0,0,0,0,0
180072,2,1,1995,0,0,0,0,0,0,0,0,0,0
180073,1,1,1995,0,0,0,0,0,0,0,0,0,0
180074,0,1,1995,0,0,0,0,0,0,0,0,0,0
180074,1,1,1995,2,16,10,14,27,10,19,16,21,20
180075,1,1,1995,0,0,0,0,0,0,0,0,0,0
180075,2,1,1995,0,0,0,0,0,0,0,0,0,0
180076,1,1,1995,0,0,0,0,0,0,0,0,0,0
180077,1,1,1995,0,0,0,0,0,0,0,0,0,0
180078,1,1,1995,8,8,8,8,8,8,8,8,8,8
180079,1,1,1995,0,0,0,0,0,0,0,0,0,0
180080,1,1,1995,37,37,37,37,37,37,37,37,37,37
180081,1,1,1995,0,0,0,0,0,0,0,0,0,0
180081,2,1,1995,0,0,0,0,0,0,0,0,0,0
180082,1,1,1995,0,0,0,0,0,0,0,0,0,0
180082,2,1,1995,0,0,0,0,0,0,0,0,0,0
180083,1,1,1995,29,29,29,29,29,29,29,29,29,29
180084,1,1,1995,28,28,28,28,28,28,28,28,28,28
180084,2,1,1995,0,0,0,0,0,0,0,0,0,0
180085,1,1,1995,20,20,20,20,20,20,20,20,20,20
180086,1,1,1995,0,0,0,0,0,0,0,0,0,0
180086,2,1,1995,0,0,0,0,0,0,0,0,0,0
180087,1,1,1995,0,0,0,0,0,0,0,0,0,0
180088,0,1,1995,0,0,0,0,0,0,0,0,0,0
180088,0,2,1995,15,15,15,15,15,15,15,15,15,15
180088,1,1,1995,0,0,14,0,14,12,0,0,0,0
180089,1,1,1995,21,21,21,21,21,21,21,21,21,21
180090,1,1,1995,0,0,0,0,0,0,0,0,0,0
180090,2,1,1995,15,15,15,15,15,15,15,15,15,15
180091,1,1,1995,0,0,0,0,0,0,0,0,0,0
180091,2,1,1995,0,0,0,0,0,0,0,0,0,0
180092,0,1,1995,23,3,21,0,38,18,21,29,17,0
180092,1,1,1995,0,0,0,0,0,0,0,0,0,0
180093,1,1,1995,0,0,0,0,0,0,0,0,0,0
180093,2,1,1995,0,0,0,0,0,0,0,0,0,0
180093,3,1,1995,0,0,0,0,0,0,0,0,0,0
180094,1,1,1995,0,0,0,0,0,0,0,0,0,0
180094,2,1,1995,0,0,0,0,0,0,0,0,0,0
180095,1,1,1995,0,0,0,0,0,0,0,0,0,0
180095,2,1,1995,0,0,0,0,0,0,0,0,0,0
180096,1,1,1995,0,0,0,0,0,0,0,0,0,0
180096,2,1,1995,23,0,0,0,11,0,0,0,0,0
180097,1,1,1995,0,0,0,0,0,0,0,0,0,0
180098,1,1,1995,0,0,0,0,0,0,0,0,0,0
180098,2,1,1995,0,0,0,0,0,0,0,0,0,0
180099,1,1,1995,0,0,0,0,0,0,0,0,0,0
180099,2,1,1995,0,0,0,0,0,0,0,0,0,0
180100,1,1,1995,0,0,0,0,0,0,0,0,0,0
180101,1,1,1995,10,13,6,9,11,9,9,9,9,13
180102,1,1,1995,0,0,0,0,0,0,0,0,0,0
180102,2,1,1995,0,0,0,0,0,0,0,0,0,0
180103,1,1,1995,0,0,0,0,0,0,0,0,0,0
180103,2,1,1995,0,0,0,0,0,0,0,0,0,0
180103,3,1,1995,0,0,0,0,0,0,0,0,0,0
180104,1,1,1995,7,25,25,0,33,11,20,12,0,24
180105,1,1,1995,13,20,4,19,11,14,9,23,25,10
180106,1,1,1995,0,0,0,0,0,0,0,0,0,0
180107,0,1,1995,0,0,0,0,0,0,0,0,0,0
180107,1,1,1995,0,0,0,0,0,0,0,0,0,0
180108,1,1,1995,21,21,21,21,21,21,21,21,21,21
180109,1,1,1995,21,21,21,21,21,21,21,21,21,21
180110,1,1,1995,0,0,0,0,0,0,0,0,0,0
180110,2,1,1995,0,0,0,0,0,0,0,0,0,0
180111,1,1,1995,7,7,7,7,7,7,7,7,7,7
180111,2,1,1995,0,0,0,0,0,0,0,0,0,0
180112,1,1,1995,0,0,0,0,0,0,0,0,0,0
180112,2,1,1995,0,0,0,0,0,0,0,0,0,0
180113,1,1,1995,20,20,20,20,20,20,20,20,20,20
180114,1,1,1995,0,0,0,0,0,0,0,0,0,0
180114,2,1,1995,0,0,0,0,0,0,0,0,0,0
180115,1,1,1995,28,28,28,28,28,28,28,28,28,28
180116,1,1,1995,25,25,25,25,25,25,25,25,25,25
180117,1,1,1995,0,0,0,0,0,0,0,0,0,0
180118,1,1,1995,0,0,0,0,0,0,0,0,0,0
180119,1,1,1995,19,19,19,19,19,19,19,19,19,19
180120,1,1,1995,23,23,23,23,23,23,23,23,23,23
180121,1,1,1995,22,22,22,22,22,22,22,22,22,22
180122,1,1,1995,0,0,0,0,0,0,0,0,0,0
180123,1,1,1995,0,0,0,0,0,0,0,0,0,0
180123,2,1,1995,0,0,0,0,0,0,0,0,0,0
180123,3,1,1995,0,0,0,0,0,0,0,0,0,0
180124,1,1,1995,13,13,13,13,13,13,13,13,13,13
180125,1,1,1995,0,0,0,0,0,0,0,0,0,0
180125,2,1,1995,0,0,0,0,0,0,0,0,0,0
180126,1,1,1995,0,0,0,0,0,0,0,0,0,0
180127,1,1,1995,0,0,0,0,0,0,0,0,0,0
180127,2,1,1995,8,8,8,8,8,8,8,8,8,8
180128,0,1,1995,0,0,0,0,0,0,0,0,0,0
180128,1,1,1995,0,0,0,0,0,0,0,0,0,0
180129,1,1,1995,0,0,0,0,0,0,0,0,9,0
180130,1,1,1995,22,22,22,22,22,22,22,22,22,22
180131,0,1,1995,0,0,0,26,0,0,0,0,0,0
180131,1,1,1995,0,0,0,0,0,0,0,0,0,0
180132,1,1,1995,0,0,0,0,0,0,0,0,0,0
180132,2,1,1995,0,0,0,0,0,0,0,0,0,0
180133,1,1,1995,19,19,19,19,19,19,19,19,19,19
180134,1,1,1995,25,25,25,25,25,25,25,25,25,25
180135,1,1,1995,0,0,0,0,20,0,0,0,0,17
180136,1,1,1995,0,0,0,0,0,0,0,0,0,0
180136,2,1,1995,2,2,2,2,2,2,2,2,2,2
180137,1,1,1995,0,0,0,0,0,0,0,0,0,0
180138,1,1,1995,0,0,0,0,0,0,0,0,0,0
180138,2,1,1995,0,0,0,0,0,0,0,0,0,0
180139,1,1,1995,38,38,38,38,38,38,38,38,38,38
180139,2,1,1995,0,0,0,0,0,0,0,0,0,0
180140,1,1,1995,7,10,25,14,3,10,11,0,27,36
180140,2,1,1995,0,0,0,0,0,0,0,0,0,0
180141,1,1,1995,0,0,0,0,0,0,0,0,0,0
180141,2,1,1995,0,0,0,0,0,0,0,0,0,0
180142,1,1,1995,1,1,1,1,1,1,1,1,1,1
180142,2,1,1995,0,0,0,0,0,0,0,0,0,0
180143,1,1,1995,0,0,0,0,0,0,0,0,0,0
180143,2,1,1995,15,15,15,15,15,15,15,15,15,15
180144,1,1,1995,0,0,0,0,0,0,0,0,0,0
180144,2,1,1995,0,0,0,0,0,0,0,0,0,0
180145,1,1,1995,32,32,32,32,32,32,32,32,32,32
180146,1,1,1995,0,0,0,0,0,0,0,0,0,0
180147,1,1,1995,16,16,16,16,16,16,16,16,16,16
180148,1,1,1995,19,19,19,19,19,19,19,19,19,19
180149,1,1,1995,0,0,0,0,0,0,0,0,0,0
180149,2,1,1995,0,0,0,0,0,0,0,0,0,0
180150,1,1,1995,0,0,0,0,0,0,0,0,0,0
180150,2,1,1995,0,0,0,0,0,0,0,0,0,0
180151,1,1,1995,12,12,12,12,12,12,12,12,12,12
180152,1,1,1995,0,0,0,0,0,0,0,0,0,0
180152,2,1,1995,0,0,0,0,0,0,0,0,0,0
180153,1,1,1995,18,18,18,18,18,18,18,18,18,18
180153,2,1,1995,0,29,0,0,0,0,0,19,0,0
180154,1,1,1995,0,0,0,0,0,0,0,0,0,0
180154,2,1,1995,0,0,0,0,0,0,0,0,0,0
180155,1,1,1995,28,28,28,28,28,28,28,28,28,28
180156,1,1,1995,0,0,0,0,0,0,0,0,0,0
180156,2,1,1995,23,23,23,23,23,23,23,23,23,23
180158,1,1,1995,12,12,12,12,12,12,12,12,12,12
180158,2,1,1995,0,0,0,0,0,0,0,0,0,0
180159,1,1,1995,0,0,0,0,0,0,0,0,0,0
180160,1,1,1995,16,16,16,16,16,16,16,16,16,16
180160,2,1,1995,1,1,1,1,1,1,1,1,1,1
180161,1,1,1995,14,25,24,36,11,5,0,0,12,6
180162,1,1,1995,0,0,0,0,0,0,0,0,0,0
180163,1,1,1995,0,0,0,0,0,0,0,0,0,0
180163,2,1,1995,0,0,0,0,0,0,0,0,0,0
180164,1,1,1995,11,11,11,11,11,11,11,11,11,11
180165,1,1,1995,0,0,0,0,0,0,0,0,0,0
180165,2,1,1995,0,0,0,0,0,0,0,0,21,0
180166,1,1,1995,16,16,16,16,16,16,16,16,16,16
180167,1,1,1995,0,0,0,0,0,0,0,0,0,0
180168,1,1,1995,0,0,0,0,0,0,0,0,0,0
180168,2,1,1995,0,0,0,0,0,0,0,0,0,0
180169,1,1,1995,27,27,27,27,27,27,27,27,27,27
180170,1,1,1995,0,0,0,0,0,0,0,0,0,0
180170,2,1,1995,0,0,0,0,0,0,0,0,0,0
180170,3,1,1995,0,0,0,0,0,0,0,0,0,0
180171,1,1,1995,17,17,17,17,17,17,17,17,17,17
180171,2,1,1995,0,0,0,0,0,0,0,0,0,0
180172,1,1,1995,17,17,17,17,17,17,17,17,17,17
180172,2,1,1995,0,0,0,0,0,0,0,0,0,0
180173,0,1,1995,22,22,22,22,22,22,22,22,22,22
180173,1,1,1995,5,0,0,13,0,21,17,0,13,16
180174,1,1,1995,20,20,20,20,20,20,20,20,20,20
180175,1,1,1995,0,0,0,0,0,0,0,0,0,0
180176,1,1,1995,0,0,0,0,0,0,0,0,0,0
180177,1,1,1995,0,0,0,0,0,0,0,0,0,0
180177,2,1,1995,0,0,0,0,0,0,0,0,0,0
180178,0,1,1995,0,0,0,0,0,0,0,0,0,0
180178,1,1,1995,28,0,0,0,0,0,0,0,0,0
180179,1,1,1995,11,11,11,11,11,11,11,11,11,11
180180,1,1,1995,0,0,0,0,0,0,0,0,0,0
180181,0,1,1995,0,0,0,0,0,0,0,0,0,0
180181,1,1,1995,0,0,0,0,0,0,0,0,0,0
180182,1,1,1995,0,0,0,0,0,0,0,0,0,0
180183,1,1,1995,0,0,0,0,0,0,0,0,0,0
180183,2,1,1995,0,0,0,0,0,0,0,0,0,0
180184,1,1,1995,0,0,0,0,0,0,0,0,0,0
180184,2,1,1995,0,0,0,0,0,0,0,0,0,0
180184,3,1,1995,0,0,0,0,0,0,0,0,0,0
180185,1,1,1995,0,0,0,0,0,0,0,0,0,0
180185,2,1,1995,0,0,0,0,0,0,0,0,0,0
180186,0,1,1995,13,13,13,13,13,13,13,13,13,13
180186,1,1,1995,0,0,0,14,0,0,0,0,0,0
180187,1,1,1995,27,27,27,27,27,27,27,27,27,27
180188,1,1,1995,27,27,27,27,27,27,27,27,27,27
180189,1,1,1995,20,20,20,20,20,20,20,20,20,20
180190,1,1,1995,0,0,0,0,0,0,0,0,0,0
180190,2,1,1995,0,0,0,0,0,0,0,0,0,0
180191,1,1,1995,13,13,13,13,13,13,13,13,13,13
180192,1,1,1995,23,23,23,23,23,23,23,23,23,23
180192,2,1,1995,4,4,4,4,4,4,4,4,4,4
180193,1,1,1995,0,0,0,0,15,14,0,0,0,0
180194,1,1,1995,0,0,0,0,20,0,0,0,0,0
180195,1,1,1995,0,0,0,0,0,0,0,0,0,0
180195,2,1,1995,0,0,0,0,0,0,0,0,0,0
180196,1,1,1995,0,0,0,0,0,0,0,0,0,0
180196,2,1,1995,0,0,0,0,0,0,0,0,0,0
180196,3,1,1995,0,0,0,0,0,0,0,0,0,0
180197,1,1,1995,16,16,16,16,16,16,16,16,16,16
180197,2,1,1995,17,17,17,17,17,17,17,17,17,17
180198,1,1,1995,0,0,0,0,0,0,0,0,0,0
180198,2,1,1995,0,0,0,0,0,0,0,0,0,0
180199,1,1,1995,0,9,0,0,0,9,0,0,12,13
180200,1,1,1995,0,0,0,0,0,0,0,0,0,0
180200,2,1,1995,0,0,0,0,0,0,0,0,0,0
180200,3,1,1995,31,0,0,0,0,0,15,0,0,0
180200,4,1,1995,0,0,0,0,0,0,0,0,0,0
180201,1,1,1995,0,0,0,0,0,0,0,0,0,0
180201,2,1,1995,0,0,0,0,0,0,0,0,0,0
180202,1,1,1995,0,0,0,0,0,0,0,0,0,0
180202,2,1,1995,0,0,0,0,0,0,0,0,0,0
180202,3,1,1995,0,0,0,0,0,0,0,0,0,0
180203,1,1,1995,0,0,0,0,0,0,0,0,0,0
180204,1,1,1995,14,14,14,14,14,14,14,14,14,14
180205,1,1,1995,0,0,0,0,0,0,0,0,0,0
180206,1,1,1995,1,1,1,1,1,1,1,1,1,1
180207,1,1,1995,0,0,0,0,0,0,0,0,0,0
180208,0,1,1995,27,27,27,27,27,27,27,27,27,27
180208,1,1,1995,0,0,0,0,0,0,0,0,0,0
180209,1,1,1995,0,0,0,0,0,0,0,0,0,0
180210,1,1,1995,14,14,14,14,14,14,14,14,14,14
180211,1,1,1995,23,23,23,23,23,23,23,23,23,23
180212,0,1,1995,0,0,0,0,0,0,0,0,0,0
180212,1,1,1995,0,0,0,0,0,0,0,0,0,0
180213,1,1,1995,13,10,0,3,0,2,19,0,0,15
180214,1,1,1995,0,0,0,0,0,0,0,0,0,0
180214,2,1,1995,0,0,0,0,0,0,0,0,0,0
180215,1,1,1995,0,0,0,0,0,0,0,0,0,0
180215,2,1,1995,0,0,0,0,0,0,0,0,0,0
180216,1,1,1995,0,0,0,0,0,0,0,0,0,0
180216,2,1,1995,0,0,0,0,0,0,0,0,0,0
180217,1,1,1995,0,0,0,0,0,0,0,0,0,0
180217,2,1,1995,0,0,0,0,0,0,0,0,0,0
180217,3,1,1995,0,0,0,0,0,0,0,0,0,0
180218,1,1,1995,22,22,22,22,22,22,22,22,22,22
180219,1,1,1995,0,0,0,0,0,0,0,0,0,0
180219,2,1,1995,0,0,0,0,0,0,0,0,0,0
180219,3,1,1995,0,0,0,0,0,0,0,0,0,0
180219,4,1,1995,0,0,0,0,0,0,0,0,0,0
180220,1,1,1995,0,0,0,0,0,0,0,0,0,0
180220,2,1,1995,0,0,0,0,0,0,0,0,0,0
180221,1,1,1995,0,0,0,0,0,0,0,0,0,0
180221,2,1,1995,0,0,0,0,0,0,0,0,0,0
180222,1,1,1995,0,0,0,0,0,0,0,0,0,0
180222,2,1,1995,0,0,0,0,0,0,0,0,0,0