ST_CASE,VEH_NO,PER_NO,YEAR,P1,P2,P3,P4,P5,P6,P7,P8,P9,P10
180223,1,1,1995,0,0,0,0,0,0,0,0,0,0
180223,2,1,1995,14,14,14,14,14,14,14,14,14,14
180224,1,1,1995,0,0,0,0,0,0,0,0,0,0
180224,2,1,1995,0,0,0,0,0,0,0,0,0,0
180225,1,1,1995,14,14,14,14,14,14,14,14,14,14
180225,2,1,1995,1,1,1,1,1,1,1,1,1,1
180226,0,1,1995,0,0,0,17,0,0,21,0,0,0
180226,1,1,1995,0,0,0,0,0,0,0,0,0,0
180227,1,1,1995,0,0,0,0,0,0,0,0,0,0
180227,2,1,1995,0,0,0,0,0,0,0,0,0,0
180228,1,1,1995,0,0,0,0,0,0,0,0,0,0
180229,1,1,1995,0,0,0,0,0,0,0,0,0,0
180229,2,1,1995,0,0,0,0,0,0,0,0,0,0
180230,1,1,1995,0,0,0,0,0,0,0,0,0,0
180230,2,1,1995,0,0,0,0,0,0,0,0,0,0
180231,0,1,1995,0,0,0,0,0,0,0,0,0,0
180231,1,1,1995,0,0,0,0,0,0,0,0,0,0
180232,1,1,1995,15,15,15,15,15,15,15,15,15,15
180233,1,1,1995,0,0,0,0,0,0,0,0,0,0
180233,2,1,1995,0,0,0,0,0,0,0,0,0,0
180234,0,1,1995,0,0,0,0,0,0,0,0,0,0
180234,1,1,1995,0,0,0,0,0,0,0,0,0,0
180235,1,1,1995,27,27,27,27,27,27,27,27,27,27
180236,1,1,1995,0,0,0,0,0,0,0,0,0,0
180236,2,1,1995,11,11,11,11,11,11,11,11,11,11
180237,1,1,1995,0,0,0,0,0,0,0,0,0,0
180237,2,1,1995,0,0,0,0,0,0,0,0,0,0
180237,3,1,1995,0,0,0,0,0,0,0,0,0,0
180238,1,1,1995,0,0,0,0,0,0,0,0,0,0
180238,2,1,1995,0,0,0,0,0,0,0,0,0,0
180239,1,1,1995,15,15,15,15,15,15,15,15,15,15
180240,1,1,1995,22,21,6,19,20,26,17,28,18,9
180241,1,1,1995,0,0,0,0,0,0,0,0,0,0
180242,1,1,1995,0,0,0,0,0,0,0,15,0,0
180242,2,1,1995,0,0,0,0,0,0,0,0,0,13
180243,1,1,1995,6,16,0,7,7,0,0,0,0,0
180243,2,1,1995,0,0,0,0,0,0,0,0,0,0
180244,1,1,1995,22,22,22,22,22,22,22,22,22,22
180244,2,1,1995,0,0,14,0,0,0,0,0,0,0
180245,1,1,1995,0,0,0,0,0,0,0,0,0,0
180245,2,1,1995,0,0,0,0,0,0,0,0,0,0
180245,3,1,1995,0,0,0,0,0,0,0,0,0,0
180245,4,1,1995,0,0,0,0,0,0,0,0,0,0
180246,0,1,1995,0,0,0,0,0,0,0,0,0,0
180246,1,1,1995,0,0,0,0,0,0,0,0,0,0
180247,1,1,1995,0,0,0,0,0,0,0,0,0,0
180247,2,1,1995,0,0,0,0,0,0,0,0,0,0
180248,1,1,1995,0,0,0,0,0,0,0,0,0,0
180248,2,1,1995,0,0,0,0,0,0,0,0,0,0
180249,0,1,1995,0,0,0,0,0,0,0,0,0,0
180249,1,1,1995,6,0,0,0,0,0,0,0,0,0
180250,1,1,1995,0,22,0,0,0,17,0,0,0,0
180251,1,1,1995,0,0,0,0,0,0,0,0,0,0
180251,2,1,1995,0,0,0,0,0,0,0,0,0,0
180252,1,1,1995,0,0,0,0,0,0,0,0,0,0
180253,0,1,1995,0,0,0,0,0,0,0,0,0,0
180253,1,1,1995,17,17,17,17,17,17,17,17,17,17
180254,1,1,1995,4,4,4,4,4,4,4,4,4,4
180254,2,1,1995,0,0,0,0,0,0,0,0,0,0
180255,1,1,1995,0,0,7,0,0,5,0,0,0,0
180255,2,1,1995,0,0,0,0,0,0,0,0,0,0
180256,1,1,1995,0,0,0,0,19,20,0,0,0,0
180256,2,1,1995,0,19,0,0,0,0,0,0,0,0
180257,1,1,1995,26,11,16,19,19,25,28,33,15,23
180258,1,1,1995,0,0,0,0,0,0,0,0,0,0
180258,2,1,1995,0,0,0,0,0,0,0,0,0,0
180259,1,1,1995,13,13,13,13,13,13,13,13,13,13
180259,2,1,1995,0,0,0,0,0,21,0,0,0,0
180261,1,1,1995,21,19,12,28,11,22,15,6,12,12
180262,1,1,1995,17,17,17,17,17,17,17,17,17,17
180263,1,1,1995,0,0,0,0,0,0,0,0,0,0
180263,2,1,1995,0,0,0,0,0,17,0,0,0,0
180264,1,1,1995,0,0,0,0,0,0,0,0,0,0
180264,2,1,1995,0,0,0,0,0,0,0,0,0,0
180265,1,1,1995,0,0,0,0,0,0,0,0,0,0
180265,2,1,1995,0,0,0,0,0,0,0,0,0,0
180266,1,1,1995,0,0,0,0,0,0,0,0,0,0
180267,1,1,1995,0,0,0,0,0,0,0,0,0,0
180268,1,1,1995,0,0,0,0,0,0,0,0,0,0
180268,2,1,1995,0,0,0,0,0,0,0,0,0,0
180269,0,1,1995,0,0,0,0,0,0,0,0,0,0
180269,1,1,1995,0,0,0,0,0,0,0,0,0,0
180270,0,1,1995,0,0,0,0,0,0,0,0,0,0
180270,1,1,1995,0,0,0,0,0,0,0,0,0,0
180271,1,1,1995,0,0,0,25,29,0,0,32,20,0
180271,2,1,1995,1,1,1,1,1,1,1,1,1,1
180272,1,1,1995,0,0,0,0,0,0,0,0,0,0
180272,2,1,1995,0,0,0,0,0,0,0,0,0,0
180273,1,1,1995,24,24,24,24,24,24,24,24,24,24
180274,1,1,1995,0,0,0,0,0,0,0,0,0,0
180274,2,1,1995,0,0,0,0,0,0,0,0,0,0
180275,1,1,1995,17,17,17,17,17,17,17,17,17,17
180276,1,1,1995,3,3,0,18,0,10,16,12,0,6
180276,2,1,1995,0,0,0,0,0,0,0,0,0,0
180277,1,1,1995,0,0,0,0,0,0,0,0,0,0
180277,2,1,1995,0,0,0,0,0,0,0,0,0,0
180278,1,1,1995,0,0,0,0,0,0,0,0,0,0
180278,2,1,1995,0,0,0,0,0,0,0,0,0,0
180279,0,1,1995,0,0,0,0,0,0,0,0,0,0
180279,1,1,1995,0,0,0,0,0,0,0,0,0,0
180280,1,1,1995,26,26,26,26,26,26,26,26,26,26
180281,1,1,1995,0,0,0,0,0,0,0,0,0,0
180282,1,1,1995,16,16,16,16,16,16,16,16,16,16
180283,1,1,1995,0,0,0,0,0,0,0,0,0,0
180283,2,1,1995,0,0,0,0,0,0,0,0,0,0
180283,3,1,1995,0,0,0,0,0,0,0,0,0,0
180284,1,1,1995,10,10,10,10,10,10,10,10,10,10
180285,1,1,1995,0,0,0,0,0,0,0,0,0,0
180286,1,1,1995,0,0,0,0,0,0,0,0,0,0
180286,2,1,1995,0,0,0,0,0,0,0,0,0,0
180287,1,1,1995,23,23,23,23,23,23,23,23,23,23
180288,1,1,1995,8,8,8,8,8,8,8,8,8,8
180289,1,1,1995,0,0,0,0,0,0,0,0,0,0
180289,2,1,1995,0,0,0,0,0,0,0,0,0,0
180290,0,1,1995,0,0,0,0,0,0,0,0,0,0
180290,1,1,1995,0,0,0,0,0,0,0,0,0,0
180291,1,1,1995,10,10,10,10,10,10,10,10,10,10
180291,2,1,1995,15,15,15,15,15,15,15,15,15,15
180291,3,1,1995,0,0,0,15,0,0,0,0,0,0
180292,1,1,1995,14,14,31,0,0,21,17,4,20,24
180293,1,1,1995,0,0,0,0,0,0,0,0,0,0
180293,2,1,1995,3,3,3,3,3,3,3,3,3,3
180294,1,1,1995,0,0,0,0,0,0,0,0,0,0
180295,1,1,1995,0,0,0,0,0,0,0,0,0,0
180296,1,1,1995,0,0,0,0,0,0,0,0,0,0
180297,1,1,1995,0,0,0,0,0,0,0,0,0,0
180297,2,1,1995,0,0,0,0,0,0,0,0,0,0
180298,1,1,1995,0,0,0,0,0,0,0,0,0,0
180298,2,1,1995,0,0,0,0,0,0,0,0,0,0
180299,1,1,1995,13,13,13,13,13,13,13,13,13,13
180300,1,1,1995,0,0,0,0,0,0,0,0,0,0
180301,1,1,1995,8,8,8,8,8,8,8,8,8,8
180302,1,1,1995,0,0,0,0,0,0,0,0,0,0
180302,2,1,1995,0,0,0,0,0,0,0,0,0,0
180303,1,1,1995,0,0,0,0,0,0,0,0,0,0
180303,2,1,1995,0,0,0,0,0,0,0,0,0,0
180303,3,1,1995,0,0,0,0,0,0,0,0,0,0
180304,1,1,1995,17,17,17,17,17,17,17,17,17,17
180305,1,1,1995,22,22,22,22,22,22,22,22,22,22
180306,1,1,1995,0,0,0,0,0,0,0,0,0,0
180306,2,1,1995,0,0,0,0,0,0,0,0,0,0
180307,0,1,1995,0,0,0,0,0,0,0,0,0,0
180307,1,1,1995,0,0,0,0,0,0,0,0,0,0
180308,0,1,1995,21,21,21,21,21,21,21,21,21,21
180308,1,1,1995,0,0,0,0,0,0,0,0,0,0
180309,1,1,1995,0,0,0,0,0,0,0,0,0,0
180309,2,1,1995,0,0,0,0,12,0,0,0,0,0
180310,1,1,1995,0,14,0,22,0,0,0,11,0,0
180311,1,1,1995,11,11,11,11,11,11,11,11,11,11
180312,1,1,1995,0,0,0,0,0,0,0,0,0,0
180312,2,1,1995,0,0,0,0,0,0,0,0,0,0
180313,1,1,1995,0,0,0,0,0,0,0,0,0,0
180313,2,1,1995,0,0,0,0,0,0,0,0,0,0
180314,1,1,1995,0,0,0,0,0,0,0,0,0,23
180314,2,1,1995,0,0,0,0,0,0,0,0,0,0
180316,1,1,1995,20,9,7,15,28,11,18,5,12,14
180316,2,1,1995,0,0,0,0,0,0,0,0,0,0
180317,1,1,1995,9,9,9,9,9,9,9,9,9,9
180319,1,1,1995,0,0,0,0,0,0,0,0,0,0
180319,2,1,1995,0,0,0,0,0,0,0,0,0,0
180320,1,1,1995,0,0,0,0,0,0,0,0,0,0
180320,2,1,1995,0,0,0,0,0,0,0,0,0,0
180322,0,1,1995,0,0,0,0,0,0,0,0,10,0
180322,1,1,1995,17,0,0,0,19,0,0,0,0,0
180323,1,1,1995,0,0,0,0,0,0,0,0,0,0
180324,1,1,1995,0,0,0,0,0,0,0,0,0,0
180325,1,1,1995,0,0,0,0,0,0,0,0,0,0
180326,1,1,1995,0,0,0,0,0,0,0,0,0,0
180326,2,1,1995,0,0,0,0,0,0,0,0,0,0
180327,1,1,1995,0,0,0,0,0,0,0,0,0,0
180328,1,1,1995,0,0,0,0,0,0,9,0,0,0
180328,2,1,1995,0,0,0,0,0,0,0,0,0,0
180329,1,1,1995,0,0,0,0,0,0,0,0,0,0
180329,2,1,1995,0,0,0,0,0,0,0,0,0,0
180329,3,1,1995,0,0,0,0,0,0,0,0,0,0
180330,1,1,1995,16,16,16,16,16,16,16,16,16,16
180330,2,1,1995,0,0,0,0,0,0,0,0,0,0
180330,3,1,1995,0,21,0,0,0,0,0,0,0,0
180331,1,1,1995,0,0,0,0,0,0,0,0,0,0
180331,2,1,1995,0,0,0,0,0,0,0,0,0,0
180331,3,1,1995,0,0,0,0,0,0,0,0,0,0
180332,1,1,1995,30,30,30,30,30,30,30,30,30,30
180332,2,1,1995,0,0,0,0,0,0,0,0,0,0
180333,1,1,1995,0,0,0,0,0,0,0,0,0,0
180333,2,1,1995,0,0,0,0,0,0,0,0,0,0
180333,3,1,1995,25,5,26,26,0,11,0,6,11,12
180334,1,1,1995,0,0,0,0,0,0,0,0,0,0
180334,2,1,1995,0,0,0,0,0,0,0,0,0,0
180335,1,1,1995,0,0,0,0,0,0,0,0,0,0
180335,2,1,1995,0,0,0,0,0,0,0,0,0,0
180336,1,1,1995,22,22,22,22,22,22,22,22,22,22
180336,2,1,1995,0,0,0,0,0,0,0,0,0,0
180336,3,1,1995,0,0,0,0,0,0,0,0,0,0
180337,1,1,1995,0,0,0,0,0,0,0,0,0,0
180337,2,1,1995,0,7,0,0,0,0,0,0,0,0
180338,0,1,1995,0,0,0,0,0,0,0,0,0,0
180338,1,1,1995,0,0,0,0,0,0,0,0,0,0
180339,1,1,1995,13,13,13,13,13,13,13,13,13,13
180340,1,1,1995,17,17,17,17,17,17,17,17,17,17
180341,1,1,1995,0,0,10,26,0,9,0,12,12,0
180342,1,1,1995,0,0,10,0,0,0,0,0,0,0
180342,2,1,1995,0,0,0,0,0,0,0,0,0,0
180343,1,1,1995,0,0,0,0,0,0,0,0,0,0
180343,2,1,1995,0,0,0,0,0,0,0,0,0,0
180344,1,1,1995,0,0,0,0,0,0,0,0,12,17
180344,2,1,1995,0,0,0,9,0,8,0,0,0,0
180345,1,1,1995,0,0,0,0,0,0,0,0,0,0
180345,2,1,1995,0,0,0,0,0,0,0,0,0,0
180346,1,1,1995,19,19,19,19,19,19,19,19,19,19
180347,1,1,1995,0,0,0,0,0,0,0,0,0,0
180347,2,1,1995,0,0,0,0,0,0,0,0,0,0
180348,1,1,1995,18,18,18,18,18,18,18,18,18,18
180349,1,1,1995,0,0,0,0,0,0,0,0,0,0
180349,2,1,1995,0,0,0,0,0,0,0,0,0,0
180349,3,1,1995,0,0,0,0,0,0,0,0,0,0
180351,1,1,1995,0,0,0,0,0,0,0,14,0,0
180352,1,1,1995,26,26,26,26,26,26,26,26,26,26
180353,1,1,1995,1,1,1,1,1,1,1,1,1,1
180354,1,1,1995,0,0,0,0,0,0,0,0,0,0
180354,2,1,1995,0,0,0,0,0,0,0,0,0,0
180355,0,1,1995,0,0,0,0,0,0,0,0,0,0
180355,1,1,1995,0,0,0,0,0,0,0,0,0,0
180356,1,1,1995,0,0,0,0,0,0,0,0,0,0
180356,2,1,1995,0,0,0,0,0,0,0,0,0,0
180357,1,1,1995,0,0,0,0,0,0,0,0,0,0
180357,2,1,1995,0,0,11,14,0,0,0,14,0,28
180357,3,1,1995,0,0,0,0,0,0,0,0,0,0
180357,4,1,1995,0,0,0,0,0,0,0,0,0,0
180358,1,1,1995,0,0,0,0,0,0,0,0,0,0
180358,2,1,1995,0,0,0,0,0,0,0,0,0,0
180359,1,1,1995,0,0,0,0,0,0,0,0,0,0
180359,2,1,1995,0,0,0,0,0,0,0,0,0,6
180359,3,1,1995,0,0,0,0,0,0,0,0,0,0
180360,1,1,1995,0,0,0,0,0,0,0,0,0,0
180360,2,1,1995,0,0,0,0,0,0,0,0,0,0
180360,3,1,1995,0,0,0,0,0,0,0,0,0,0
180361,1,1,1995,11,30,7,11,23,23,0,21,2,13
180362,0,1,1995,0,0,0,0,0,0,0,0,0,0
180362,1,1,1995,0,0,0,0,0,0,0,0,0,0
180363,1,1,1995,25,25,25,25,25,25,25,25,25,25
180364,1,1,1995,17,17,17,17,17,17,17,17,17,17
180365,1,1,1995,0,0,0,0,0,0,0,0,0,0
180365,2,1,1995,0,0,0,0,0,0,0,0,0,4
180366,1,1,1995,16,16,16,16,16,16,16,16,16,16
180366,2,1,1995,0,0,0,0,0,0,0,0,0,0
180367,1,1,1995,23,23,23,23,23,23,23,23,23,23
180368,1,1,1995,0,0,0,0,0,0,0,0,0,0
180368,2,1,1995,5,5,5,5,5,5,5,5,5,5
180369,1,1,1995,12,12,12,12,12,12,12,12,12,12
180370,1,1,1995,18,18,18,18,18,18,18,18,18,18
180371,1,1,1995,0,16,0,0,0,0,0,0,0,0
180371,2,1,1995,0,0,0,0,0,0,0,0,0,0
180372,1,1,1995,0,0,0,0,0,0,0,0,0,0
180372,2,1,1995,0,0,0,0,0,0,0,0,0,0
180373,1,1,1995,14,14,14,14,14,14,14,14,14,14
180374,1,1,1995,0,0,0,0,0,0,0,0,0,0
180374,2,1,1995,0,0,0,0,0,0,0,0,0,0
180374,3,1,1995,0,0,0,0,0,0,0,0,0,0
180375,0,1,1995,0,0,0,0,12,0,0,0,0,0
180375,1,1,1995,15,0,0,0,0,0,0,0,0,0
180376,1,1,1995,0,0,0,0,0,0,0,0,0,0
180376,2,1,1995,0,0,0,0,0,0,0,0,0,0
180376,3,1,1995,0,0,0,0,0,0,0,0,0,0
180377,1,1,1995,34,34,34,34,34,34,34,34,34,34
180379,1,1,1995,0,0,0,0,0,0,0,0,0,0
180379,2,1,1995,0,0,0,0,0,0,16,0,0,0
180379,3,1,1995,0,0,0,0,0,0,0,0,0,0
180380,0,1,1995,0,0,0,0,0,0,0,0,0,0
180380,1,1,1995,0,0,0,0,0,0,0,0,0,0
180381,1,1,1995,0,0,0,0,0,0,0,0,0,0
180381,2,1,1995,0,0,0,0,0,0,0,0,0,0
180381,3,1,1995,0,0,11,0,0,0,0,0,0,0
180382,1,1,1995,0,0,0,0,0,0,0,0,0,0
180382,2,1,1995,0,0,0,0,0,0,0,0,0,0
180383,1,1,1995,0,0,0,0,0,0,0,0,0,0
180384,1,1,1995,0,0,0,0,0,0,0,0,0,0
180384,2,1,1995,0,0,0,0,0,0,0,0,0,0
180385,0,1,1995,10,10,10,10,10,10,10,10,10,10
180385,1,1,1995,0,0,0,0,0,0,0,0,0,0
180386,1,1,1995,0,0,0,0,0,0,0,0,0,20
180386,2,1,1995,0,0,0,0,0,0,0,0,0,0
180387,1,1,1995,0,0,0,31,0,15,0,12,0,0
180388,1,1,1995,0,0,0,0,0,0,0,0,0,0
180388,2,1,1995,0,0,0,0,0,0,0,0,0,0
180389,1,1,1995,0,0,0,0,0,0,0,0,0,0
180389,2,1,1995,0,0,0,0,0,0,0,0,0,0
180390,1,1,1995,20,20,20,20,20,20,20,20,20,20
180390,2,1,1995,0,0,0,0,0,0,0,0,0,0
180391,1,1,1995,0,0,21,7,0,0,0,0,0,15
180392,1,1,1995,0,0,0,0,0,0,0,0,0,0
180393,1,1,1995,0,0,0,0,0,0,0,0,0,0
180393,2,1,1995,0,0,0,0,0,0,0,0,0,0
180394,1,1,1995,0,0,0,0,0,0,0,0,0,0
180394,2,1,1995,0,0,0,0,0,0,0,0,0,0
180394,3,1,1995,0,0,0,0,0,0,0,0,0,0
180394,4,1,1995,0,0,0,0,0,0,0,0,0,0
180395,1,1,1995,17,21,7,24,16,13,12,9,13,26
180395,2,1,1995,0,0,0,0,0,0,0,0,0,0
180396,1,1,1995,0,0,0,0,0,0,0,0,0,8
180396,2,1,1995,0,27,0,0,0,0,0,0,0,0
180397,1,1,1995,0,0,0,0,0,0,0,0,0,0
180397,2,1,1995,0,0,0,0,0,0,0,0,0,0
180398,0,1,1995,0,0,0,0,0,0,0,0,0,0
180398,1,1,1995,0,0,0,0,0,0,0,0,0,0
180399,1,1,1995,15,15,15,15,15,15,15,15,15,15
180400,1,1,1995,0,0,0,0,0,0,0,0,0,0
180400,2,1,1995,0,0,0,0,0,0,0,0,0,0
180400,3,1,1995,0,0,0,0,0,0,0,0,0,0
180401,1,1,1995,6,6,6,6,6,6,6,6,6,6
180402,1,1,1995,0,0,0,0,0,0,0,0,0,0
180403,1,1,1995,0,0,0,0,0,0,0,0,0,0
180403,2,1,1995,0,0,0,0,0,0,0,0,0,0
180404,1,1,1995,0,0,0,0,0,0,0,0,0,0
180404,2,1,1995,0,0,0,0,0,0,0,0,0,0
180405,1,1,1995,0,0,0,0,0,0,0,0,0,0
180406,1,1,1995,12,12,12,12,12,12,12,12,12,12
180407,1,1,1995,0,0,0,0,0,0,0,0,0,0
180407,2,1,1995,0,0,0,0,0,0,0,0,0,0
180408,1,1,1995,0,0,0,0,2,0,0,0,0,0
180408,2,1,1995,0,0,0,0,0,0,0,0,0,0
180409,0,1,1995,0,0,0,0,0,0,0,0,0,0
180409,1,1,1995,7,0,0,0,0,0,0,0,0,0
180410,0,1,1995,23,0,0,21,0,0,0,0,0,0
180410,1,1,1995,0,0,0,0,0,0,0,0,0,0
180411,1,1,1995,0,0,0,0,0,0,0,0,0,0
180411,2,1,1995,0,0,0,0,0,0,0,0,0,0
180412,1,1,1995,0,0,0,0,0,0,0,0,0,0
180412,2,1,1995,0,0,0,0,0,0,0,0,0,0
180413,1,1,1995,0,0,0,0,0,0,0,0,0,0
180413,2,1,1995,0,0,0,0,0,0,0,0,0,0
180414,0,1,1995,0,0,0,0,0,0,0,0,0,0
180414,1,1,1995,0,0,0,0,0,0,0,0,0,0
180414,2,1,1995,0,0,18,0,0,0,0,0,0,0
180415,1,1,1995,0,0,0,0,0,0,0,0,0,0
180415,2,1,1995,0,0,0,0,0,0,0,0,0,0
180416,1,1,1995,0,0,0,0,0,0,0,0,0,0
180416,2,1,1995,0,0,0,0,0,0,0,0,0,0
180417,1,1,1995,8,8,8,8,8,8,8,8,8,8
180418,1,1,1995,0,0,0,0,0,0,0,0,0,0
180418,2,1,1995,0,0,0,0,0,0,0,0,0,0
180418,3,1,1995,0,0,0,0,0,0,0,2,0,0
180419,1,1,1995,0,0,0,0,0,0,0,0,0,0
180420,1,1,1995,21,7,27,17,15,24,17,34,30,20
180421,1,1,1995,13,13,13,13,13,13,13,13,13,13
180422,1,1,1995,0,0,0,0,0,0,0,0,0,0
180422,2,1,1995,0,0,0,0,0,0,0,0,0,0
180423,1,1,1995,0,0,0,0,0,0,0,0,0,0
180423,2,1,1995,0,0,0,0,0,0,0,0,0,0
180424,1,1,1995,0,0,0,0,0,0,0,0,0,0
180424,2,1,1995,0,11,0,0,0,0,0,0,0,0
180425,1,1,1995,15,15,15,15,15,15,15,15,15,15
180426,1,1,1995,0,0,0,0,0,0,0,0,0,0
180426,2,1,1995,0,0,0,0,0,0,0,0,0,0
180427,1,1,1995,0,0,0,0,0,0,0,0,0,0
180427,2,1,1995,0,0,0,0,0,0,0,0,0,0
180428,1,1,1995,0,0,0,0,0,0,0,0,0,0
180428,2,1,1995,0,0,0,0,0,0,0,0,0,0
180429,1,1,1995,0,0,0,0,0,0,0,0,0,0
180429,2,1,1995,0,0,0,0,0,0,0,0,0,0
180430,1,1,1995,0,0,0,0,0,0,0,0,0,0
180430,2,1,1995,0,0,0,0,0,0,0,0,0,0
180431,1,1,1995,0,0,0,0,0,0,0,0,0,0
180431,2,1,1995,0,0,0,0,0,0,0,0,0,0
180432,1,1,1995,0,0,0,0,0,0,0,0,0,0
180432,2,1,1995,0,0,0,0,0,0,0,0,0,0
180433,1,1,1995,0,0,0,0,0,0,0,0,0,0
180434,1,1,1995,0,0,0,0,0,0,0,0,0,0
180434,2,1,1995,0,0,0,0,0,0,0,11,0,0
180435,1,1,1995,0,0,0,0,0,0,0,0,0,0
180436,1,1,1995,0,0,0,0,0,0,0,0,0,0
180436,2,1,1995,0,0,0,0,0,0,0,0,0,0
180436,3,1,1995,0,0,0,0,0,0,0,0,0,0
180437,1,1,1995,0,0,0,0,0,0,0,0,0,0
180437,2,1,1995,0,0,0,0,0,0,0,0,0,0
180438,1,1,1995,0,0,0,0,0,0,0,0,0,0
180438,2,1,1995,0,0,0,0,0,0,0,15,0,0
180439,1,1,1995,0,0,0,0,0,0,0,0,0,0
180439,2,1,1995,0,0,0,0,0,0,0,0,0,0
180440,1,1,1995,0,0,0,0,0,0,0,0,0,0
180440,2,1,1995,0,0,0,0,0,0,0,0,0,0
180440,3,1,1995,0,0,0,0,0,0,0,0,0,0
180441,1,1,1995,12,8,0,17,0,12,0,0,11,20
180441,2,1,1995,0,0,0,0,0,0,0,0,0,5
180442,0,1,1995,0,0,0,0,0,0,0,0,0,0
180442,1,1,1995,0,0,0,0,0,0,0,0,0,0
180443,1,1,1995,0,0,0,0,0,0,0,0,22,0
180444,1,1,1995,39,39,39,39,39,39,39,39,39,39
180445,1,1,1995,0,0,0,0,0,0,0,0,0,0
180446,0,1,1995,0,0,0,0,0,0,0,0,0,0
180446,1,1,1995,0,0,0,0,0,0,0,0,0,0
180447,1,1,1995,0,0,0,0,0,0,0,0,0,0
180448,1,1,1995,0,0,0,0,0,0,0,0,0,0
180448,2,1,1995,0,0,0,0,0,0,0,0,0,0
180449,1,1,1995,0,0,0,0,0,0,0,0,0,0
180449,2,1,1995,0,0,0,0,0,0,0,0,0,0
180450,1,1,1995,0,0,0,0,0,0,0,0,0,0
180450,2,1,1995,0,0,0,0,0,0,0,0,0,0
180452,1,1,1995,25,25,25,25,25,25,25,25,25,25
180453,1,1,1995,0,0,0,0,0,0,0,0,0,0
180453,2,1,1995,0,0,0,0,0,0,0,0,0,0
180454,1,1,1995,0,0,0,0,0,18,0,18,18,0
180455,1,1,1995,18,18,18,18,18,18,18,18,18,18
180456,1,1,1995,0,0,0,0,0,0,0,0,0,0
180456,2,1,1995,0,0,0,0,0,0,0,0,0,0
180457,0,1,1995,0,0,0,0,0,0,0,0,0,0
180457,1,1,1995,0,0,0,0,0,0,0,0,0,0
180458,1,1,1995,0,0,0,0,0,0,0,0,0,0
180458,2,1,1995,0,0,0,0,0,0,0,0,0,0
180459,0,1,1995,5,0,26,7,0,0,0,0,0,0
180459,1,1,1995,0,0,0,0,0,0,0,0,0,0
180460,1,1,1995,0,0,0,0,0,0,0,0,0,0
180460,2,1,1995,0,0,0,0,0,0,0,0,0,0
180461,1,1,1995,11,14,30,12,18,11,6,5,3,17
180461,2,1,1995,0,0,11,0,0,0,18,0,0,0
180462,1,1,1995,0,0,0,0,0,0,0,0,0,0
180462,2,1,1995,0,0,0,0,0,0,0,0,0,0
180462,3,1,1995,0,0,0,0,0,0,0,0,0,0
180462,4,1,1995,0,0,0,0,0,0,0,0,0,0
180462,5,1,1995,0,0,0,0,0,0,0,0,0,0
180463,1,1,1995,0,0,0,0,0,0,0,0,0,0
180464,1,1,1995,0,0,0,0,0,0,0,0,0,0
180465,1,1,1995,0,0,0,0,0,0,0,0,0,0
180465,2,1,1995,0,0,0,0,0,0,0,0,0,0
180466,1,1,1995,0,0,0,0,0,0,18,0,0,0
180467,1,1,1995,0,0,0,9,9,0,9,0,12,0
180468,0,1,1995,0,0,0,0,0,0,0,0,0,0
180468,1,1,1995,7,7,7,7,7,7,7,7,7,7
180469,1,1,1995,29,29,29,29,29,29,29,29,29,29
180469,2,1,1995,20,20,20,20,20,20,20,20,20,20
180470,1,1,1995,0,0,0,0,0,0,0,0,0,0
180470,2,1,1995,0,0,0,0,0,0,0,0,0,0
180470,3,1,1995,0,0,0,0,0,0,0,0,0,0
180470,4,1,1995,0,0,0,0,0,0,0,0,0,0
180471,0,1,1995,0,0,0,0,0,0,0,0,0,0
180471,1,1,1995,0,0,0,0,0,0,0,0,0,0
180472,1,1,1995,3,3,3,3,3,3,3,3,3,3
180473,1,1,1995,0,0,0,0,0,0,0,0,0,0
180474,1,1,1995,0,0,0,0,0,0,0,0,0,0
180474,2,1,1995,0,0,0,0,0,0,0,0,0,0
180475,1,1,1995,0,0,0,0,0,0,0,0,0,0
180475,2,1,1995,0,0,0,0,0,0,0,0,0,0
180476,1,1,1995,19,19,19,19,19,19,19,19,19,19
180477,1,1,1995,0,0,0,0,0,0,0,0,0,0
180477,2,1,1995,0,0,0,0,0,0,0,0,0,0
180478,1,1,1995,0,0,0,0,0,0,0,0,0,0
180478,2,1,1995,0,0,0,0,0,0,0,0,0,0
180479,1,1,1995,24,24,24,24,24,24,24,24,24,24
180480,1,1,1995,34,34,34,34,34,34,34,34,34,34
180481,1,1,1995,0,0,0,0,0,0,0,0,0,0
180482,1,1,1995,12,12,12,12,12,12,12,12,12,12
180482,2,1,1995,0,0,0,0,0,0,0,0,0,0
180483,1,1,1995,0,0,0,0,0,0,0,0,0,0
180483,2,1,1995,9,0,0,0,0,0,0,0,0,0
180484,1,1,1995,0,0,0,0,0,0,0,0,0,0
180485,0,1,1995,0,18,0,0,0,0,0,0,0,0
180485,1,1,1995,0,0,0,0,0,0,0,0,0,0
180486,1,1,1995,15,15,15,15,15,15,15,15,15,15
180487,1,1,1995,0,0,0,0,0,0,0,0,0,17
180487,2,1,1995,0,0,0,0,0,0,0,0,0,0
180488,1,1,1995,35,35,35,35,35,35,35,35,35,35
180488,2,1,1995,0,0,0,0,0,0,0,0,0,0
180489,1,1,1995,0,0,0,0,0,0,0,0,0,0
180489,2,1,1995,0,0,0,0,0,0,0,0,0,0
180490,1,1,1995,0,0,0,12,9,0,6,0,0,0
180490,2,1,1995,0,0,0,0,0,0,0,0,0,0
180491,1,1,1995,0,0,0,0,0,0,0,0,0,0
180491,2,1,1995,0,0,0,0,0,0,0,0,0,0
180492,1,1,1995,0,0,0,0,0,0,0,0,0,0