ST_CASE,VEH_NO,PER_NO,YEAR,P1,P2,P3,P4,P5,P6,P7,P8,P9,P10
200302,2,1,1995,0,0,0,0,0,0,0,0,0,0
200303,1,1,1995,0,0,0,0,0,0,0,0,0,0
200303,2,1,1995,0,0,0,0,0,0,0,0,0,0
200304,1,1,1995,11,16,24,16,12,0,0,9,19,10
200304,2,1,1995,0,0,0,0,0,0,0,0,0,0
200305,1,1,1995,24,0,0,35,0,24,0,17,30,17
200306,0,1,1995,26,26,26,26,26,26,26,26,26,26
200306,1,1,1995,17,17,17,17,17,17,17,17,17,17
200307,1,1,1995,0,0,0,0,0,0,0,0,0,0
200307,2,1,1995,0,0,0,0,0,0,0,0,0,0
200308,1,1,1995,15,0,0,0,0,0,4,0,0,5
200308,2,1,1995,0,0,0,0,0,0,0,0,0,0
200309,1,1,1995,23,23,23,23,23,23,23,23,23,23
200309,2,1,1995,23,23,23,23,23,23,23,23,23,23
200310,1,1,1995,13,13,13,13,13,13,13,13,13,13
200310,2,1,1995,0,0,0,0,0,0,0,0,0,0
200311,1,1,1995,0,0,0,0,0,0,0,0,0,0
200312,0,1,1995,0,0,0,0,0,0,0,0,0,0
200312,1,1,1995,0,0,0,0,0,0,0,0,0,0
200313,1,1,1995,21,21,21,21,21,21,21,21,21,21
200314,1,1,1995,0,0,0,0,0,0,0,0,0,0
200315,1,1,1995,14,14,14,14,14,14,14,14,14,14
200316,1,1,1995,0,0,0,0,0,0,0,0,0,0
200316,2,1,1995,11,11,11,11,11,11,11,11,11,11
200317,1,1,1995,19,19,19,19,19,19,19,19,19,19
200318,1,1,1995,23,23,23,23,23,23,23,23,23,23
200319,1,1,1995,4,0,0,0,0,0,0,0,0,0
200319,2,1,1995,0,0,0,0,0,0,0,0,0,0
200320,1,1,1995,0,0,0,0,0,0,0,0,0,0
200320,2,1,1995,0,0,0,0,0,0,0,0,0,0
200321,1,1,1995,0,0,0,0,0,12,0,0,0,0
200322,1,1,1995,15,26,11,9,21,15,14,11,33,16
200323,1,1,1995,27,27,27,27,27,27,27,27,27,27
200324,1,1,1995,16,16,16,16,16,16,16,16,16,16
200325,1,1,1995,27,27,27,27,27,27,27,27,27,27
200325,2,1,1995,0,0,0,0,0,0,0,0,0,0
200326,1,1,1995,35,35,35,35,35,35,35,35,35,35
200327,1,1,1995,0,0,0,0,0,0,0,0,0,0
200327,2,1,1995,0,0,0,0,25,0,0,18,0,0
200328,1,1,1995,0,0,0,0,0,0,0,0,0,0
200329,1,1,1995,0,0,0,0,0,0,0,0,0,0
200329,2,1,1995,0,0,0,0,0,0,0,0,0,0
200330,1,1,1995,0,0,0,0,0,0,0,0,0,0
200331,1,1,1995,0,0,0,0,0,0,0,0,0,0
200331,2,1,1995,0,0,0,0,0,0,0,0,0,0
200332,0,1,1995,0,0,0,0,0,0,0,0,0,0
200332,1,1,1995,0,0,0,0,0,0,0,0,0,0
200333,1,1,1995,0,37,0,0,0,0,0,0,0,0
200335,1,1,1995,0,0,0,0,0,0,0,0,0,0
200336,1,1,1995,0,0,0,0,0,0,0,0,0,0
200337,1,1,1995,0,0,0,0,0,0,0,0,0,0
200337,2,1,1995,0,0,0,0,0,0,0,0,0,0
200338,1,1,1995,19,19,19,19,19,19,19,19,19,19
200339,1,1,1995,0,0,0,0,0,0,0,0,0,0
200339,2,1,1995,25,25,25,25,25,25,25,25,25,25
200340,1,1,1995,13,13,13,13,13,13,13,13,13,13
200341,1,1,1995,0,0,0,0,0,0,0,0,0,0
200342,1,1,1995,0,0,0,0,0,0,0,0,0,0
200343,1,1,1995,0,0,0,0,0,0,0,0,0,0
200343,2,1,1995,0,0,0,0,0,12,0,0,0,0
200343,3,1,1995,0,0,0,0,0,0,0,0,0,0
200343,4,1,1995,0,0,0,0,0,0,0,0,0,0
200344,1,1,1995,0,0,0,0,0,0,0,0,0,0
200344,2,1,1995,0,0,0,0,0,7,0,0,0,0
200345,1,1,1995,18,18,18,18,18,18,18,18,18,18
200345,2,1,1995,15,7,17,22,10,20,26,11,20,0
200346,0,1,1995,0,0,0,0,0,0,0,0,0,0
200346,1,1,1995,0,0,0,0,0,0,0,0,24,0
200347,1,1,1995,55,55,55,55,55,55,55,55,55,55
200348,1,1,1995,0,0,0,0,0,0,0,0,0,0
200348,2,1,1995,0,0,0,0,0,0,0,0,0,0
200349,1,1,1995,10,10,10,10,10,10,10,10,10,10
200350,1,1,1995,31,31,31,31,31,31,31,31,31,31
200351,1,1,1995,0,0,0,10,0,0,0,12,0,0
200351,2,1,1995,0,0,0,0,0,0,0,0,0,0
200352,1,1,1995,0,0,0,0,0,0,0,0,0,0
200352,2,1,1995,18,18,18,18,18,18,18,18,18,18
200353,1,1,1995,0,0,0,0,0,0,0,0,0,0
200353,2,1,1995,0,0,3,0,0,0,0,0,0,0
200354,1,1,1995,0,0,0,0,0,0,0,0,0,0
200355,1,1,1995,14,13,18,8,9,10,11,10,16,4
200356,0,1,1995,0,0,0,0,0,0,0,0,0,0
200356,1,1,1995,0,0,0,0,0,0,0,0,0,0
200357,1,1,1995,0,0,0,0,0,0,0,0,0,0
200357,2,1,1995,0,0,0,0,0,0,0,0,0,0
200358,1,1,1995,0,0,0,0,0,0,0,0,0,0
200358,2,1,1995,0,0,0,0,0,0,0,0,0,0
200359,1,1,1995,0,0,0,0,0,0,0,0,0,0
200360,1,1,1995,0,0,0,0,0,0,0,0,0,0
200361,1,1,1995,17,17,17,17,17,17,17,17,17,17
200361,2,1,1995,0,0,0,0,0,0,0,0,0,0
200361,3,1,1995,0,0,0,0,0,0,0,0,0,0
200362,1,1,1995,15,13,22,13,9,10,20,11,26,18
200362,2,1,1995,0,0,0,0,0,0,0,0,0,0
200363,1,1,1995,0,0,0,0,0,0,0,0,0,0
200363,2,1,1995,0,0,0,0,0,0,0,0,0,0
200364,1,1,1995,0,22,0,0,0,0,0,17,0,0
200365,1,1,1995,24,24,24,24,24,24,24,24,24,24
200366,1,1,1995,15,15,15,15,15,15,15,15,15,15
200366,2,1,1995,0,0,0,0,0,0,0,0,0,0
200366,3,1,1995,0,0,0,0,0,0,0,0,0,0
200367,1,1,1995,0,0,0,0,0,0,0,0,0,0
200367,2,1,1995,10,10,10,10,10,10,10,10,10,10
200368,1,1,1995,0,0,26,0,0,0,0,0,0,0
200368,2,1,1995,0,0,0,0,0,0,0,0,0,0
200369,1,1,1995,13,13,13,13,13,13,13,13,13,13
200370,1,1,1995,32,32,32,32,32,32,32,32,32,32
200370,2,1,1995,2,40,2,7,8,2,41,5,7,23
200371,0,1,1995,9,9,9,9,9,9,9,9,9,9
200372,0,1,1995,32,32,32,32,32,32,32,32,32,32
200372,1,1,1995,19,19,19,19,19,19,19,19,19,19
200373,1,1,1995,11,26,0,9,33,12,0,0,30,13
200374,1,1,1995,0,0,0,0,0,0,0,0,0,0
200374,2,1,1995,0,0,0,0,0,0,0,0,0,0
200375,0,1,1995,0,0,0,0,0,0,0,0,0,0
200375,1,1,1995,0,0,0,0,0,0,0,0,0,0
200376,1,1,1995,0,0,0,0,0,0,0,0,0,0
200377,0,1,1995,6,6,6,6,6,6,6,6,6,6
200377,1,1,1995,23,23,16,15,5,11,0,17,21,14
200378,1,1,1995,13,13,13,13,13,13,13,13,13,13
200379,1,1,1995,8,15,0,42,21,9,16,6,5,0
200380,1,1,1995,19,19,19,19,19,19,19,19,19,19
200381,1,1,1995,7,7,7,7,7,7,7,7,7,7
200382,1,1,1995,0,0,0,0,0,0,0,0,0,0
200382,2,1,1995,0,0,0,0,0,0,0,0,0,0
200383,1,1,1995,0,0,0,0,0,0,0,0,0,0
200383,2,1,1995,0,0,0,0,0,0,0,0,0,0
200384,1,1,1995,0,0,0,0,0,0,0,0,0,0
200384,2,1,1995,0,0,0,0,0,0,0,0,0,0
200384,3,1,1995,0,0,0,0,0,0,0,0,0,0
200384,4,1,1995,0,0,0,0,0,0,0,0,0,0
200385,1,1,1995,0,0,0,0,0,0,0,0,0,0
200386,1,1,1995,0,0,0,0,0,0,0,0,0,0
200386,2,1,1995,0,0,0,0,0,0,0,0,0,0
200387,0,1,1995,0,0,0,0,0,0,0,0,0,0
200387,1,1,1995,12,12,12,12,12,12,12,12,12,12
200388,0,1,1995,0,0,0,0,26,0,0,27,0,0
200388,1,1,1995,0,0,0,0,0,0,0,0,0,0
200389,1,1,1995,17,17,17,17,17,17,17,17,17,17
200390,1,1,1995,30,22,0,14,22,24,15,18,19,23
200391,1,1,1995,0,0,0,0,0,0,0,0,0,0
200391,2,1,1995,0,0,0,0,0,0,0,0,0,0
200392,1,1,1995,0,0,0,0,0,0,0,0,0,0
200393,1,1,1995,23,16,13,0,19,0,0,0,0,0
200393,2,1,1995,0,0,0,0,0,0,0,0,0,0
200394,1,1,1995,0,0,0,0,0,0,0,0,0,0
200394,2,1,1995,0,0,0,0,26,0,0,0,6,0
200395,1,1,1995,17,17,17,17,17,17,17,17,17,17
200397,1,1,1995,0,0,0,0,0,0,0,0,0,0
200398,0,1,1995,0,0,0,0,0,10,0,0,16,23
200398,2,1,1995,0,0,9,0,0,0,0,0,0,0
200399,1,1,1995,0,0,0,0,0,0,0,0,0,0
200399,2,1,1995,0,0,0,0,0,0,0,0,0,0
200400,0,1,1995,11,12,11,24,20,25,5,26,10,15
200400,1,1,1995,22,17,3,13,8,7,21,0,15,17
200401,1,1,1995,0,0,0,0,0,0,0,0,0,0
200402,0,1,1995,0,0,0,0,0,0,0,0,0,0
200402,1,1,1995,0,0,0,0,0,0,0,0,0,0
210001,1,1,1995,25,25,25,25,25,25,25,25,25,25
210002,1,1,1995,0,0,0,0,0,0,0,0,0,0
210002,2,1,1995,0,0,0,0,0,0,0,0,0,0
210003,1,1,1995,0,0,0,0,0,0,0,0,0,0
210003,2,1,1995,0,22,0,0,0,0,0,0,0,0
210004,1,1,1995,0,0,0,0,0,0,0,0,0,0
210004,2,1,1995,18,18,18,18,18,18,18,18,18,18
210005,1,1,1995,0,0,0,0,0,0,0,0,0,0
210005,2,1,1995,0,0,0,0,0,0,0,0,0,0
210006,1,1,1995,0,0,0,0,0,0,0,0,0,0
210006,2,1,1995,0,0,0,0,0,0,0,0,0,0
210007,1,1,1995,0,0,0,0,11,0,0,0,0,0
210007,2,1,1995,0,0,0,0,0,0,0,0,0,0
210008,1,1,1995,0,0,0,0,0,0,0,0,0,0
210008,2,1,1995,0,0,9,0,0,0,0,0,0,0
210009,1,1,1995,4,4,4,4,4,4,4,4,4,4
210009,2,1,1995,0,0,0,0,0,0,0,0,0,0
210010,1,1,1995,0,0,0,0,0,0,0,0,0,0
210010,2,1,1995,0,4,0,0,0,0,0,0,15,0
210010,3,1,1995,0,0,0,0,0,0,0,0,0,0
210010,4,1,1995,0,0,0,0,0,0,0,0,0,0
210011,1,1,1995,0,0,0,0,0,0,0,0,0,0
210011,2,1,1995,0,0,0,0,0,0,0,0,0,0
210011,3,1,1995,0,0,0,0,0,0,0,0,0,0
210011,4,1,1995,0,0,17,0,0,0,0,0,0,0
210012,1,1,1995,0,0,0,0,0,0,0,0,0,0
210012,2,1,1995,16,19,29,17,15,7,10,9,16,5
210013,1,1,1995,0,0,0,0,0,0,0,0,0,0
210013,2,1,1995,0,0,0,0,0,0,0,0,0,0
210014,1,1,1995,0,0,0,0,0,0,0,0,0,0
210014,2,1,1995,0,0,0,0,0,0,0,0,0,0
210015,1,1,1995,0,0,0,0,0,0,0,0,0,0
210015,2,1,1995,0,0,0,0,0,0,0,0,0,0
210016,1,1,1995,0,0,0,0,0,0,0,0,0,0
210016,2,1,1995,0,0,0,0,0,0,0,0,0,0
210017,1,1,1995,0,0,0,0,0,0,0,0,0,0
210017,2,1,1995,0,0,0,0,0,0,0,0,0,0
210018,1,1,1995,0,0,0,0,0,0,0,0,0,0
210018,2,1,1995,0,0,0,0,0,0,0,0,0,0
210019,1,1,1995,0,0,0,0,0,0,0,0,0,0
210019,2,1,1995,0,0,0,0,0,0,0,0,0,0
210020,1,1,1995,0,0,0,0,0,0,0,0,0,0
210021,1,1,1995,0,0,0,0,0,0,0,0,0,0
210021,2,1,1995,0,0,0,0,0,0,0,0,0,0
210022,1,1,1995,10,10,10,10,10,10,10,10,10,10
210023,1,1,1995,7,7,7,7,7,7,7,7,7,7
210024,1,1,1995,0,0,0,0,0,0,0,0,0,0
210024,2,1,1995,0,0,0,0,0,0,0,0,0,0
210024,3,1,1995,0,0,0,0,0,0,0,0,0,0
210024,4,1,1995,0,0,0,14,0,0,0,0,0,0
210025,1,1,1995,0,17,24,0,0,26,18,22,43,0
210026,1,1,1995,9,9,9,9,9,9,9,9,9,9
210026,2,1,1995,0,0,0,0,0,0,0,0,0,0
210027,1,1,1995,0,0,0,0,0,0,0,0,0,0
210028,0,1,1995,32,32,32,32,32,32,32,32,32,32
210028,1,1,1995,0,0,0,0,0,0,0,0,0,0
210029,0,1,1995,0,0,0,0,0,0,0,0,0,0
210029,1,1,1995,0,0,0,0,0,0,0,0,0,0
210030,1,1,1995,0,0,0,0,0,0,0,0,0,0
210031,1,1,1995,16,16,16,16,16,16,16,16,16,16
210032,0,1,1995,13,13,13,13,13,13,13,13,13,13
210032,1,1,1995,0,0,0,0,0,0,0,0,0,0
210033,0,1,1995,0,0,0,0,0,0,0,0,27,0
210033,0,2,1995,0,0,0,0,0,0,0,0,18,0
210033,1,1,1995,0,0,0,0,0,0,0,0,0,0
210034,1,1,1995,0,0,0,0,0,0,0,0,0,0
210035,1,1,1995,13,13,13,13,13,13,13,13,13,13
210036,1,1,1995,25,25,25,25,25,25,25,25,25,25
210037,1,1,1995,19,19,19,19,19,19,19,19,19,19
210038,1,1,1995,0,0,0,0,0,0,0,0,0,0
210039,0,1,1995,0,0,0,20,0,0,0,0,0,20
210039,1,1,1995,0,0,0,0,0,0,0,0,0,0
210040,1,1,1995,15,15,15,15,15,15,15,15,15,15
210041,1,1,1995,0,0,0,0,0,0,0,0,0,0
210042,1,1,1995,0,0,0,0,0,0,0,12,0,0
210042,2,1,1995,0,0,0,0,0,0,0,0,0,0
210043,1,1,1995,0,0,0,0,0,0,0,0,0,0
210043,2,1,1995,0,0,0,0,0,0,0,23,0,11
210044,1,1,1995,0,0,0,35,0,0,0,0,0,0
210044,2,1,1995,0,0,0,0,0,0,0,0,0,0
210045,1,1,1995,0,0,0,0,0,0,0,0,0,0
210045,2,1,1995,0,0,0,0,0,0,0,0,0,0
210045,3,1,1995,0,0,0,0,0,0,0,0,0,0
210046,1,1,1995,0,0,0,0,0,0,0,0,0,0
210046,2,1,1995,0,0,0,0,0,0,0,0,0,0
210047,1,1,1995,0,0,0,0,0,0,0,0,0,0
210047,2,1,1995,0,0,0,0,0,0,0,0,0,0
210048,1,1,1995,0,0,0,0,0,0,0,0,0,0
210048,2,1,1995,0,0,0,0,0,0,0,0,0,0
210049,1,1,1995,0,0,0,0,0,0,0,0,0,0
210049,2,1,1995,0,0,0,0,0,0,0,0,0,0
210050,1,1,1995,0,0,0,0,0,0,0,0,0,0
210051,1,1,1995,3,3,3,3,3,3,3,3,3,3
210052,1,1,1995,0,0,0,0,0,0,0,0,0,0
210052,2,1,1995,0,0,0,0,0,0,0,0,0,0
210053,1,1,1995,19,19,19,19,19,19,19,19,19,19
210054,1,1,1995,0,0,0,0,0,0,0,0,0,0
210054,2,1,1995,0,0,0,0,0,0,0,0,0,0
210055,1,1,1995,11,11,11,11,11,11,11,11,11,11
210055,2,1,1995,0,0,0,0,0,0,0,0,0,0
210055,3,1,1995,0,0,0,0,0,0,0,0,0,0
210056,1,1,1995,0,0,0,0,0,0,0,0,0,0
210057,1,1,1995,0,0,0,0,0,0,0,0,0,0
210057,2,1,1995,0,0,0,0,0,0,0,0,0,0
210058,1,1,1995,0,0,0,0,0,0,0,0,0,0
210058,2,1,1995,0,0,0,0,0,0,0,0,0,0
210059,1,1,1995,0,0,0,0,0,25,0,0,0,0
210060,1,1,1995,0,0,0,0,0,0,0,0,0,0
210061,1,1,1995,0,0,0,0,0,0,0,0,0,0
210062,1,1,1995,23,23,23,23,23,23,23,23,23,23
210063,1,1,1995,0,0,0,0,0,0,0,0,0,0
210064,1,1,1995,0,0,0,0,0,0,0,0,0,0
210065,1,1,1995,0,0,0,0,0,0,0,0,0,0
210066,1,1,1995,0,0,0,0,0,0,0,0,0,0
210066,2,1,1995,0,0,0,0,0,0,0,0,0,0
210067,1,1,1995,0,0,0,0,0,0,0,0,0,0
210067,2,1,1995,0,0,0,0,0,0,0,0,0,0
210068,1,1,1995,0,0,0,0,0,0,0,0,0,0
210068,2,1,1995,0,0,0,0,0,0,0,26,0,0
210069,1,1,1995,27,27,27,27,27,27,27,27,27,27
210071,1,1,1995,0,0,0,0,0,0,0,0,0,0
210072,1,1,1995,0,0,0,0,0,0,0,0,0,0
210072,2,1,1995,0,0,0,0,0,0,0,0,6,0
210073,1,1,1995,22,22,22,22,22,22,22,22,22,22
210074,1,1,1995,0,0,0,0,0,0,0,0,0,0
210074,2,1,1995,0,0,0,0,0,0,0,0,0,0
210074,3,1,1995,0,0,0,0,0,0,20,0,0,0
210074,4,1,1995,0,0,0,0,0,0,0,0,0,0
210075,1,1,1995,5,5,5,5,5,5,5,5,5,5
210076,1,1,1995,0,0,0,0,0,0,0,0,12,0
210076,2,1,1995,22,22,22,22,22,22,22,22,22,22
210077,1,1,1995,17,17,17,17,17,17,17,17,17,17
210078,1,1,1995,0,0,0,0,0,0,0,0,0,0
210078,2,1,1995,0,0,0,0,0,0,0,0,0,0
210079,1,1,1995,0,0,0,0,0,0,0,0,0,0
210079,2,1,1995,24,24,24,24,24,24,24,24,24,24
210080,1,1,1995,0,0,0,0,0,0,0,0,0,0
210080,2,1,1995,0,0,0,0,7,0,0,0,0,0
210081,1,1,1995,13,13,13,13,13,13,13,13,13,13
210082,1,1,1995,2,2,2,2,2,2,2,2,2,2
210083,1,1,1995,0,0,0,0,0,0,0,0,0,0
210083,2,1,1995,0,0,0,0,0,0,0,0,0,0
210084,1,1,1995,24,24,24,24,24,24,24,24,24,24
210086,1,1,1995,8,8,8,8,8,8,8,8,8,8
210087,1,1,1995,17,17,17,17,17,17,17,17,17,17
210088,1,1,1995,0,0,0,0,0,0,0,0,0,0
210088,2,1,1995,0,0,0,0,0,0,0,0,0,0
210089,1,1,1995,0,0,0,0,0,0,0,0,0,0
210089,2,1,1995,0,0,0,0,0,0,0,0,0,0
210090,1,1,1995,15,7,16,14,26,26,0,0,15,41
210091,1,1,1995,10,10,10,10,10,10,10,10,10,10
210092,1,1,1995,0,0,0,0,0,0,0,0,0,0
210093,1,1,1995,0,0,0,0,0,0,0,0,0,0
210094,1,1,1995,0,0,0,0,0,0,0,0,0,0
210094,2,1,1995,0,0,0,0,0,0,0,0,0,0
210095,1,1,1995,0,0,0,0,0,0,0,0,0,0
210096,1,1,1995,0,5,19,6,15,16,9,15,10,3
210097,1,1,1995,3,3,3,3,3,3,3,3,3,3
210098,1,1,1995,19,19,19,19,19,19,19,19,19,19
210099,1,1,1995,12,12,12,12,12,12,12,12,12,12
210100,1,1,1995,0,0,0,0,0,0,0,0,0,0
210100,2,1,1995,0,0,0,0,0,0,0,0,0,0
210101,0,1,1995,33,33,33,33,33,33,33,33,33,33
210101,1,1,1995,0,0,0,0,0,0,0,0,0,0
210102,0,1,1995,0,0,0,0,0,0,0,0,22,0
210102,1,1,1995,26,26,26,26,26,26,26,26,26,26
210103,1,1,1995,0,0,0,0,0,0,0,0,0,0
210104,1,1,1995,0,0,0,0,0,0,0,0,0,0
210104,2,1,1995,0,0,0,0,0,0,0,0,0,0
210105,0,1,1995,0,0,0,0,0,0,0,0,0,0
210105,1,1,1995,0,0,0,0,0,0,0,0,0,0
210106,1,1,1995,0,0,0,0,0,0,0,0,0,0
210107,1,1,1995,0,0,0,0,0,0,0,0,0,0
210108,1,1,1995,21,21,21,21,21,21,21,21,21,21
210109,0,1,1995,0,0,0,0,0,0,0,0,0,0
210109,1,1,1995,0,0,0,0,0,0,12,0,0,7
210110,1,1,1995,25,25,25,25,25,25,25,25,25,25
210111,1,1,1995,0,0,0,0,0,0,0,0,0,0
210112,1,1,1995,25,25,25,25,25,25,25,25,25,25
210113,0,1,1995,0,0,0,0,0,0,0,0,0,0
210113,1,1,1995,0,0,0,0,0,0,0,0,0,0
210114,1,1,1995,0,0,0,0,0,0,0,0,0,0
210114,2,1,1995,0,0,0,0,0,0,0,0,0,0
210115,1,3,1995,0,0,0,0,35,0,0,0,0,0
210116,1,1,1995,0,0,0,0,0,0,0,0,0,0
210116,2,1,1995,0,0,0,0,0,0,0,0,0,0
210117,1,1,1995,0,0,0,0,0,0,0,0,0,0
210117,2,1,1995,0,22,0,0,0,0,0,0,0,0
210118,1,1,1995,0,0,0,0,0,0,0,0,0,0
210118,2,1,1995,0,0,0,0,0,0,0,0,0,0
210119,1,1,1995,0,0,0,0,0,0,0,0,0,0
210119,2,1,1995,0,0,0,0,0,0,0,0,0,0
210120,1,1,1995,0,0,0,0,0,0,0,0,0,0
210120,2,1,1995,0,0,0,0,0,0,0,0,0,0
210121,1,1,1995,0,0,0,0,0,0,0,0,0,17
210121,2,1,1995,0,0,0,0,0,0,0,0,0,0
210122,1,1,1995,0,0,0,0,0,0,0,0,0,0
210122,2,1,1995,0,0,0,0,0,0,0,0,0,0
210123,1,1,1995,5,5,5,5,5,5,5,5,5,5
210123,2,1,1995,0,0,0,0,0,0,0,0,0,0
210124,1,1,1995,0,0,0,0,0,0,0,0,0,0
210124,2,1,1995,0,0,0,0,0,0,0,0,0,0
210126,1,1,1995,0,0,0,0,0,0,0,0,0,0
210126,2,1,1995,0,0,0,0,0,0,0,0,0,0
210127,1,1,1995,0,0,0,0,0,0,0,0,0,0
210127,2,1,1995,0,0,0,0,0,0,0,0,0,0
210128,1,1,1995,24,24,24,24,24,24,24,24,24,24
210128,2,1,1995,0,0,0,0,0,0,0,0,0,0
210128,3,1,1995,0,0,0,0,0,0,0,0,0,0
210129,1,1,1995,0,0,0,0,0,0,0,0,0,0
210129,2,1,1995,0,0,0,0,0,0,0,0,0,0
210129,3,1,1995,0,0,0,0,0,0,0,0,0,0
210130,1,1,1995,0,0,0,0,0,0,0,0,0,0
210130,2,1,1995,0,0,0,0,0,0,0,0,0,0
210130,3,1,1995,0,0,0,0,0,0,0,0,0,0
210131,1,1,1995,17,17,17,17,17,17,17,17,17,17
210131,2,1,1995,0,0,0,0,0,0,0,0,0,0
210132,1,1,1995,0,0,0,0,0,0,0,0,0,0
210132,2,1,1995,0,0,0,0,0,0,0,0,0,0
210133,1,1,1995,5,5,5,5,5,5,5,5,5,5
210134,1,1,1995,0,0,0,0,0,0,0,0,0,0
210135,1,1,1995,0,0,0,0,0,0,0,0,0,0
210136,1,1,1995,0,4,0,0,0,11,0,0,0,0
210137,1,1,1995,0,0,0,0,0,0,0,0,0,0
210137,2,1,1995,0,0,0,0,0,0,0,0,0,0
210137,3,1,1995,0,0,0,0,0,0,0,0,0,0
210138,1,1,1995,0,0,0,0,0,0,0,0,0,0
210138,2,1,1995,0,0,0,0,0,0,0,0,0,0
210138,3,1,1995,0,0,0,0,0,0,0,0,0,0
210139,1,1,1995,0,0,0,0,0,0,0,0,0,0
210139,2,1,1995,0,0,0,0,0,0,0,0,0,0
210140,1,1,1995,0,0,0,0,0,0,0,0,0,0
210140,2,1,1995,0,0,0,0,0,0,0,0,0,0
210141,1,1,1995,0,0,0,0,0,0,0,0,0,0
210141,2,1,1995,0,0,0,0,0,0,0,0,0,0
210142,1,1,1995,0,0,0,0,0,0,0,0,0,0
210142,2,1,1995,0,0,0,0,0,0,0,0,0,0
210143,0,1,1995,0,0,0,0,0,0,0,0,0,0
210143,1,1,1995,0,0,0,0,0,0,0,0,0,0
210144,1,1,1995,0,0,0,0,0,0,0,0,0,0
210145,1,1,1995,3,3,3,3,3,3,3,3,3,3
210146,1,1,1995,0,0,0,0,0,0,0,0,0,0
210147,1,1,1995,0,0,0,0,0,0,0,0,0,0
210148,1,1,1995,18,18,18,18,18,18,18,18,18,18
210149,1,1,1995,0,0,0,0,0,0,0,0,0,23
210150,1,1,1995,12,12,12,12,12,12,12,12,12,12
210151,1,1,1995,13,13,13,13,13,13,13,13,13,13
210152,1,1,1995,9,9,9,9,9,9,9,9,9,9
210153,1,1,1995,0,0,0,0,0,0,0,0,0,0
210154,0,1,1995,0,0,0,0,0,0,0,0,0,0
210154,1,1,1995,0,0,0,0,0,0,0,0,0,0
210156,1,1,1995,6,6,6,6,6,6,6,6,6,6
210157,1,1,1995,0,0,0,0,0,0,0,0,0,0
210157,2,1,1995,0,0,0,0,0,0,0,0,0,0
210158,1,1,1995,15,15,15,15,15,15,15,15,15,15
210158,2,1,1995,0,0,0,0,0,0,0,0,0,0
210159,0,1,1995,0,0,0,0,0,0,0,0,0,0
210159,1,1,1995,0,0,0,0,0,0,0,0,0,0
210160,1,1,1995,0,0,0,0,0,0,0,0,0,0
210161,1,1,1995,0,0,0,0,0,0,0,0,0,0
210162,1,1,1995,8,8,8,8,8,8,8,8,8,8
210162,2,1,1995,0,0,0,0,0,0,34,0,0,0
210163,1,1,1995,11,11,11,11,11,11,11,11,11,11
210164,1,1,1995,12,12,12,12,12,12,12,12,12,12
210165,1,1,1995,16,16,16,16,16,16,16,16,16,16
210165,2,1,1995,0,0,0,0,0,0,0,0,0,0
210166,1,1,1995,13,11,30,11,16,32,19,17,12,0
210166,2,1,1995,0,0,0,0,0,0,0,0,20,0
210167,1,1,1995,0,0,0,0,0,0,0,0,0,0
210167,2,1,1995,0,0,0,0,0,0,0,0,0,0
210168,1,1,1995,23,23,23,23,23,23,23,23,23,23
210168,2,1,1995,0,0,0,0,0,0,0,0,0,0
210169,1,1,1995,0,0,0,0,0,0,0,0,0,0
210169,2,1,1995,0,0,0,0,0,0,0,0,0,0
210170,1,1,1995,0,0,0,0,0,0,0,0,0,0
210170,2,1,1995,0,0,0,27,0,0,0,0,0,0
210171,1,1,1995,16,16,16,16,16,16,16,16,16,16
210171,2,1,1995,0,0,0,0,0,0,0,0,0,0
210172,1,1,1995,0,0,0,0,0,0,0,0,0,0
210172,2,1,1995,0,0,0,0,0,0,0,0,0,0
210173,1,1,1995,0,0,0,0,0,0,0,0,0,0
210173,2,1,1995,0,0,0,0,0,0,0,0,0,0
210173,3,1,1995,0,0,0,0,0,0,0,0,0,0
210174,1,1,1995,0,0,0,11,0,0,0,0,0,0
210174,2,1,1995,0,0,0,0,0,0,0,0,0,0
210175,1,1,1995,0,0,0,0,0,0,0,0,0,0
210176,1,1,1995,13,13,13,13,13,13,13,13,13,13
210177,1,1,1995,24,24,24,24,24,24,24,24,24,24
210178,1,1,1995,0,0,0,0,0,0,0,0,0,0
210179,1,1,1995,14,14,14,14,14,14,14,14,14,14
210180,1,1,1995,13,13,13,13,13,13,13,13,13,13
210181,0,1,1995,0,0,0,0,0,0,0,0,0,0
210181,1,1,1995,0,0,0,0,0,0,0,0,0,0
210182,1,1,1995,0,0,0,0,0,0,0,0,0,0
210182,2,1,1995,0,0,0,0,0,0,0,0,0,0
210184,1,1,1995,0,0,0,0,0,0,0,0,0,0
210184,2,1,1995,0,0,0,0,0,0,0,0,0,0
210185,1,1,1995,0,0,0,0,0,0,0,0,0,0
210185,2,1,1995,0,0,0,0,0,0,0,0,0,0
210185,3,1,1995,0,0,0,0,0,0,0,0,0,0
210186,1,1,1995,19,21,14,17,15,17,18,22,26,22
210187,1,1,1995,0,0,0,0,0,0,0,0,0,0
210188,1,1,1995,0,0,0,0,0,0,0,0,0,0