ST_CASE,VEH_NO,PER_NO,YEAR,P1,P2,P3,P4,P5,P6,P7,P8,P9,P10
220027,1,1,1995,7,7,7,7,7,7,7,7,7,7
220028,1,1,1995,26,26,26,26,26,26,26,26,26,26
220028,2,1,1995,0,0,0,0,0,0,0,0,0,0
220029,1,1,1995,0,0,0,0,0,0,0,0,0,0
220029,2,1,1995,0,0,0,0,0,0,0,0,0,0
220029,3,1,1995,0,0,0,0,0,0,0,0,0,0
220029,4,1,1995,0,0,0,0,0,0,0,0,0,0
220030,1,1,1995,9,9,9,9,9,9,9,9,9,9
220031,1,1,1995,6,6,6,6,6,6,6,6,6,6
220032,1,1,1995,20,20,20,20,20,20,20,20,20,20
220033,1,1,1995,0,0,0,0,0,0,0,0,0,0
220033,2,1,1995,0,0,0,0,0,0,0,0,0,0
220034,1,1,1995,0,0,0,0,0,0,0,0,0,0
220034,2,1,1995,0,0,0,0,0,0,0,0,0,0
220035,1,1,1995,15,0,0,26,18,9,0,7,0,0
220036,1,1,1995,17,17,17,17,17,17,17,17,17,17
220037,1,1,1995,0,0,0,0,0,0,0,0,0,0
220037,2,1,1995,0,0,0,0,0,0,0,0,0,0
220038,0,1,1995,0,0,0,0,0,0,0,0,0,0
220038,1,1,1995,0,0,0,0,0,0,0,0,0,0
220039,1,1,1995,0,0,0,0,0,0,0,0,0,0
220040,1,1,1995,0,0,0,0,0,0,0,0,0,30
220041,1,1,1995,24,24,24,24,24,24,24,24,24,24
220041,2,1,1995,0,0,0,0,0,0,0,0,0,0
220042,1,1,1995,0,0,0,0,0,0,0,0,0,0
220043,1,1,1995,21,21,21,21,21,21,21,21,21,21
220044,1,1,1995,10,10,10,10,10,10,10,10,10,10
220044,2,1,1995,0,0,0,0,0,0,0,0,0,0
220045,1,1,1995,0,0,0,0,0,0,0,0,7,0
220045,2,1,1995,0,0,0,0,0,0,0,0,0,0
220045,3,1,1995,0,0,0,0,0,0,0,0,0,0
220046,1,1,1995,15,15,15,15,15,15,15,15,15,15
220047,1,1,1995,0,0,0,0,0,0,0,0,0,0
220047,2,1,1995,0,0,0,0,0,0,18,0,0,0
220048,1,1,1995,2,2,2,2,2,2,2,2,2,2
220048,2,1,1995,0,0,0,0,0,0,0,0,0,0
220049,0,1,1995,0,0,0,0,0,0,0,0,0,0
220049,1,1,1995,0,0,0,0,0,0,0,0,0,0
220050,1,1,1995,9,9,9,9,9,9,9,9,9,9
220051,1,1,1995,0,0,0,0,0,0,0,0,0,0
220051,2,1,1995,0,0,0,0,0,0,0,0,0,0
220052,1,1,1995,13,13,13,13,13,13,13,13,13,13
220053,1,1,1995,14,14,14,14,14,14,14,14,14,14
220053,2,1,1995,0,0,0,0,0,0,0,0,0,0
220054,1,1,1995,0,0,0,0,0,0,0,0,0,0
220054,2,1,1995,0,0,0,0,0,0,0,0,0,0
220055,0,1,1995,0,0,0,5,0,0,0,0,0,20
220055,1,1,1995,0,0,0,0,0,0,0,0,0,12
220056,1,1,1995,0,0,0,0,0,0,0,0,0,0
220057,1,1,1995,8,8,8,8,8,8,8,8,8,8
220057,2,1,1995,0,0,0,0,0,0,0,0,0,0
220058,1,1,1995,0,0,0,0,0,0,0,0,0,0
220058,2,1,1995,0,0,0,0,0,0,0,0,0,0
220059,1,1,1995,0,33,0,0,0,0,0,0,0,0
220060,1,1,1995,0,0,0,0,0,0,0,0,0,0
220060,2,1,1995,0,0,0,0,19,0,0,0,0,0
220060,3,1,1995,0,0,0,0,0,10,21,0,0,0
220061,1,1,1995,16,16,16,16,16,16,16,16,16,16
220061,2,1,1995,0,0,0,0,0,24,0,0,0,0
220062,1,1,1995,23,23,23,23,23,23,23,23,23,23
220063,1,1,1995,4,4,4,4,4,4,4,4,4,4
220064,1,1,1995,0,0,0,0,0,0,0,0,0,0
220064,2,1,1995,2,2,2,2,2,2,2,2,2,2
220065,1,1,1995,0,0,0,0,0,0,0,0,0,0
220065,2,1,1995,0,0,0,0,0,0,0,0,0,0
220066,1,1,1995,24,24,24,24,24,24,24,24,24,24
220066,2,1,1995,0,0,0,0,0,0,0,0,0,8
220067,1,1,1995,0,27,13,16,0,0,0,11,13,0
220068,1,1,1995,4,4,4,4,4,4,4,4,4,4
220068,2,1,1995,0,0,16,0,0,0,23,19,22,0
220069,1,1,1995,0,0,0,0,0,0,0,0,0,0
220069,2,1,1995,0,0,0,0,0,0,0,0,0,11
220070,0,1,1995,15,15,15,15,15,15,15,15,15,15
220070,1,1,1995,0,0,0,0,0,0,0,0,0,0
220071,1,1,1995,0,0,0,0,0,0,0,0,0,0
220071,2,1,1995,0,0,0,0,0,0,0,0,0,0
220072,1,1,1995,0,0,17,0,0,5,0,0,0,0
220073,1,1,1995,16,16,16,16,16,16,16,16,16,16
220074,1,1,1995,0,0,0,0,0,0,0,0,0,0
220075,1,1,1995,0,0,0,0,0,0,0,0,0,0
220075,2,1,1995,0,0,0,0,0,0,0,0,0,0
220076,0,1,1995,20,20,20,20,20,20,20,20,20,20
220076,1,1,1995,0,0,0,0,0,0,0,0,0,0
220077,1,1,1995,0,0,0,0,0,0,0,0,0,0
220077,2,1,1995,0,0,0,0,0,0,0,0,0,0
220078,1,1,1995,16,16,16,16,16,16,16,16,16,16
220078,2,1,1995,0,0,0,0,0,0,0,0,0,0
220079,1,1,1995,0,0,0,0,0,0,0,0,0,0
220079,2,1,1995,11,11,11,11,11,11,11,11,11,11
220079,3,1,1995,0,0,0,0,0,0,0,0,0,0
220079,4,1,1995,0,0,0,0,0,0,0,0,0,0
220080,1,1,1995,0,0,0,0,0,0,0,0,0,0
220080,2,1,1995,0,0,0,0,0,0,0,0,0,0
220081,1,1,1995,21,21,21,21,21,21,21,21,21,21
220082,1,1,1995,17,17,17,17,17,17,17,17,17,17
220083,1,1,1995,22,22,22,22,22,22,22,22,22,22
220084,1,1,1995,0,0,0,0,0,0,0,0,0,0
220085,1,1,1995,7,5,17,8,8,6,43,2,24,41
220086,1,1,1995,0,0,0,0,0,0,0,0,0,0
220087,1,1,1995,0,0,0,23,0,0,0,14,0,0
220088,1,1,1995,0,0,0,12,22,12,21,19,0,0
220089,1,1,1995,27,0,14,0,0,0,22,11,0,14
220090,1,1,1995,0,0,0,0,0,0,0,0,0,0
220091,0,1,1995,0,0,0,0,0,0,0,0,0,0
220091,1,1,1995,0,0,0,0,0,0,0,0,0,0
220092,1,1,1995,0,0,0,0,0,0,0,0,0,0
220092,2,1,1995,0,0,0,0,0,0,0,0,0,0
220093,1,1,1995,7,7,7,7,7,7,7,7,7,7
220093,2,1,1995,11,11,11,11,11,11,11,11,11,11
220094,1,1,1995,0,0,0,0,0,0,0,0,0,5
220095,1,1,1995,6,6,6,6,6,6,6,6,6,6
220096,1,1,1995,3,3,3,3,3,3,3,3,3,3
220096,2,1,1995,0,0,0,0,0,0,0,0,0,0
220096,3,1,1995,0,0,0,0,0,0,0,0,0,0
220096,4,1,1995,0,0,0,0,0,0,0,0,0,0
220097,1,1,1995,21,21,21,21,21,21,21,21,21,21
220097,2,1,1995,28,0,0,0,0,2,0,0,0,0
220097,3,1,1995,14,22,0,0,0,0,10,0,0,0
220099,1,1,1995,18,18,18,18,18,18,18,18,18,18
220100,1,1,1995,14,14,14,14,14,14,14,14,14,14
220101,1,1,1995,0,0,0,0,0,0,0,0,0,0
220101,2,1,1995,0,0,0,0,0,0,0,0,0,0
220102,1,1,1995,0,0,0,0,0,0,0,0,0,0
220102,2,1,1995,0,0,0,0,0,0,0,0,0,0
220103,1,1,1995,32,32,32,32,32,32,32,32,32,32
220104,1,1,1995,0,0,0,0,0,0,0,0,0,0
220104,2,1,1995,0,0,0,0,0,0,0,0,0,0
220105,1,1,1995,29,29,29,29,29,29,29,29,29,29
220106,1,1,1995,0,0,0,0,0,0,0,0,0,0
220106,2,1,1995,0,0,0,0,0,0,0,0,0,0
220107,1,1,1995,16,16,16,16,16,16,16,16,16,16
220108,1,1,1995,6,6,6,6,6,6,6,6,6,6
220109,1,1,1995,23,23,23,23,23,23,23,23,23,23
220110,1,1,1995,11,6,13,8,0,17,18,7,0,0
220111,0,1,1995,27,27,27,27,27,27,27,27,27,27
220111,1,1,1995,0,0,0,0,0,0,0,0,0,0
220112,1,1,1995,20,20,20,20,20,20,20,20,20,20
220114,1,1,1995,0,6,0,24,0,0,11,0,11,0
220115,1,1,1995,0,0,0,0,0,0,0,0,0,0
220116,1,1,1995,0,0,0,0,0,0,0,0,0,0
220116,2,1,1995,0,0,0,0,0,0,11,0,0,0
220117,1,1,1995,1,1,1,1,1,1,1,1,1,1
220118,1,1,1995,9,9,9,9,9,9,9,9,9,9
220119,0,1,1995,0,0,0,0,0,0,0,0,0,0
220119,1,1,1995,0,0,0,0,0,0,0,0,0,0
220120,0,1,1995,23,21,10,0,0,0,0,0,0,0
220120,0,2,1995,16,24,0,20,27,32,0,22,35,20
220120,1,1,1995,0,0,0,0,0,0,0,0,0,0
220121,1,1,1995,25,25,25,25,25,25,25,25,25,25
220121,2,1,1995,0,0,0,0,0,0,0,0,0,0
220122,1,1,1995,0,0,0,0,0,0,0,17,0,14
220123,1,1,1995,0,0,0,0,0,0,0,0,0,0
220123,2,1,1995,0,0,0,0,0,0,0,0,0,0
220124,1,1,1995,33,33,33,33,33,33,33,33,33,33
220124,2,1,1995,0,0,0,0,0,0,0,0,0,0
220125,1,1,1995,5,5,5,5,5,5,5,5,5,5
220126,1,1,1995,23,23,23,23,23,23,23,23,23,23
220126,2,1,1995,0,0,0,0,0,0,0,0,0,0
220127,1,1,1995,0,0,0,0,0,0,0,0,0,0
220127,2,1,1995,0,0,0,0,0,0,0,0,0,0
220128,1,1,1995,0,0,0,0,0,0,0,0,0,0
220128,2,1,1995,0,0,0,0,0,0,0,0,0,0
220129,1,1,1995,10,10,10,10,10,10,10,10,10,10
220129,2,1,1995,0,0,0,0,0,0,0,0,0,0
220130,1,1,1995,0,0,0,0,0,0,0,0,0,0
220131,1,1,1995,0,0,0,0,0,0,0,0,0,0
220132,1,1,1995,0,0,0,0,0,0,0,0,0,0
220133,1,1,1995,0,0,21,0,13,19,14,0,0,0
220134,1,1,1995,0,0,0,0,0,11,8,0,0,0
220135,0,1,1995,0,23,0,0,0,0,0,0,0,15
220135,1,1,1995,0,0,0,0,0,0,0,0,0,0
220136,1,1,1995,18,18,18,18,18,18,18,18,18,18
220136,2,1,1995,0,19,17,0,22,28,12,18,27,24
220137,0,1,1995,22,25,23,15,17,34,13,11,23,9
220137,1,1,1995,0,0,0,0,5,0,7,0,2,0
220138,1,1,1995,0,0,0,0,0,0,0,0,0,0
220138,2,1,1995,0,0,0,0,0,0,0,0,0,0
220139,0,1,1995,0,17,0,0,0,0,0,0,0,0
220139,1,1,1995,4,4,4,4,4,4,4,4,4,4
220141,1,1,1995,11,11,11,11,11,11,11,11,11,11
220142,1,1,1995,7,7,7,7,7,7,7,7,7,7
220143,1,1,1995,33,33,33,33,33,33,33,33,33,33
220144,1,1,1995,14,14,14,14,14,14,14,14,14,14
220145,0,1,1995,0,0,0,0,0,0,0,0,0,0
220145,1,1,1995,0,0,0,0,0,0,0,0,0,0
220146,1,1,1995,0,0,0,0,0,0,0,0,0,0
220147,1,1,1995,0,0,0,0,0,0,0,0,0,0
220148,1,1,1995,0,0,0,0,0,0,0,0,0,0
220148,2,1,1995,0,0,0,0,0,0,0,0,0,0
220149,1,1,1995,15,7,0,17,0,15,28,25,25,24
220150,1,1,1995,9,9,9,9,9,9,9,9,9,9
220150,2,1,1995,0,0,0,16,0,0,0,0,0,0
220151,1,1,1995,0,0,0,3,0,0,7,0,0,0
220151,2,1,1995,0,0,0,0,0,13,0,0,0,0
220152,0,1,1995,9,9,9,9,9,9,9,9,9,9
220152,1,1,1995,3,3,3,3,3,3,3,3,3,3
220153,1,1,1995,0,0,0,0,0,0,0,0,0,0
220154,1,1,1995,14,14,14,14,14,14,14,14,14,14
220154,2,1,1995,0,0,0,0,0,0,0,0,0,0
220155,1,1,1995,0,0,0,0,0,0,0,0,0,0
220156,1,1,1995,0,0,0,0,0,0,0,0,0,0
220156,2,1,1995,0,0,0,0,0,0,0,0,0,0
220157,1,1,1995,19,19,19,19,19,19,19,19,19,19
220158,1,1,1995,7,10,19,0,0,0,0,0,35,0
220159,1,1,1995,0,0,0,0,14,0,0,0,0,0
220159,2,1,1995,0,0,0,0,0,0,0,0,0,0
220160,1,1,1995,0,0,0,0,0,0,0,0,0,0
220160,2,1,1995,0,15,0,0,0,0,0,0,0,0
220161,1,1,1995,0,19,19,0,23,0,0,16,0,0
220162,1,1,1995,20,20,20,20,20,20,20,20,20,20
220162,2,1,1995,0,0,0,0,0,0,0,0,0,0
220163,0,1,1995,10,10,10,10,10,10,10,10,10,10
220163,1,1,1995,2,2,2,2,2,2,2,2,2,2
220164,1,1,1995,23,23,23,23,23,23,23,23,23,23
220165,1,1,1995,0,0,0,0,0,0,0,0,0,0
220165,2,1,1995,0,0,0,0,0,0,0,0,0,0
220165,3,1,1995,0,0,0,0,0,0,0,0,0,0
220166,1,1,1995,0,0,0,0,0,0,0,0,0,0
220166,2,1,1995,0,0,0,0,0,0,0,0,0,0
220166,3,1,1995,0,0,0,0,0,0,0,0,0,0
220167,1,1,1995,0,0,0,0,0,0,21,0,0,0
220168,1,1,1995,0,0,0,0,0,0,0,0,0,0
220168,2,1,1995,0,0,0,0,0,0,0,0,0,0
220169,1,1,1995,0,0,0,0,0,0,0,0,0,0
220170,1,1,1995,2,2,2,2,2,2,2,2,2,2
220171,1,1,1995,17,17,17,17,17,17,17,17,17,17
220171,2,1,1995,0,0,0,0,0,0,0,0,0,0
220172,1,1,1995,10,10,10,10,10,10,10,10,10,10
220172,2,1,1995,0,0,0,0,0,0,0,0,0,0
220173,1,1,1995,0,0,0,0,0,0,0,0,0,0
220174,1,1,1995,22,22,22,22,22,22,22,22,22,22
220174,2,1,1995,3,3,3,3,3,3,3,3,3,3
220175,0,1,1995,0,0,0,0,0,0,0,0,0,0
220175,1,1,1995,0,0,0,0,0,0,0,0,0,0
220176,1,1,1995,0,0,0,0,0,15,0,0,0,0
220177,1,1,1995,13,13,13,13,13,13,13,13,13,13
220177,2,1,1995,0,0,0,0,0,0,0,0,0,0
220178,1,1,1995,0,0,0,0,0,0,0,0,0,0
220178,2,1,1995,0,0,0,0,0,0,0,0,0,0
220179,1,1,1995,0,0,0,0,0,0,0,0,0,0
220179,2,1,1995,0,0,0,0,0,0,0,0,0,0
220180,0,1,1995,0,0,0,0,0,0,0,0,0,0
220180,1,1,1995,0,8,13,0,0,0,0,0,0,0
220181,0,1,1995,30,30,30,30,30,30,30,30,30,30
220181,1,1,1995,0,0,0,0,0,0,0,0,0,0
220182,1,1,1995,24,24,24,24,24,24,24,24,24,24
220183,0,1,1995,0,0,0,0,0,0,0,0,0,0
220183,1,1,1995,0,0,0,0,0,0,0,0,0,0
220184,1,1,1995,0,0,0,0,0,0,0,0,0,0
220184,2,1,1995,0,0,0,0,0,0,0,0,0,0
220185,1,1,1995,0,0,0,0,0,0,0,0,0,0
220185,2,1,1995,0,0,0,0,0,0,0,0,0,0
220185,3,1,1995,0,0,0,0,0,0,0,0,0,0
220186,1,1,1995,0,0,0,0,0,0,0,0,0,0
220186,2,1,1995,0,0,0,0,0,0,0,0,0,0
220186,3,1,1995,0,0,0,0,0,0,0,0,0,0
220187,1,1,1995,0,0,0,0,0,0,0,0,0,0
220188,0,1,1995,0,5,0,0,0,0,0,0,0,34
220188,1,1,1995,0,0,0,0,0,0,0,0,0,0
220189,1,1,1995,0,0,0,0,0,0,0,0,0,0
220189,2,1,1995,0,0,0,0,0,0,0,0,0,0
220190,1,1,1995,1,1,1,1,1,1,1,1,1,1
220190,2,1,1995,0,0,0,0,0,0,0,0,0,0
220191,1,1,1995,0,0,0,0,0,0,0,0,0,0
220192,1,1,1995,0,13,23,0,0,24,16,0,14,0
220192,2,1,1995,0,0,0,0,0,0,0,0,0,0
220193,1,1,1995,0,0,0,0,0,0,0,0,0,0
220193,2,1,1995,0,0,0,0,0,0,0,0,0,0
220194,0,1,1995,0,0,0,0,0,0,0,0,0,0
220194,1,1,1995,0,0,0,0,0,0,0,0,0,0
220195,0,1,1995,0,0,0,0,0,0,0,0,0,0
220195,1,1,1995,0,0,0,0,0,0,0,0,0,0
220196,1,1,1995,0,0,0,0,0,0,0,0,0,0
220196,2,1,1995,0,0,0,0,0,0,0,0,0,0
220197,1,1,1995,0,0,0,0,0,0,0,0,0,0
220197,2,1,1995,9,9,9,9,9,9,9,9,9,9
220198,1,1,1995,13,13,13,13,13,13,13,13,13,13
220199,0,1,1995,23,23,23,23,23,23,23,23,23,23
220199,1,1,1995,0,0,7,0,0,0,0,0,36,28
220200,1,1,1995,6,6,6,6,6,6,6,6,6,6
220201,1,1,1995,22,31,17,17,9,9,21,9,0,27
220203,1,1,1995,14,14,14,14,14,14,14,14,14,14
220204,1,1,1995,0,0,0,0,0,0,0,0,0,0
220205,1,1,1995,21,21,21,21,21,21,21,21,21,21
220206,1,1,1995,20,20,20,20,20,20,20,20,20,20
220208,1,1,1995,0,0,0,0,0,0,0,0,0,0
220209,1,1,1995,0,0,0,0,0,0,0,0,0,0
220209,2,1,1995,0,0,0,0,0,0,0,0,0,0
220210,1,1,1995,25,25,25,25,25,25,25,25,25,25
220211,1,1,1995,0,0,0,0,0,0,0,0,0,0
220211,2,1,1995,0,0,0,0,0,0,0,0,0,0
220212,1,1,1995,10,0,7,0,0,0,11,0,0,0
220212,2,1,1995,0,0,0,0,0,0,0,0,0,0
220213,1,1,1995,0,0,0,0,0,0,0,0,0,0
220214,0,1,1995,0,0,0,0,0,0,0,0,0,0
220214,1,1,1995,0,0,0,0,0,0,0,0,0,0
220215,0,1,1995,0,10,13,40,0,21,6,23,18,20
220215,1,1,1995,18,18,18,18,18,18,18,18,18,18
220216,1,1,1995,0,0,0,0,0,0,0,0,0,0
220217,1,1,1995,0,0,0,0,0,0,0,0,0,0
220217,2,1,1995,0,0,0,0,0,0,0,0,0,0
220218,0,1,1995,0,0,0,0,0,0,0,0,0,0
220218,1,1,1995,15,20,15,15,14,19,8,9,14,7
220219,1,1,1995,20,20,20,20,20,20,20,20,20,20
220220,1,2,1995,0,0,0,0,0,20,0,0,0,0
220221,1,1,1995,0,0,0,0,0,0,0,0,0,0
220221,2,1,1995,0,0,0,0,0,0,0,0,0,0
220222,1,1,1995,0,0,0,0,0,0,0,0,0,0
220222,2,1,1995,0,0,0,0,0,0,0,0,0,0
220223,1,1,1995,16,16,16,16,16,16,16,16,16,16
220224,1,1,1995,0,0,0,9,0,0,0,0,0,0
220224,2,1,1995,0,0,0,0,0,0,0,0,0,0
220224,3,1,1995,0,0,0,0,0,0,0,0,0,0
220224,4,1,1995,0,0,0,0,0,0,0,0,0,0
220225,1,1,1995,14,14,14,14,14,14,14,14,14,14
220225,2,1,1995,0,0,0,0,0,0,0,0,0,0
220226,1,1,1995,0,0,0,0,0,0,0,0,0,0
220226,2,1,1995,0,0,0,21,0,0,0,0,0,0
220227,1,1,1995,0,0,26,10,0,15,0,24,28,15
220228,1,1,1995,11,11,11,11,11,11,11,11,11,11
220229,1,1,1995,0,0,0,0,0,0,25,14,0,10
220229,2,1,1995,0,0,0,0,0,0,0,0,0,0
220230,1,1,1995,15,15,15,15,15,15,15,15,15,15
220231,0,1,1995,23,23,23,23,23,23,23,23,23,23
220231,1,1,1995,24,24,24,24,24,24,24,24,24,24
220232,1,1,1995,23,23,23,23,23,23,23,23,23,23
220233,1,1,1995,14,14,14,14,14,14,14,14,14,14
220234,1,1,1995,0,0,0,0,0,0,0,0,0,0
220234,2,1,1995,0,0,0,0,0,0,0,0,0,0
220235,1,1,1995,24,24,24,24,24,24,24,24,24,24
220235,2,1,1995,0,0,0,0,0,0,0,0,0,0
220236,1,1,1995,5,5,5,5,5,5,5,5,5,5
220237,1,1,1995,18,18,18,18,18,18,18,18,18,18
220237,2,1,1995,0,0,0,0,0,0,0,0,0,0
220238,1,1,1995,0,0,0,0,0,0,0,0,0,0
220238,2,1,1995,0,0,0,0,0,0,0,0,0,0
220239,1,1,1995,14,14,14,14,14,14,14,14,14,14
220239,2,1,1995,0,0,0,0,0,0,0,0,0,0
220239,3,1,1995,0,0,0,0,0,0,0,0,0,0
220240,1,1,1995,9,0,8,0,0,0,0,0,0,0
220240,2,1,1995,0,0,0,0,0,0,0,0,0,0
220241,1,1,1995,0,0,0,0,0,0,0,0,0,0
220241,2,1,1995,0,0,0,0,0,0,0,0,0,0
220242,1,1,1995,0,0,0,0,0,0,0,0,0,0
220242,2,1,1995,0,0,0,0,0,0,0,0,0,0
220243,1,1,1995,0,0,0,0,0,0,0,0,0,0
220243,2,1,1995,0,0,0,0,0,0,0,0,0,0
220244,0,1,1995,29,29,29,29,29,29,29,29,29,29
220244,1,1,1995,27,13,9,0,0,14,23,0,55,7
220245,0,1,1995,12,12,12,12,12,12,12,12,12,12
220245,1,1,1995,0,6,25,33,26,21,16,0,20,8
220246,1,1,1995,0,0,0,0,0,0,0,0,0,0
220246,2,1,1995,0,0,0,0,0,0,0,0,0,0
220247,1,1,1995,0,0,0,0,0,0,0,0,0,0
220247,2,1,1995,0,0,0,0,0,0,0,0,0,0
220248,1,1,1995,13,13,13,13,13,13,13,13,13,13
220249,1,1,1995,16,16,16,16,16,16,16,16,16,16
220250,0,1,1995,0,0,0,0,0,0,0,0,0,0
220250,1,1,1995,0,0,3,0,10,7,0,0,0,5
220251,1,1,1995,0,0,0,0,0,0,0,0,0,0
220252,1,1,1995,0,0,0,0,0,0,0,0,0,0
220252,2,1,1995,0,0,0,0,0,0,0,0,0,0
220253,0,1,1995,0,0,0,0,0,0,0,0,0,0
220253,1,1,1995,0,0,0,0,0,0,0,0,0,0
220254,1,1,1995,10,10,10,10,10,10,10,10,10,10
220254,2,1,1995,0,0,0,0,0,0,0,0,0,0
220254,3,1,1995,0,0,0,0,0,0,0,0,0,0
220255,1,1,1995,19,19,19,19,19,19,19,19,19,19
220255,2,1,1995,0,0,0,0,0,0,0,0,0,0
220256,1,1,1995,4,0,0,19,0,0,18,0,0,21
220257,1,1,1995,0,0,7,0,0,0,0,0,0,0
220258,0,1,1995,23,23,23,23,23,23,23,23,23,23
220258,1,1,1995,7,0,18,18,18,0,12,27,14,0
220259,1,1,1995,7,7,7,7,7,7,7,7,7,7
220259,2,1,1995,0,0,0,0,0,0,0,0,0,0
220260,1,1,1995,16,16,16,16,16,16,16,16,16,16
220261,1,1,1995,0,0,0,0,0,0,0,0,0,0
220261,2,1,1995,0,0,0,0,0,0,0,0,0,0
220262,1,1,1995,0,0,0,0,0,0,0,0,0,0
220263,0,1,1995,0,0,0,0,0,0,0,0,0,0
220263,1,1,1995,0,0,0,0,0,0,0,0,0,0
220264,1,1,1995,6,6,6,6,6,6,6,6,6,6
220265,1,1,1995,26,26,26,26,26,26,26,26,26,26
220266,1,1,1995,17,17,17,17,17,17,17,17,17,17
220267,1,1,1995,9,9,9,9,9,9,9,9,9,9
220268,1,1,1995,6,6,6,6,6,6,6,6,6,6
220268,2,1,1995,4,4,4,4,4,4,4,4,4,4
220269,1,1,1995,0,0,0,0,0,0,0,0,0,0
220270,1,1,1995,0,0,10,4,14,0,8,23,14,24
220271,0,1,1995,8,2,0,0,14,13,25,13,16,17
220271,1,1,1995,0,10,0,14,0,0,0,0,0,0
220272,0,1,1995,11,0,6,0,0,19,0,16,0,0
220272,0,2,1995,0,0,0,0,0,0,0,25,16,0
220272,0,3,1995,5,13,0,0,0,0,0,0,11,0
220272,0,4,1995,0,5,19,0,0,2,12,13,16,0
220272,0,5,1995,0,14,46,0,23,0,29,0,9,0
220272,0,6,1995,0,0,32,0,0,0,12,6,10,0
220272,0,7,1995,0,0,0,0,0,0,0,20,13,6
220272,0,8,1995,0,18,0,0,0,0,0,0,0,0
220272,0,9,1995,0,18,0,14,0,18,8,0,0,0
220272,0,10,1995,0,14,0,22,0,2,21,0,0,10
220272,0,11,1995,13,4,8,0,0,0,0,22,19,11
220272,0,12,1995,0,22,0,0,0,0,0,0,0,0
220272,0,13,1995,0,0,0,0,0,0,0,0,0,0
220272,0,14,1995,0,0,0,0,0,0,0,0,0,0
220272,0,15,1995,25,12,0,0,9,0,15,18,32,21
220272,0,16,1995,0,0,0,13,0,0,0,0,0,0
220272,0,17,1995,16,6,18,0,0,0,0,13,32,11
220272,0,18,1995,2,19,18,0,0,0,10,13,8,15
220272,0,19,1995,18,8,5,0,13,19,3,3,0,42
220272,0,20,1995,0,16,0,0,22,28,7,0,0,14
220272,0,21,1995,18,0,0,5,0,0,0,16,24,18
220272,0,22,1995,0,8,13,0,0,0,0,12,0,7
220272,0,23,1995,0,0,0,5,20,4,16,9,35,17
220272,0,24,1995,6,0,20,0,0,13,19,7,0,0
220272,0,25,1995,17,17,0,0,0,31,0,5,13,0
220272,0,26,1995,0,0,3,0,8,24,20,11,25,16
220272,0,27,1995,34,0,17,0,0,0,36,8,0,0
220272,0,28,1995,19,0,14,0,12,0,0,0,13,15
220272,0,29,1995,0,14,0,0,0,7,0,0,25,21
220272,0,30,1995,12,22,11,16,0,14,13,0,6,27
220272,0,31,1995,5,0,0,0,0,0,0,0,0,0
220272,0,32,1995,0,0,0,2,0,16,0,24,0,5
220272,0,33,1995,31,0,0,5,0,17,32,0,0,0
220272,0,34,1995,11,13,0,0,0,0,31,16,0,27
220272,0,35,1995,11,0,0,0,0,0,27,0,0,0
220272,0,36,1995,0,0,0,0,0,19,0,15,0,16
220272,0,37,1995,5,13,0,0,0,0,0,0,0,20
220272,0,38,1995,14,0,0,0,0,0,12,0,0,0
220272,1,1,1995,15,15,15,15,15,15,15,15,15,15
220273,1,1,1995,22,22,22,22,22,22,22,22,22,22
220274,0,1,1995,1,1,1,1,1,1,1,1,1,1
220274,1,1,1995,0,0,0,0,0,0,0,0,11,0
220275,1,1,1995,11,11,11,11,11,11,11,11,11,11
220275,2,1,1995,0,0,0,0,0,0,0,0,0,0
220276,1,1,1995,18,18,18,18,18,18,18,18,18,18
220276,2,1,1995,14,14,14,14,14,14,14,14,14,14
220276,3,1,1995,0,0,0,0,0,0,0,0,0,0
220277,1,1,1995,12,12,12,12,12,12,12,12,12,12
220278,1,1,1995,27,27,27,27,27,27,27,27,27,27
220279,1,1,1995,0,0,0,0,0,0,0,0,0,0
220280,1,1,1995,18,25,24,23,19,18,14,12,44,22
220281,1,1,1995,7,7,7,7,7,7,7,7,7,7
220282,1,1,1995,20,20,20,20,20,20,20,20,20,20
220283,1,1,1995,0,0,0,0,0,0,0,0,0,0
220283,2,1,1995,0,0,0,0,0,0,0,0,0,0
220284,0,1,1995,0,0,0,0,0,0,0,0,0,0
220284,1,1,1995,0,0,0,0,0,0,0,0,0,0
220285,1,1,1995,3,3,3,3,3,3,3,3,3,3
220285,2,1,1995,0,0,0,0,0,0,0,0,0,0
220286,1,1,1995,0,0,0,0,0,0,0,0,0,0
220287,1,1,1995,13,13,13,13,13,13,13,13,13,13
220287,2,1,1995,13,13,13,13,13,13,13,13,13,13
220287,3,1,1995,12,12,12,12,12,12,12,12,12,12