ST_CASE,VEH_NO,PER_NO,YEAR,P1,P2,P3,P4,P5,P6,P7,P8,P9,P10
260742,2,1,1995,0,0,0,0,0,0,0,0,0,0
260743,1,1,1995,12,12,12,12,12,12,12,12,12,12
260743,2,1,1995,8,8,8,8,8,8,8,8,8,8
260743,3,1,1995,21,0,15,0,0,0,0,0,0,6
260744,1,1,1995,0,0,0,0,0,0,0,0,0,0
260745,1,1,1995,20,20,20,20,20,20,20,20,20,20
260745,2,1,1995,3,3,3,3,3,3,3,3,3,3
260746,1,1,1995,0,0,0,0,0,0,0,0,0,0
260747,1,1,1995,0,0,0,0,0,0,0,0,0,0
260747,2,1,1995,0,0,0,0,0,0,0,0,0,0
260748,1,1,1995,0,0,0,0,0,0,0,0,0,0
260748,2,1,1995,0,0,0,0,0,0,0,0,0,0
260749,1,1,1995,0,0,0,0,0,0,0,0,0,0
260751,0,1,1995,0,0,0,0,0,0,0,0,0,0
260751,1,1,1995,39,20,29,6,4,19,33,18,24,14
260752,1,1,1995,0,0,0,0,0,0,0,0,0,0
260752,2,1,1995,0,0,0,0,0,0,0,0,0,0
260753,0,1,1995,0,0,0,0,0,0,0,0,0,0
260753,1,1,1995,0,0,0,0,0,0,0,0,0,0
260754,1,1,1995,29,29,29,29,29,29,29,29,29,29
260755,1,1,1995,0,0,0,0,0,0,0,0,0,0
260755,2,1,1995,0,0,0,0,0,0,0,0,0,0
260755,3,1,1995,0,0,0,0,0,21,0,0,0,0
260756,1,1,1995,0,0,0,0,0,0,0,0,0,0
260756,2,1,1995,0,0,0,0,0,0,0,0,0,0
260756,3,1,1995,0,0,0,0,0,0,0,0,0,0
260757,1,1,1995,0,0,0,0,0,0,0,0,0,0
260757,2,1,1995,0,0,0,0,0,0,0,0,0,0
260758,1,1,1995,0,0,0,0,0,0,0,0,0,0
260758,2,1,1995,0,0,0,0,0,0,0,0,0,0
260758,3,1,1995,0,0,0,0,0,0,0,0,0,0
260759,1,1,1995,11,11,11,11,11,11,11,11,11,11
260760,0,1,1995,0,0,0,0,0,0,0,0,0,0
260760,1,1,1995,0,0,0,0,0,0,0,0,0,0
260761,1,1,1995,0,0,0,0,0,0,0,0,0,0
260761,2,1,1995,0,0,0,0,0,0,0,0,0,0
260762,1,1,1995,0,0,0,0,0,0,0,0,0,0
260763,1,1,1995,20,20,20,20,20,20,20,20,20,20
260763,2,1,1995,0,0,0,0,0,0,0,0,0,0
260764,1,1,1995,0,0,0,0,0,0,0,0,0,0
260764,2,1,1995,0,0,0,0,0,0,0,0,0,0
260765,1,1,1995,32,32,32,32,32,32,32,32,32,32
260765,2,1,1995,0,0,0,0,0,0,0,0,0,0
260766,1,1,1995,0,0,0,0,0,0,0,0,0,0
260767,1,1,1995,20,20,20,20,20,20,20,20,20,20
260767,2,1,1995,0,0,0,0,0,0,0,0,0,0
260768,1,1,1995,19,19,19,19,19,19,19,19,19,19
260769,0,1,1995,21,21,21,21,21,21,21,21,21,21
260769,1,1,1995,0,0,0,0,0,0,0,0,0,0
260770,1,1,1995,13,13,13,13,13,13,13,13,13,13
260771,1,1,1995,0,0,0,0,0,0,0,0,0,0
260772,1,1,1995,27,27,27,27,27,27,27,27,27,27
260772,2,1,1995,0,0,0,0,0,0,0,0,0,0
260773,1,1,1995,5,5,5,5,5,5,5,5,5,5
260774,1,1,1995,0,0,0,0,0,0,0,0,18,0
260774,2,1,1995,0,0,13,0,0,0,0,0,33,0
260774,3,1,1995,0,0,0,0,0,0,0,0,0,0
260775,0,1,1995,23,23,23,23,23,23,23,23,23,23
260775,1,1,1995,0,0,0,0,0,0,0,0,0,0
260776,1,1,1995,0,0,0,0,0,0,0,0,0,0
260776,2,1,1995,0,0,0,0,0,0,0,0,0,0
260777,1,1,1995,0,0,0,0,0,0,0,0,0,0
260777,2,1,1995,0,0,0,0,0,0,0,0,0,0
260778,1,1,1995,0,0,0,0,0,0,0,0,0,0
260778,2,1,1995,0,0,0,0,0,0,0,0,0,0
260779,1,1,1995,0,0,0,0,0,0,0,0,0,0
260779,2,1,1995,0,0,0,0,0,0,0,0,0,0
260780,1,1,1995,20,21,22,14,15,8,16,19,17,29
260781,1,1,1995,0,0,0,0,0,0,0,0,0,0
260781,2,1,1995,13,0,0,0,0,0,0,0,0,0
260782,0,1,1995,15,15,15,15,15,15,15,15,15,15
260782,1,1,1995,0,0,0,0,0,0,0,0,0,0
260782,2,1,1995,0,0,0,0,0,0,0,0,0,0
260782,3,1,1995,0,0,0,0,0,0,0,0,0,0
260783,1,1,1995,23,23,23,23,23,23,23,23,23,23
260784,1,1,1995,0,0,0,0,0,0,0,0,0,0
260786,1,1,1995,0,0,0,0,0,0,0,0,0,0
260787,1,1,1995,0,0,0,0,0,0,0,0,0,0
260788,1,1,1995,0,0,0,0,0,0,0,0,0,0
260788,2,1,1995,0,0,0,4,0,0,0,0,0,0
260789,1,1,1995,0,0,0,0,0,0,0,0,0,0
260789,2,1,1995,0,0,0,0,0,0,0,0,0,0
260790,1,1,1995,16,25,20,8,15,13,0,17,18,25
260791,1,1,1995,9,9,9,9,9,9,9,9,9,9
260792,1,1,1995,0,0,0,0,0,0,0,0,0,0
260792,2,1,1995,0,0,0,0,0,35,0,0,0,0
260793,1,1,1995,33,33,33,33,33,33,33,33,33,33
260794,1,1,1995,0,0,0,0,0,0,0,0,0,0
260795,1,1,1995,9,9,9,9,9,9,9,9,9,9
260796,1,1,1995,33,33,33,33,33,33,33,33,33,33
260797,0,1,1995,0,0,0,22,0,0,16,0,0,0
260797,1,1,1995,0,0,0,0,0,0,0,0,0,0
260798,1,1,1995,0,0,0,0,0,0,0,0,0,0
260798,2,1,1995,0,0,0,0,0,0,0,0,0,0
260799,0,1,1995,0,0,0,0,0,0,0,0,0,0
260799,1,1,1995,0,0,0,0,0,0,0,0,0,0
260800,1,1,1995,0,0,0,0,0,0,0,0,0,0
260801,1,1,1995,8,8,8,8,8,8,8,8,8,8
260801,2,1,1995,0,8,5,0,0,0,0,0,0,0
260802,1,1,1995,0,0,0,0,0,0,0,0,0,0
260802,2,1,1995,0,0,0,0,0,0,0,0,0,0
260803,1,1,1995,38,38,38,38,38,38,38,38,38,38
260803,2,1,1995,0,0,15,0,29,0,0,0,0,0
260803,3,1,1995,0,0,0,0,0,0,0,0,0,0
260804,1,1,1995,6,6,6,6,6,6,6,6,6,6
260804,2,1,1995,0,0,0,0,0,0,0,0,0,0
260805,1,1,1995,0,0,0,0,0,0,0,0,0,0
260805,2,1,1995,4,4,4,4,4,4,4,4,4,4
260806,0,1,1995,0,0,0,0,6,3,0,0,0,0
260806,1,1,1995,0,0,0,0,0,0,0,0,0,0
260807,1,1,1995,0,0,0,0,0,0,0,0,0,0
260807,2,1,1995,0,0,0,0,0,0,0,0,0,0
260808,1,1,1995,0,0,0,0,0,0,0,0,0,0
260808,2,1,1995,0,0,0,0,0,0,0,0,0,0
260809,1,1,1995,0,0,0,0,0,0,0,0,0,0
260810,1,1,1995,24,24,24,24,24,24,24,24,24,24
260810,2,1,1995,0,0,0,0,0,0,0,0,0,0
260811,0,1,1995,0,0,0,0,0,0,0,0,0,0
260811,1,1,1995,0,36,0,0,0,0,0,0,0,0
260812,1,1,1995,0,0,0,0,0,0,0,0,0,0
260812,2,1,1995,0,0,0,0,0,0,0,0,0,0
260813,1,1,1995,7,7,7,7,7,7,7,7,7,7
260814,0,1,1995,0,0,0,0,10,14,0,0,30,29
260814,1,1,1995,4,9,10,0,0,27,11,0,22,0
260815,1,1,1995,0,0,0,0,0,0,0,0,0,0
260815,2,1,1995,0,0,0,0,0,0,0,0,0,0
260815,3,1,1995,2,2,2,2,2,2,2,2,2,2
260816,1,1,1995,0,0,0,0,0,0,0,0,0,0
260816,2,1,1995,0,0,0,0,0,0,0,0,0,0
260817,1,1,1995,1,1,1,1,1,1,1,1,1,1
260817,2,1,1995,21,7,0,0,25,31,0,4,0,8
260818,1,1,1995,0,0,0,0,0,0,0,0,0,0
260818,2,1,1995,0,9,0,0,0,0,0,0,0,0
260819,0,1,1995,0,0,0,0,0,0,0,0,0,20
260819,1,1,1995,0,0,0,0,0,0,0,0,0,0
260820,1,1,1995,16,16,16,16,16,16,16,16,16,16
260821,1,1,1995,0,0,0,0,0,0,0,0,0,0
260822,1,1,1995,0,0,0,0,0,0,0,0,0,0
260822,2,1,1995,0,0,0,0,0,0,0,0,0,0
260822,3,1,1995,0,0,0,0,0,0,0,0,0,0
260823,1,1,1995,0,0,0,0,0,0,0,0,0,0
260823,2,1,1995,0,0,0,0,0,9,0,23,0,0
260824,1,1,1995,0,0,0,0,0,0,0,0,0,0
260824,2,1,1995,28,28,28,28,28,28,28,28,28,28
260824,3,1,1995,0,0,0,0,0,0,0,4,0,0
260825,1,1,1995,0,0,0,0,0,0,0,0,0,0
260826,1,1,1995,0,0,0,0,0,0,0,0,0,0
260826,2,1,1995,0,0,0,0,0,0,0,0,0,0
260826,3,1,1995,0,0,0,0,0,0,0,0,0,0
260827,0,1,1995,0,0,20,0,8,28,28,0,20,9
260827,1,1,1995,0,0,0,0,0,10,24,0,0,0
260828,1,1,1995,13,13,13,13,13,13,13,13,13,13
260829,1,1,1995,22,22,22,22,22,22,22,22,22,22
260830,1,1,1995,15,15,15,15,15,15,15,15,15,15
260831,1,1,1995,0,0,0,0,0,0,0,0,0,0
260831,2,1,1995,23,0,0,10,0,0,0,0,0,0
260832,1,1,1995,0,0,0,0,0,0,0,0,0,0
260832,2,1,1995,0,0,0,0,0,0,0,0,0,0
260833,1,1,1995,28,28,28,28,28,28,28,28,28,28
260833,2,1,1995,28,28,28,28,28,28,28,28,28,28
260834,1,1,1995,0,0,0,0,0,0,0,0,0,0
260834,2,1,1995,0,0,0,0,0,0,0,0,0,0
260836,1,1,1995,0,0,0,0,0,0,0,0,0,0
260836,2,1,1995,0,0,0,0,0,0,0,0,0,0
260837,1,1,1995,0,0,0,0,0,0,0,0,0,0
260837,2,1,1995,0,0,0,0,0,0,0,0,0,0
260838,1,1,1995,0,0,0,0,0,0,0,0,0,0
260838,2,1,1995,0,0,0,0,0,0,0,0,0,0
260839,0,1,1995,13,0,0,0,0,0,0,0,0,25
260839,1,1,1995,0,0,0,0,0,0,0,0,0,0
260840,1,1,1995,0,0,0,0,0,0,0,0,0,0
260840,2,1,1995,7,7,7,7,7,7,7,7,7,7
260841,1,1,1995,0,0,0,0,0,0,0,0,0,0
260841,2,1,1995,0,0,0,0,0,0,0,0,0,0
260842,1,1,1995,0,0,0,0,0,0,0,0,0,0
260842,2,1,1995,0,0,0,0,0,0,0,0,0,0
260842,3,1,1995,0,0,0,0,0,0,0,0,0,0
260843,1,1,1995,21,21,21,21,21,21,21,21,21,21
260843,2,1,1995,0,0,0,0,0,0,0,0,0,0
260844,1,1,1995,11,11,11,11,11,11,11,11,11,11
260845,1,1,1995,13,13,13,13,13,13,13,13,13,13
260846,1,1,1995,12,6,10,0,7,6,9,19,0,0
260846,2,1,1995,4,0,0,0,0,0,0,0,0,0
260847,1,1,1995,0,0,0,0,0,0,0,0,0,0
260847,2,1,1995,0,11,0,8,16,0,0,0,0,0
260848,1,1,1995,0,0,0,0,0,0,0,0,0,0
260849,1,1,1995,0,14,0,0,0,28,0,0,0,0
260850,1,1,1995,0,0,0,0,0,0,0,0,0,0
260850,2,1,1995,0,0,0,0,0,0,0,0,0,0
260851,1,1,1995,0,0,0,0,0,0,0,0,0,0
260851,2,1,1995,0,0,0,0,0,0,0,0,0,0
260852,1,1,1995,0,0,0,0,0,11,0,0,0,0
260852,2,1,1995,0,12,0,0,0,0,0,0,0,0
260853,1,1,1995,0,0,0,0,0,0,0,0,0,0
260853,2,1,1995,0,0,0,0,0,0,0,0,0,0
260853,3,1,1995,0,0,0,0,0,0,0,0,0,0
260854,1,1,1995,12,0,0,10,0,27,0,0,0,0
260854,2,1,1995,0,0,0,0,0,0,0,0,0,0
260855,1,1,1995,0,0,0,0,0,0,0,0,0,0
260855,2,1,1995,0,0,0,0,0,0,0,0,0,0
260856,1,1,1995,0,0,0,0,0,0,0,0,0,0
260856,2,1,1995,0,0,0,0,0,0,0,0,0,0
260857,1,1,1995,0,0,0,0,0,0,0,0,0,0
260857,2,1,1995,0,0,0,0,0,0,0,0,0,0
260858,0,1,1995,0,0,0,0,0,0,0,0,0,0
260858,1,1,1995,0,0,0,0,0,0,0,0,0,0
260859,0,1,1995,27,27,27,27,27,27,27,27,27,27
260859,1,1,1995,0,0,0,0,0,0,0,0,0,0
260860,1,1,1995,0,0,0,0,0,0,0,0,0,0
260860,2,1,1995,12,0,19,0,0,0,0,0,0,0
260861,1,1,1995,0,0,0,0,0,0,0,0,0,0
260861,2,1,1995,0,0,0,0,0,0,0,0,0,0
260862,1,1,1995,0,0,0,0,0,0,0,0,0,0
260862,2,1,1995,0,0,0,0,0,0,0,0,0,0
260862,3,1,1995,0,0,0,0,0,0,0,0,0,0
260863,0,1,1995,22,22,22,22,22,22,22,22,22,22
260863,1,1,1995,13,13,13,13,13,13,13,13,13,13
260864,1,1,1995,0,0,0,0,0,0,0,0,0,0
260864,2,1,1995,0,0,0,0,0,0,0,0,0,0
260865,1,1,1995,0,0,0,0,0,0,0,0,0,0
260865,2,1,1995,0,0,0,0,0,0,0,0,0,0
260867,1,1,1995,0,0,0,0,0,0,0,0,0,0
260867,2,1,1995,0,0,0,0,0,0,0,0,0,0
260868,1,1,1995,0,0,0,0,0,0,0,0,0,0
260868,2,1,1995,0,0,3,0,0,0,0,0,0,0
260869,1,1,1995,0,0,0,0,0,0,0,0,0,0
260869,2,1,1995,2,2,2,2,2,2,2,2,2,2
260870,0,1,1995,0,0,0,0,20,0,0,0,0,0
260870,1,1,1995,0,0,0,0,0,0,0,0,0,0
260871,1,1,1995,20,20,20,20,20,20,20,20,20,20
260872,1,1,1995,14,14,14,14,14,14,14,14,14,14
260873,1,1,1995,0,0,0,0,0,0,0,0,0,0
260874,1,1,1995,0,0,0,0,0,0,0,0,0,0
260874,2,1,1995,6,6,6,6,6,6,6,6,6,6
260875,1,1,1995,0,0,0,0,0,0,0,0,0,0
260876,1,1,1995,10,10,10,10,10,10,10,10,10,10
260877,1,1,1995,0,0,0,0,0,0,0,0,0,0
260877,2,1,1995,0,0,0,0,0,0,0,0,0,0
260878,0,1,1995,0,0,0,0,0,0,0,0,0,0
260878,1,1,1995,11,11,11,11,11,11,11,11,11,11
260879,1,1,1995,0,0,0,0,0,0,0,0,0,0
260879,2,1,1995,0,18,0,0,0,0,0,0,0,0
260880,0,1,1995,0,32,0,5,20,0,10,0,23,20
260880,1,1,1995,0,0,0,0,0,0,0,0,0,0
260881,1,1,1995,0,0,0,0,0,0,0,0,0,0
260881,2,1,1995,12,0,0,0,0,0,0,0,0,0
260882,1,1,1995,0,15,18,11,17,12,12,10,0,23
260882,2,1,1995,11,0,0,0,0,0,0,0,0,0
260883,0,1,1995,12,12,12,12,12,12,12,12,12,12
260883,1,1,1995,0,0,0,0,0,0,0,0,0,0
260884,1,1,1995,26,7,6,14,21,17,14,18,30,14
260884,2,1,1995,0,0,14,7,0,0,0,0,0,0
260885,1,1,1995,0,0,0,0,0,0,0,0,0,0
260885,2,1,1995,0,0,0,0,0,0,0,0,0,0
260886,1,1,1995,0,0,0,0,0,0,0,0,0,0
260886,2,1,1995,0,0,0,0,0,0,0,0,0,0
260887,1,1,1995,0,26,0,8,26,0,32,0,0,0
260888,1,1,1995,25,25,25,25,25,25,25,25,25,25
260889,1,1,1995,0,0,0,0,0,0,0,0,0,0
260889,2,1,1995,0,0,0,0,0,0,0,0,0,0
260890,1,1,1995,0,0,0,0,0,0,0,0,0,0
260891,1,1,1995,0,0,0,0,0,0,0,0,0,0
260891,2,1,1995,0,0,0,0,0,0,0,0,0,0
260891,3,1,1995,0,0,0,0,0,0,0,0,0,0
260892,1,1,1995,27,27,27,27,27,27,27,27,27,27
260893,1,1,1995,3,17,14,13,17,16,5,20,7,6
260894,1,1,1995,6,6,6,6,6,6,6,6,6,6
260895,0,1,1995,0,0,0,0,0,0,0,0,0,0
260895,1,1,1995,0,0,0,0,0,0,0,0,0,0
260896,1,1,1995,0,0,0,0,0,0,0,0,0,0
260897,1,1,1995,0,0,0,0,0,0,0,0,0,0
260897,2,1,1995,0,0,0,0,0,0,0,0,0,0
260897,3,1,1995,17,21,0,0,0,0,0,0,0,0
260898,1,1,1995,0,0,0,0,0,0,0,0,0,0
260898,2,1,1995,0,0,0,0,0,0,0,0,0,0
260899,1,1,1995,0,0,0,0,0,0,0,0,0,0
260899,2,1,1995,0,0,0,0,0,0,0,0,0,0
260900,1,1,1995,0,0,0,0,0,0,0,0,0,0
260900,2,1,1995,7,8,21,15,11,41,9,8,18,12
260901,1,1,1995,0,0,0,0,0,0,0,0,0,0
260901,2,1,1995,17,17,17,17,17,17,17,17,17,17
260902,1,1,1995,0,0,0,0,0,0,0,0,0,0
260902,2,1,1995,0,0,0,0,0,0,0,0,0,0
260902,3,1,1995,0,0,0,0,0,0,0,0,0,0
260902,4,1,1995,0,0,0,0,0,0,0,0,0,0
260902,5,1,1995,0,0,0,0,0,0,0,0,0,0
260902,6,1,1995,0,0,0,0,0,0,0,0,0,0
260903,1,1,1995,0,0,0,0,0,0,0,0,0,0
260904,1,1,1995,0,0,0,0,0,0,0,0,0,0
260904,2,1,1995,0,0,0,0,0,0,0,0,0,0
260905,1,1,1995,5,5,5,5,5,5,5,5,5,5
260906,1,1,1995,0,0,0,0,0,0,0,0,0,0
260906,2,1,1995,2,2,2,2,2,2,2,2,2,2
260907,1,1,1995,0,0,0,0,0,0,0,11,0,0
260907,2,1,1995,18,12,13,25,0,13,0,20,24,11
260908,1,1,1995,16,16,16,16,16,16,16,16,16,16
260909,1,1,1995,0,0,0,0,0,0,0,0,0,0
260909,2,1,1995,0,0,0,0,0,0,0,0,0,0
260910,1,1,1995,5,3,7,10,6,16,17,10,6,16
260911,0,1,1995,0,0,0,0,0,0,0,0,0,0
260911,1,1,1995,0,0,0,0,0,0,0,0,0,0
260912,1,1,1995,0,0,0,0,0,0,0,0,0,0
260912,2,1,1995,0,0,0,0,0,0,0,0,0,0
260912,3,1,1995,0,0,0,19,0,0,0,0,0,0
260913,1,1,1995,27,27,27,27,27,27,27,27,27,27
260914,1,1,1995,0,17,0,0,0,0,0,0,8,0
260914,2,1,1995,2,2,2,2,2,2,2,2,2,2
260915,1,1,1995,0,0,0,0,0,0,0,0,0,0
260915,2,1,1995,0,0,0,0,0,0,0,0,0,0
260916,0,1,1995,0,0,0,0,0,0,0,0,0,0
260916,1,1,1995,17,17,17,17,17,17,17,17,17,17
260917,1,1,1995,0,0,0,0,0,0,0,0,0,0
260917,2,1,1995,0,0,0,0,0,0,0,0,0,0
260917,3,1,1995,0,0,0,0,0,0,0,0,0,0
260917,4,1,1995,0,0,0,0,0,0,0,0,0,0
260917,5,1,1995,0,0,0,0,0,0,0,3,0,0
260918,0,1,1995,15,15,15,15,15,15,15,15,15,15
260918,1,1,1995,4,4,4,4,4,4,4,4,4,4
260919,1,1,1995,0,0,0,0,0,0,0,0,0,0
260919,2,1,1995,0,18,0,0,0,0,0,0,6,0
260920,1,1,1995,0,11,0,0,19,0,0,0,0,0
260921,1,1,1995,0,0,0,0,0,0,0,0,0,0
260922,1,1,1995,0,0,0,0,0,0,0,0,0,0
260922,2,1,1995,0,0,0,0,0,0,0,0,0,0
260923,1,1,1995,28,28,28,28,28,28,28,28,28,28
260923,2,1,1995,0,0,0,0,0,0,0,0,0,0
260923,3,1,1995,0,0,0,0,0,0,0,0,0,0
260923,4,1,1995,0,0,0,0,0,0,0,0,0,0
260924,1,1,1995,0,0,0,0,0,0,0,0,0,0
260924,2,1,1995,0,0,0,0,0,0,0,0,0,0
260925,1,1,1995,0,0,0,0,0,0,0,0,0,0
260926,1,1,1995,0,0,0,0,0,0,0,0,0,0
260926,2,1,1995,0,0,0,0,0,0,0,0,0,0
260927,1,1,1995,0,0,0,0,0,0,0,0,0,0
260927,2,1,1995,0,0,0,0,0,0,0,0,0,0
260928,1,1,1995,0,0,0,0,0,0,0,0,0,0
260928,2,1,1995,0,0,0,0,0,0,0,0,0,0
260929,1,1,1995,0,0,0,0,0,0,0,0,0,0
260929,2,1,1995,0,0,0,0,0,0,0,0,0,0
260930,1,1,1995,0,0,0,0,0,0,0,0,0,0
260931,1,1,1995,24,24,24,24,24,24,24,24,24,24
260932,1,1,1995,15,15,15,15,15,15,15,15,15,15
260932,2,1,1995,0,0,0,0,0,0,0,0,0,0
260933,1,1,1995,0,0,0,0,0,0,0,0,0,0
260933,2,1,1995,0,0,0,0,0,0,0,0,0,0
260934,1,1,1995,0,0,0,0,0,0,0,0,0,0
260934,2,1,1995,0,0,0,0,0,0,0,0,0,0
260935,1,1,1995,22,10,16,13,19,23,17,4,28,20
260936,1,1,1995,0,0,16,6,0,10,12,0,0,0
260936,2,1,1995,0,0,0,0,0,0,0,14,0,0
260936,3,1,1995,0,0,0,0,0,0,0,0,0,0
260937,1,1,1995,13,13,13,13,13,13,13,13,13,13
260938,1,1,1995,12,12,12,12,12,12,12,12,12,12
260939,0,1,1995,0,0,0,0,0,0,0,0,0,0
260939,1,1,1995,0,0,0,0,10,0,0,0,0,7
260939,2,1,1995,26,15,8,28,8,14,22,16,14,19
260940,1,1,1995,0,0,0,0,0,0,0,0,0,17
260941,0,1,1995,0,0,0,0,0,0,0,0,0,0
260941,1,1,1995,12,0,0,12,0,0,0,0,3,0
260942,0,1,1995,0,0,0,0,0,0,0,0,0,0
260942,1,1,1995,0,0,0,0,0,0,0,0,0,0
260943,1,1,1995,0,0,0,0,0,0,5,0,15,0
260943,2,1,1995,0,0,0,0,0,0,0,0,0,0
260944,1,1,1995,0,0,0,0,0,0,0,0,0,0
260944,2,1,1995,0,0,0,0,0,0,0,0,0,0
260945,0,1,1995,0,0,0,0,0,0,0,0,0,0
260945,1,1,1995,0,0,0,0,0,0,0,0,0,0
260946,1,1,1995,0,0,0,0,0,0,0,0,0,0
260946,2,1,1995,0,0,0,0,0,0,0,0,0,0
260947,0,1,1995,10,10,10,10,10,10,10,10,10,10
260947,1,1,1995,0,1,0,0,7,0,0,21,0,0
260948,1,1,1995,20,20,20,20,20,20,20,20,20,20
260950,1,1,1995,6,6,6,6,6,6,6,6,6,6
260950,2,1,1995,0,0,0,0,0,0,0,0,0,0
260951,1,1,1995,0,0,0,0,0,0,0,0,0,0
260952,1,1,1995,0,6,0,0,0,0,0,0,0,0
260953,1,1,1995,0,0,0,0,0,0,0,0,0,0
260953,2,1,1995,0,0,0,0,0,0,0,0,0,0
260954,0,1,1995,0,0,0,0,0,0,0,0,0,0
260954,1,1,1995,0,0,0,0,0,0,0,0,0,0
260955,1,1,1995,0,0,0,0,0,0,0,0,0,0
260955,2,1,1995,0,0,0,0,0,0,0,0,0,0
260956,1,1,1995,0,0,0,0,0,0,0,0,0,0
260956,2,1,1995,0,0,0,0,0,0,0,0,0,0
260957,1,1,1995,0,0,0,0,0,0,0,0,0,0
260958,1,1,1995,18,18,18,18,18,18,18,18,18,18
260959,1,1,1995,0,0,0,0,0,0,0,0,0,0
260959,2,1,1995,0,0,0,0,0,0,0,0,0,0
260960,1,1,1995,0,0,0,0,0,0,0,0,0,0
260960,2,1,1995,0,0,0,0,0,0,0,0,0,0
260960,3,1,1995,0,0,0,0,0,0,0,0,0,0
260961,1,1,1995,0,0,0,0,0,0,0,0,0,0
260962,1,1,1995,0,0,0,0,0,0,0,0,0,0
260962,2,1,1995,0,0,0,0,0,0,0,0,0,0
260963,1,1,1995,0,0,0,0,0,0,0,0,0,0
260963,2,1,1995,0,0,0,0,0,0,0,0,0,0
260964,1,1,1995,0,0,0,0,0,0,0,0,0,0
260964,2,1,1995,0,0,0,0,0,0,0,0,0,0
260965,1,1,1995,0,0,0,0,11,0,0,0,0,0
260965,2,1,1995,0,0,0,0,0,0,0,0,0,0
260965,3,1,1995,0,0,0,0,0,0,0,0,0,0
260966,1,1,1995,14,14,14,14,14,14,14,14,14,14
260967,1,1,1995,0,0,0,0,0,0,0,0,0,0
260967,2,1,1995,0,0,0,0,0,0,0,0,0,0
260967,3,1,1995,0,0,0,0,0,0,0,0,0,0
260968,1,1,1995,0,0,0,0,0,0,0,0,0,0
260968,2,1,1995,0,0,0,0,0,0,0,0,0,0
260969,1,1,1995,0,0,0,0,0,0,0,0,0,0
260970,1,1,1995,0,0,0,0,0,0,0,0,0,0
260970,2,1,1995,0,0,0,0,0,0,0,0,0,0
260971,1,1,1995,0,0,0,0,0,0,0,0,0,0
260971,2,1,1995,0,0,0,0,0,0,0,0,0,0
260971,3,1,1995,0,0,0,0,0,0,0,0,0,0
260971,4,1,1995,0,0,0,0,0,0,0,0,0,0
260971,5,1,1995,0,0,0,0,0,0,0,0,0,0
260971,6,1,1995,0,0,0,0,0,0,0,0,0,0
260972,1,1,1995,0,0,0,0,0,0,0,0,0,0
260972,2,1,1995,0,0,0,0,0,0,0,0,0,0
260972,3,1,1995,0,0,0,0,0,0,0,0,0,0
260973,1,1,1995,0,0,0,0,0,0,0,0,0,0
260973,2,1,1995,0,0,0,0,0,0,0,0,0,0
260974,1,1,1995,0,0,0,0,0,0,0,0,0,0
260974,2,1,1995,10,10,10,10,10,10,10,10,10,10
260975,0,1,1995,5,5,5,5,5,5,5,5,5,5
260975,0,2,1995,12,12,12,0,26,0,32,0,27,24
260975,0,3,1995,0,0,0,0,0,0,0,0,0,0
260975,0,4,1995,8,35,0,0,0,0,15,34,29,0
260975,1,1,1995,14,14,14,14,14,14,14,14,14,14
260975,2,1,1995,21,21,21,21,21,21,21,21,21,21
260976,1,1,1995,0,0,0,0,0,0,0,0,0,0
260976,2,1,1995,0,0,0,0,0,0,0,0,0,0
260977,1,1,1995,0,0,0,0,0,0,0,0,0,0
260977,2,1,1995,0,0,0,0,0,0,0,0,0,0
260978,1,1,1995,0,0,0,0,0,0,0,0,0,0
260978,2,1,1995,0,0,0,0,0,0,0,0,0,0
260979,0,1,1995,0,0,0,0,0,0,0,0,0,0
260979,1,1,1995,6,6,6,6,6,6,6,6,6,6
260980,1,1,1995,0,0,0,0,0,0,0,0,0,0
260980,2,1,1995,0,0,0,0,0,0,0,0,0,0
260981,1,1,1995,0,0,0,0,0,0,0,0,0,0
260982,1,1,1995,0,0,0,0,0,0,0,0,0,0
260982,2,1,1995,0,0,0,0,0,0,0,0,0,0
260984,1,1,1995,0,0,0,0,0,0,0,0,0,0
260985,1,1,1995,0,0,0,0,0,0,0,0,0,0
260986,1,1,1995,0,0,0,9,0,0,0,0,0,0
260986,2,1,1995,0,4,5,0,17,0,16,0,0,8
260987,1,1,1995,19,19,19,19,19,19,19,19,19,19
260988,1,1,1995,0,0,0,0,0,0,0,0,0,0
260988,2,1,1995,0,0,0,0,0,0,0,0,0,0
260989,1,1,1995,0,0,0,0,0,0,0,0,0,0
260990,1,1,1995,0,0,0,0,0,0,0,0,0,0
260990,2,1,1995,0,0,0,27,0,0,0,0,0,0
260991,1,1,1995,0,0,0,0,0,0,0,0,0,0
260992,1,1,1995,0,0,0,0,0,0,0,0,0,0
260993,1,1,1995,3,7,0,0,0,0,11,0,11,8
260994,1,1,1995,11,11,11,11,11,11,11,11,11,11
260994,2,1,1995,0,0,0,0,0,0,0,0,0,0
260995,1,1,1995,0,0,0,0,0,0,0,0,0,0
260995,2,1,1995,0,0,0,11,0,0,0,0,0,0
260996,1,1,1995,0,0,0,0,0,0,0,0,0,0
260996,2,1,1995,0,0,0,0,11,0,0,0,0,22
260998,1,1,1995,19,12,9,25,32,9,31,19,23,31
260999,1,1,1995,0,0,0,0,0,0,0,0,0,0
260999,2,1,1995,0,0,0,0,0,0,0,0,0,0
261000,1,1,1995,0,0,0,0,0,0,0,0,0,0
261000,2,1,1995,0,0,0,0,0,0,0,0,0,17
261000,3,1,1995,0,0,0,0,0,0,0,0,0,0