ST_CASE,VEH_NO,PER_NO,YEAR,P1,P2,P3,P4,P5,P6,P7,P8,P9,P10
261001,1,1,1995,0,0,0,0,0,0,0,0,0,0
261001,2,1,1995,0,0,0,0,0,0,0,0,0,0
261001,3,1,1995,0,0,0,0,0,0,0,0,0,0
261002,0,1,1995,34,34,34,34,34,34,34,34,34,34
261002,0,2,1995,20,0,17,5,23,0,14,30,12,37
261002,1,1,1995,2,2,2,2,2,2,2,2,2,2
261002,2,1,1995,0,0,0,0,0,0,0,0,0,0
261003,1,1,1995,11,11,11,11,11,11,11,11,11,11
261004,1,1,1995,0,16,0,0,0,0,0,0,0,0
261005,0,1,1995,0,0,0,0,0,0,0,0,0,0
261005,1,1,1995,0,0,0,0,0,0,0,0,0,0
261006,1,1,1995,15,15,15,15,15,15,15,15,15,15
261007,0,1,1995,0,0,0,0,0,0,0,0,0,0
261007,1,1,1995,2,15,9,0,3,24,5,12,13,30
261008,1,1,1995,27,27,27,27,27,27,27,27,27,27
261009,1,1,1995,0,0,0,0,0,0,0,0,0,0
261010,1,1,1995,18,0,0,0,0,4,10,0,0,0
261010,2,1,1995,0,0,0,0,0,0,0,0,0,0
261011,1,1,1995,0,0,0,0,0,0,0,0,0,0
261011,2,1,1995,0,0,0,0,0,0,0,0,0,0
261012,1,1,1995,0,0,0,0,0,0,0,0,0,0
261012,2,1,1995,0,0,0,0,0,0,0,0,0,0
261013,0,1,1995,0,0,22,37,5,12,19,22,31,30
261013,1,1,1995,15,5,0,0,0,22,0,25,11,0
261013,2,1,1995,0,0,0,0,0,0,0,0,0,0
261014,0,1,1995,37,37,37,37,37,37,37,37,37,37
261014,1,1,1995,0,0,10,21,0,35,0,22,11,15
261015,1,1,1995,0,0,0,0,0,0,0,0,0,4
261016,1,1,1995,0,18,0,0,0,0,13,0,0,0
261016,2,1,1995,0,0,12,11,0,0,0,6,0,0
261017,1,1,1995,13,0,0,24,0,0,0,0,16,0
261018,0,1,1995,0,0,0,0,0,0,0,0,0,0
261018,1,1,1995,0,0,0,0,0,0,0,0,0,0
261018,2,1,1995,0,0,0,0,0,0,0,0,0,0
261019,1,1,1995,0,0,0,0,0,0,0,0,0,0
261019,2,1,1995,0,0,0,0,0,0,0,0,0,0
261020,1,1,1995,0,0,0,0,0,0,0,0,0,0
261020,2,1,1995,0,0,0,0,0,0,0,0,0,0
261021,1,1,1995,21,21,21,21,21,21,21,21,21,21
261022,1,1,1995,0,0,0,0,0,0,0,0,0,0
261023,1,1,1995,0,0,0,0,0,0,0,0,0,0
261023,2,1,1995,0,0,0,0,0,0,0,0,0,0
261023,3,1,1995,0,0,0,0,0,0,0,0,0,0
261024,1,1,1995,0,0,7,0,0,0,0,13,13,0
261024,2,1,1995,0,0,0,0,19,13,25,18,10,10
261024,3,1,1995,0,25,19,0,0,14,0,14,19,0
261025,0,1,1995,0,0,0,0,0,0,0,0,0,29
261025,1,1,1995,0,0,0,0,0,0,0,0,0,0
261026,1,1,1995,9,0,0,0,0,0,16,0,17,0
261026,2,1,1995,0,0,0,0,0,0,0,0,0,0
261026,3,1,1995,0,0,0,0,0,0,0,0,0,0
261027,1,1,1995,0,0,0,0,0,0,0,0,0,0
261027,2,1,1995,0,0,0,0,0,0,0,0,0,8
261027,3,1,1995,0,0,0,0,0,0,0,0,0,0
261028,1,1,1995,0,0,0,0,0,0,0,0,0,0
261029,1,1,1995,0,0,0,0,0,0,0,0,0,0
261029,2,1,1995,0,0,0,0,0,0,0,0,0,0
261030,1,1,1995,17,17,17,17,17,17,17,17,17,17
261030,2,1,1995,6,6,6,6,6,6,6,6,6,6
261031,1,1,1995,0,0,0,0,0,0,0,0,0,0
261031,2,1,1995,0,0,0,0,0,0,0,0,0,0
261032,1,1,1995,0,0,0,0,0,0,0,0,0,0
261032,2,1,1995,0,0,0,0,0,0,0,0,0,0
261033,0,1,1995,15,15,15,15,15,15,15,15,15,15
261033,1,1,1995,0,0,0,0,0,0,0,0,0,0
261034,1,1,1995,27,27,27,27,27,27,27,27,27,27
261035,0,1,1995,0,0,0,0,0,0,0,0,0,0
261035,1,1,1995,0,0,0,0,0,0,0,0,0,0
261036,1,1,1995,8,16,19,8,13,5,21,24,9,22
261036,2,1,1995,0,0,0,11,0,0,0,0,0,0
261037,1,1,1995,12,12,12,12,12,12,12,12,12,12
261038,1,1,1995,20,20,20,20,20,20,20,20,20,20
261039,1,1,1995,16,16,16,16,16,16,16,16,16,16
261039,2,1,1995,0,0,0,0,0,0,0,0,0,0
261040,1,1,1995,0,0,0,0,0,0,0,0,0,0
261040,2,1,1995,0,0,0,0,0,0,0,0,0,0
261041,1,1,1995,0,0,0,0,0,0,0,0,0,0
261041,2,1,1995,0,0,0,0,6,0,0,0,0,0
261042,1,1,1995,8,19,14,9,9,27,14,19,14,3
261043,0,1,1995,0,0,0,0,0,0,0,0,0,26
261043,1,1,1995,0,0,0,0,0,0,0,0,0,0
261044,1,1,1995,0,0,0,0,0,0,0,10,0,0
261044,2,1,1995,0,0,0,0,0,0,0,0,0,0
261045,1,1,1995,0,0,0,0,0,0,0,0,0,0
261045,2,1,1995,0,0,0,0,0,0,0,0,0,0
261046,1,1,1995,7,20,16,16,11,17,25,18,0,0
261047,1,1,1995,0,0,0,0,0,0,0,0,0,0
261048,0,1,1995,0,0,0,0,0,0,0,0,0,0
261048,1,1,1995,0,0,0,0,0,0,0,0,0,0
261050,1,1,1995,0,0,0,0,0,0,0,0,0,0
261050,2,1,1995,0,0,0,0,0,0,0,0,0,0
261051,1,1,1995,11,11,11,11,11,11,11,11,11,11
261052,1,1,1995,0,0,0,0,0,0,0,0,0,0
261052,2,1,1995,0,0,0,0,0,0,0,0,0,0
261053,1,1,1995,7,7,7,7,7,7,7,7,7,7
261053,2,1,1995,0,0,0,0,0,0,0,0,0,0
261054,0,1,1995,0,0,0,0,0,0,0,0,0,0
261054,0,2,1995,23,0,0,0,29,21,18,15,0,0
261054,1,1,1995,0,0,0,0,0,0,0,0,0,0
261055,1,1,1995,0,0,0,0,0,0,0,0,0,0
261055,2,1,1995,0,0,0,0,0,0,0,0,0,0
261056,1,1,1995,5,5,5,5,5,5,5,5,5,5
261057,1,1,1995,0,0,0,0,0,0,0,0,0,0
261057,2,1,1995,0,0,0,0,0,0,0,0,0,0
261058,1,1,1995,0,0,0,0,0,0,0,0,0,0
261058,2,1,1995,0,0,0,0,0,0,0,0,0,0
261058,3,1,1995,0,0,0,0,0,0,0,0,0,0
261058,4,1,1995,0,0,0,0,0,0,0,0,0,0
261058,5,1,1995,0,0,0,0,0,0,7,0,0,0
261058,6,1,1995,0,0,0,0,0,0,0,0,0,0
261059,1,1,1995,8,8,8,8,8,8,8,8,8,8
261060,1,1,1995,0,0,0,0,0,0,0,0,0,0
261061,0,1,1995,19,19,19,19,19,19,19,19,19,19
261061,1,1,1995,3,3,3,3,3,3,3,3,3,3
261062,0,1,1995,0,0,0,0,0,0,26,0,0,0
261062,1,1,1995,0,0,0,0,0,0,0,0,0,0
261063,1,1,1995,0,0,0,0,0,0,13,0,0,0
261063,2,1,1995,0,0,0,0,0,0,0,0,0,0
261064,1,1,1995,7,15,8,29,8,7,12,21,16,23
261064,2,1,1995,0,15,8,0,12,9,30,4,22,23
261065,0,1,1995,9,9,9,9,9,9,9,9,9,9
261065,1,1,1995,2,2,2,2,2,2,2,2,2,2
261066,1,1,1995,10,10,10,10,10,10,10,10,10,10
261066,2,1,1995,0,8,29,0,0,0,0,0,0,0
261066,3,1,1995,0,0,0,0,0,0,0,13,0,0
261067,1,1,1995,0,0,0,0,0,0,0,0,0,0
261068,1,1,1995,22,22,22,22,22,22,22,22,22,22
261069,1,1,1995,8,8,8,8,8,8,8,8,8,8
261070,0,1,1995,0,0,0,0,0,0,0,0,0,0
261070,1,1,1995,0,0,10,0,0,0,0,0,0,0
261071,1,1,1995,9,6,3,25,0,21,0,13,6,23
261071,2,1,1995,4,4,4,4,4,4,4,4,4,4
261072,0,1,1995,19,0,18,20,13,23,0,19,38,24
261072,1,1,1995,0,0,0,17,0,12,10,0,0,0
261073,1,1,1995,16,0,0,0,0,0,0,0,0,11
261073,2,1,1995,18,18,18,18,18,18,18,18,18,18
261074,1,1,1995,0,0,0,0,0,0,0,0,0,0
261075,0,1,1995,0,0,0,0,0,0,0,0,0,0
261075,1,1,1995,0,0,0,12,0,0,0,0,0,0
261076,1,1,1995,0,0,0,0,0,0,0,0,0,0
261076,2,1,1995,0,0,0,0,0,0,0,0,0,0
261077,1,1,1995,8,8,8,8,8,8,8,8,8,8
261078,1,1,1995,0,0,8,0,0,0,0,0,0,0
261079,1,1,1995,0,0,0,0,0,0,0,0,0,0
261079,2,1,1995,0,0,0,0,0,0,0,0,0,0
261080,1,1,1995,23,23,23,23,23,23,23,23,23,23
261081,1,1,1995,15,15,15,15,15,15,15,15,15,15
261082,1,1,1995,0,0,0,0,0,11,0,0,0,0
261083,1,1,1995,0,0,0,0,0,0,0,0,0,0
261083,2,1,1995,0,0,0,0,0,0,0,0,0,0
261084,1,1,1995,0,0,0,0,0,0,0,0,0,0
261084,2,1,1995,0,0,0,0,0,0,0,0,0,0
261084,3,1,1995,0,0,0,0,0,0,0,0,0,0
261085,1,1,1995,0,0,0,0,0,0,0,0,0,0
261085,2,1,1995,0,0,0,0,0,0,0,0,0,0
261086,1,1,1995,0,0,0,0,0,0,0,0,0,21
261086,2,1,1995,0,4,0,0,17,30,18,0,0,0
261087,1,1,1995,0,0,0,0,0,0,0,0,0,0
261088,1,1,1995,11,11,11,11,11,11,11,11,11,11
261088,2,1,1995,21,21,21,21,21,21,21,21,21,21
261089,1,1,1995,8,0,4,6,17,6,0,11,12,0
261089,2,1,1995,25,25,25,25,25,25,25,25,25,25
261090,0,1,1995,0,0,0,0,0,0,11,0,0,0
261090,1,1,1995,0,0,0,0,0,0,5,0,0,0
261091,1,1,1995,0,0,0,0,0,0,0,0,0,0
261091,2,1,1995,15,15,15,15,15,15,15,15,15,15
261092,1,1,1995,0,0,0,0,0,0,11,0,0,0
261092,2,1,1995,14,14,14,14,14,14,14,14,14,14
261093,1,1,1995,0,0,0,0,0,0,0,0,0,0
261094,1,1,1995,0,0,0,0,0,0,0,0,0,0
261094,2,1,1995,0,0,0,0,0,0,0,0,0,0
261095,1,1,1995,19,19,19,19,19,19,19,19,19,19
261095,2,1,1995,0,0,0,0,0,0,0,0,0,0
261096,1,1,1995,0,0,0,0,0,0,0,0,0,0
261096,2,1,1995,0,0,0,0,0,0,0,0,0,0
261096,3,1,1995,0,0,0,0,0,0,0,0,0,0
261097,0,1,1995,34,34,34,34,34,34,34,34,34,34
261097,1,1,1995,0,0,0,0,0,0,0,0,0,0
261098,1,1,1995,0,0,0,0,0,0,0,0,0,0
261098,2,1,1995,0,0,0,0,8,0,0,0,0,0
261099,1,1,1995,0,0,0,0,0,0,0,0,0,0
261099,2,1,1995,0,0,0,0,0,0,0,0,0,0
261100,1,1,1995,0,0,0,0,0,0,0,0,0,0
261101,1,1,1995,15,15,15,15,15,15,15,15,15,15
261101,2,1,1995,0,0,0,0,0,0,0,0,0,0
261102,1,1,1995,0,0,0,0,0,0,0,0,0,0
261103,1,1,1995,0,0,0,0,0,0,0,0,0,0
261103,2,1,1995,6,0,0,0,0,0,0,0,0,0
261104,1,1,1995,0,0,0,0,0,0,0,0,0,0
261104,2,1,1995,0,0,0,0,0,0,0,0,0,0
261104,3,1,1995,0,0,0,0,0,0,0,8,0,0
261105,1,1,1995,10,5,2,14,10,5,18,8,12,9
261105,2,1,1995,0,0,0,0,0,15,0,0,0,0
261106,1,1,1995,18,18,18,18,18,18,18,18,18,18
261107,1,1,1995,8,0,0,0,0,0,0,0,0,0
261108,1,1,1995,0,0,0,0,0,0,0,0,0,0
261108,2,1,1995,0,0,0,0,0,0,0,0,0,0
261109,1,1,1995,0,0,0,0,0,0,0,0,0,0
261109,2,1,1995,0,0,0,0,0,0,0,0,0,0
261110,1,1,1995,0,0,0,0,0,0,0,0,0,0
261110,2,1,1995,0,0,21,0,0,0,0,0,0,0
261111,1,1,1995,0,0,0,0,0,0,0,0,0,0
261111,2,1,1995,0,0,0,0,0,0,0,0,0,0
261112,1,1,1995,0,0,0,0,0,0,0,0,0,0
261112,2,1,1995,0,0,0,0,0,0,0,0,0,0
261113,1,1,1995,0,0,0,0,0,0,0,0,0,0
261113,2,1,1995,0,0,0,0,0,0,0,0,0,0
261114,1,1,1995,0,0,0,0,0,0,0,0,0,0
261114,2,1,1995,0,0,0,0,0,0,0,0,0,0
261115,0,1,1995,0,0,0,0,0,0,0,0,0,8
261115,1,1,1995,0,0,0,0,0,0,0,0,0,0
261116,1,1,1995,0,0,0,0,0,0,0,0,0,0
261117,1,1,1995,0,0,0,0,0,0,0,0,0,0
261118,0,1,1995,23,23,23,23,23,23,23,23,23,23
261118,1,1,1995,0,0,0,11,10,0,8,0,0,32
261119,1,1,1995,0,0,0,0,0,0,0,0,0,0
261119,2,1,1995,0,0,0,0,0,0,0,0,0,0
261120,0,1,1995,21,21,21,21,21,21,21,21,21,21
261120,1,1,1995,0,0,0,0,9,5,16,18,0,0
261121,1,1,1995,13,9,26,17,12,4,21,24,13,7
261121,2,1,1995,3,0,0,0,0,0,0,12,0,0
261122,1,1,1995,10,10,10,10,10,10,10,10,10,10
261122,2,1,1995,0,0,0,0,0,0,0,0,0,0
261122,3,1,1995,0,0,0,0,0,0,0,0,0,0
261122,4,1,1995,0,0,0,0,0,0,0,0,0,0
261122,5,1,1995,0,0,0,0,0,0,0,0,0,0
261123,1,1,1995,13,13,13,13,13,13,13,13,13,13
261123,2,1,1995,0,6,0,0,16,0,0,0,0,0
261124,1,1,1995,0,0,0,0,0,0,0,0,0,0
261124,2,1,1995,0,0,0,0,0,0,0,0,0,0
261125,1,1,1995,21,21,21,21,21,21,21,21,21,21
261125,2,1,1995,0,0,0,0,0,0,0,0,0,0
261126,1,1,1995,0,0,0,0,0,0,0,0,0,0
261126,2,1,1995,0,15,0,7,0,0,0,0,0,0
261127,1,1,1995,17,17,17,17,17,17,17,17,17,17
261128,1,1,1995,31,31,31,31,31,31,31,31,31,31
261129,1,1,1995,0,0,0,0,0,0,0,0,0,0
261129,2,1,1995,0,0,0,0,0,0,0,0,0,0
261129,3,1,1995,0,0,0,0,0,0,11,0,0,0
261130,1,1,1995,0,0,0,0,0,0,0,0,0,0
261130,2,1,1995,0,0,0,0,0,0,0,0,0,0
261131,1,1,1995,0,0,0,0,0,0,0,0,0,0
261131,2,1,1995,0,0,0,0,0,0,0,0,0,0
261132,1,1,1995,0,0,0,0,0,0,0,0,0,0
261132,2,1,1995,0,0,0,0,0,0,0,0,0,0
261132,3,1,1995,0,0,0,0,0,0,0,0,0,0
261132,4,1,1995,0,0,0,0,0,0,0,0,0,0
261133,1,1,1995,0,8,0,0,0,0,0,0,0,0
261133,2,1,1995,0,0,0,0,0,0,0,0,0,0
261134,0,1,1995,18,18,18,18,18,18,18,18,18,18
261134,1,1,1995,0,0,0,0,0,0,0,0,0,0
261135,1,1,1995,10,10,10,10,10,10,10,10,10,10
261135,2,1,1995,0,0,0,0,0,0,0,0,0,0
261136,1,1,1995,17,17,17,17,17,17,17,17,17,17
261136,2,1,1995,0,0,0,0,0,0,0,0,0,0
261137,1,1,1995,0,0,0,0,0,0,0,0,0,0
261137,2,1,1995,0,0,0,0,0,0,0,0,0,14
261138,1,1,1995,0,0,24,0,0,35,0,0,0,0
261138,2,1,1995,0,0,0,0,0,0,0,0,0,0
261139,1,1,1995,0,0,0,0,0,0,0,0,0,0
261139,2,1,1995,0,0,0,0,0,0,0,0,0,0
261140,1,1,1995,23,23,23,23,23,23,23,23,23,23
261141,1,1,1995,0,0,0,0,0,0,0,0,0,0
261141,2,1,1995,0,0,0,0,0,0,0,0,0,0
261142,1,1,1995,15,15,15,15,15,15,15,15,15,15
261143,0,1,1995,0,0,0,37,0,0,0,0,19,0
261143,1,1,1995,0,0,0,0,0,0,0,0,0,0
261144,1,1,1995,21,14,7,17,19,22,18,16,15,6
261145,1,1,1995,0,0,0,0,0,0,0,0,12,0
261145,2,1,1995,0,0,0,16,0,0,0,0,0,0
261145,3,1,1995,0,0,0,0,0,0,0,0,0,0
261146,1,1,1995,0,0,0,9,11,0,0,7,0,0
261147,1,1,1995,19,19,19,19,19,19,19,19,19,19
261148,1,1,1995,0,0,0,0,0,0,0,0,0,0
261148,2,1,1995,0,0,0,0,0,0,0,0,0,0
261148,3,1,1995,0,0,0,0,0,0,0,0,0,0
261149,1,1,1995,29,29,29,29,29,29,29,29,29,29
261149,2,1,1995,0,0,0,0,0,0,0,0,0,0
261149,3,1,1995,0,0,0,9,0,0,26,0,0,0
261150,0,1,1995,35,35,35,35,35,35,35,35,35,35
261150,1,1,1995,0,0,0,0,0,0,0,0,0,0
261151,1,1,1995,0,0,0,0,0,0,0,0,0,0
261151,2,1,1995,0,0,0,0,0,0,0,0,0,0
261151,3,1,1995,0,0,0,0,0,0,0,0,0,0
261152,0,1,1995,14,14,14,14,14,14,14,14,14,14
261152,1,1,1995,8,8,8,8,8,8,8,8,8,8
261153,1,1,1995,0,0,0,0,0,0,0,0,0,0
261153,2,1,1995,0,0,0,0,0,0,0,0,0,0
261153,3,1,1995,0,0,0,0,0,0,0,0,0,0
261154,0,1,1995,22,22,22,22,22,22,22,22,22,22
261154,1,1,1995,16,0,0,0,0,0,0,0,0,0
261155,1,1,1995,0,0,0,0,0,0,0,0,0,0
261156,1,1,1995,5,5,5,5,5,5,5,5,5,5
261156,2,1,1995,0,0,0,0,0,0,0,0,0,0
261157,1,1,1995,0,0,0,0,0,0,0,0,0,0
261157,2,1,1995,0,0,0,0,0,0,0,0,0,0
261158,1,1,1995,0,0,0,0,0,0,0,0,0,0
261158,2,1,1995,0,0,0,0,0,0,0,0,0,0
261159,1,1,1995,7,7,7,7,7,7,7,7,7,7
261160,1,1,1995,19,19,19,19,19,19,19,19,19,19
261161,1,1,1995,0,0,0,0,0,0,0,0,0,0
261161,2,1,1995,0,0,0,0,0,0,0,0,0,0
261162,0,1,1995,27,0,0,0,0,0,0,15,20,0
261162,1,1,1995,0,0,0,0,0,0,0,0,0,0
261163,1,1,1995,0,21,34,10,0,25,17,34,0,0
261164,1,1,1995,0,0,0,0,0,0,0,0,0,0
261165,1,1,1995,0,0,0,0,0,0,0,0,0,0
261165,2,1,1995,0,0,0,0,0,0,0,0,0,0
261166,1,1,1995,0,0,0,0,0,0,0,0,0,0
261166,2,1,1995,0,0,0,0,0,0,0,0,0,0
261167,1,1,1995,0,0,0,0,0,0,0,0,0,0
261168,1,1,1995,0,0,0,0,0,0,0,0,0,0
261168,2,1,1995,0,0,0,0,0,0,0,0,0,0
261169,1,1,1995,0,0,0,0,0,0,0,0,0,0
261169,2,1,1995,0,0,0,0,0,0,0,0,0,0
261170,1,1,1995,19,19,19,19,19,19,19,19,19,19
261171,0,1,1995,24,0,46,21,11,15,15,33,18,0
261171,1,1,1995,0,0,0,17,0,0,0,0,0,0
261172,1,1,1995,0,0,0,0,0,0,0,0,0,0
261172,2,1,1995,0,0,0,0,0,0,0,0,0,0
261173,0,1,1995,0,0,0,0,0,0,0,0,0,0
261173,1,1,1995,0,0,0,0,0,0,0,0,0,0
261174,1,1,1995,19,19,19,19,19,19,19,19,19,19
261175,0,1,1995,22,46,0,0,0,0,0,5,0,0
261175,1,1,1995,0,0,0,0,0,0,5,0,0,0
261176,1,1,1995,0,0,0,0,0,0,0,0,0,0
261176,2,1,1995,0,0,0,0,0,0,0,0,0,0
261177,1,1,1995,0,0,0,0,0,0,0,0,0,0
261177,2,1,1995,0,0,0,0,0,24,0,0,0,0
261179,1,1,1995,2,2,2,2,2,2,2,2,2,2
261179,2,1,1995,0,0,25,0,0,0,16,31,11,0
261180,1,1,1995,23,23,23,23,23,23,23,23,23,23
261180,2,1,1995,0,0,0,0,0,0,19,0,0,10
261181,1,1,1995,0,0,0,0,13,0,0,0,0,0
261181,2,1,1995,0,0,0,0,0,0,0,0,0,0
261182,1,1,1995,24,24,24,24,24,24,24,24,24,24
261183,1,1,1995,11,11,11,11,11,11,11,11,11,11
261183,2,1,1995,0,0,0,0,0,0,0,0,0,0
261184,1,1,1995,0,0,0,0,0,0,0,0,0,0
261184,2,1,1995,0,0,0,0,0,0,0,0,0,0
261184,3,1,1995,0,0,0,0,0,0,0,0,0,0
261184,4,1,1995,0,0,0,0,0,0,0,0,0,0
261185,0,1,1995,0,0,0,0,0,0,0,0,0,0
261185,1,1,1995,0,0,0,0,0,0,0,0,0,0
261186,1,1,1995,0,0,0,0,0,0,0,0,0,0
261186,2,1,1995,4,4,4,4,4,4,4,4,4,4
261187,0,1,1995,18,18,18,18,18,18,18,18,18,18
261187,1,1,1995,0,0,0,0,0,0,0,0,0,0
261188,1,1,1995,18,18,18,18,18,18,18,18,18,18
261188,2,1,1995,0,0,0,0,0,0,0,0,7,0
261189,0,1,1995,17,17,17,17,17,17,17,17,17,17
261189,1,1,1995,24,0,0,0,0,0,0,0,0,0
261190,1,1,1995,25,25,25,25,25,25,25,25,25,25
261191,1,1,1995,0,0,0,0,0,0,0,0,0,0
261191,2,1,1995,0,0,0,0,0,0,0,0,0,0
261192,1,1,1995,9,9,9,9,9,9,9,9,9,9
261192,2,1,1995,0,0,0,0,0,0,0,0,0,0
261193,1,1,1995,13,13,13,13,13,13,13,13,13,13
261194,1,1,1995,0,0,0,0,0,0,0,0,0,0
261195,1,1,1995,22,22,22,22,22,22,22,22,22,22
261196,1,1,1995,0,0,0,0,0,0,0,0,0,0
261196,2,1,1995,0,0,0,0,0,0,0,0,0,0
261197,1,1,1995,0,0,0,0,0,0,0,0,0,0
261197,2,1,1995,0,0,0,0,0,0,0,0,0,0
261198,1,1,1995,0,0,0,0,0,0,0,0,0,0
261198,2,1,1995,0,0,0,0,0,0,0,0,0,0
261199,1,1,1995,0,0,0,0,0,0,0,0,0,0
261199,2,1,1995,0,0,0,0,0,0,0,0,0,0
261200,1,1,1995,0,0,0,0,0,0,0,0,0,0
261200,2,1,1995,0,0,0,0,7,0,0,0,0,0
261201,1,1,1995,28,28,28,28,28,28,28,28,28,28
261202,1,1,1995,0,0,0,0,0,0,0,0,0,0
261203,1,1,1995,0,13,5,0,0,0,0,0,8,0
261204,0,1,1995,0,0,0,0,0,0,0,0,0,0
261204,1,1,1995,0,0,0,0,0,0,0,0,0,0
261205,1,1,1995,16,16,16,16,16,16,16,16,16,16
261206,1,1,1995,14,10,16,35,19,22,30,30,12,27
261207,0,1,1995,0,0,0,0,0,0,0,0,0,0
261207,1,1,1995,0,0,0,0,0,0,0,0,0,0
261207,2,1,1995,0,0,0,0,7,0,0,0,0,0
261208,1,1,1995,18,18,18,18,18,18,18,18,18,18
261209,1,1,1995,0,0,0,0,0,0,0,0,0,0
261209,2,1,1995,0,0,0,0,0,0,0,0,0,0
261209,3,1,1995,0,0,0,0,0,0,0,0,0,0
261210,1,1,1995,0,0,0,0,0,0,0,0,0,0
261211,1,1,1995,14,14,14,14,14,14,14,14,14,14
261212,0,1,1995,23,23,23,23,23,23,23,23,23,23
261212,1,1,1995,0,0,0,0,0,0,0,0,0,0
261213,0,1,1995,0,0,0,0,0,0,0,0,0,0
261213,1,1,1995,0,0,0,0,0,0,0,0,0,0
261214,1,1,1995,0,0,0,0,0,0,0,0,0,0
261214,2,1,1995,0,0,0,0,0,0,0,0,0,0
261215,1,1,1995,0,0,0,0,0,0,0,0,0,0
261215,2,1,1995,0,0,0,0,0,0,0,0,0,0
261216,1,1,1995,31,31,31,31,31,31,31,31,31,31
261216,2,1,1995,0,0,0,0,0,0,0,0,0,0
261217,1,1,1995,35,35,35,35,35,35,35,35,35,35
261218,1,1,1995,24,24,24,24,24,24,24,24,24,24
261218,2,1,1995,0,0,0,6,0,0,12,0,0,0
261219,1,1,1995,0,0,0,0,0,0,0,0,0,0
261219,2,1,1995,0,0,0,0,0,0,0,0,0,0
261220,0,1,1995,0,0,0,0,0,23,0,27,0,0
261220,1,1,1995,0,0,0,0,0,0,0,0,0,0
261221,0,1,1995,0,0,0,0,0,0,0,0,0,0
261221,1,1,1995,0,0,0,0,0,0,0,0,0,0
261222,1,1,1995,0,0,0,0,0,0,0,0,0,0
261222,2,1,1995,0,0,0,26,8,0,0,18,0,39
261223,1,1,1995,0,0,0,0,0,0,0,0,0,0
261223,2,1,1995,0,0,0,0,0,0,0,0,0,0
261224,1,1,1995,0,0,0,0,0,0,0,0,0,0
261224,2,1,1995,0,0,0,0,0,0,0,0,0,0
261225,0,1,1995,0,0,0,0,0,0,0,0,0,0
261225,1,1,1995,0,0,0,0,0,0,0,0,0,0
261226,1,1,1995,15,0,0,0,0,0,0,0,0,0
261226,2,1,1995,0,0,0,0,0,0,0,0,0,0
261227,1,1,1995,0,0,0,0,0,26,22,0,0,0
261228,0,1,1995,10,10,10,10,10,10,10,10,10,10
261228,2,1,1995,10,10,10,10,10,10,10,10,10,10
261229,1,1,1995,0,0,0,0,0,0,0,0,0,0
261229,2,1,1995,0,0,0,0,0,45,0,0,0,0
261230,1,1,1995,4,4,4,4,4,4,4,4,4,4
261231,1,1,1995,0,0,0,0,0,0,0,0,0,0
261231,2,1,1995,0,0,0,0,0,0,0,0,0,0
261232,1,1,1995,17,17,17,17,17,17,17,17,17,17
261232,2,1,1995,0,0,0,0,0,0,0,0,0,0
261233,1,1,1995,0,0,0,0,0,0,0,0,0,0
261234,1,1,1995,0,0,0,0,0,0,0,0,0,0
261234,2,1,1995,0,0,0,0,0,0,0,0,0,0
261235,1,1,1995,0,0,0,0,0,12,0,0,0,0
261236,1,1,1995,0,0,0,0,0,10,0,0,14,0
261237,1,1,1995,2,2,2,2,2,2,2,2,2,2
261238,0,1,1995,0,0,0,0,0,0,0,0,0,0
261238,1,1,1995,0,0,0,0,0,0,0,0,0,0
261238,2,1,1995,0,0,0,0,0,0,0,0,0,0
261239,1,1,1995,0,0,0,0,0,0,0,0,0,0
261240,1,1,1995,0,0,0,0,0,0,0,0,0,0
261240,2,1,1995,0,0,0,0,0,0,0,0,0,0
261241,1,1,1995,0,0,0,0,0,0,0,0,0,0
261241,2,1,1995,0,0,0,0,0,0,0,0,0,0
261242,1,1,1995,0,0,0,0,0,0,0,4,0,0
261242,2,1,1995,0,0,0,0,26,0,22,0,16,0
261242,3,1,1995,0,0,0,0,0,0,0,0,0,0
261242,4,1,1995,0,0,0,0,0,0,0,0,0,0
261242,5,1,1995,0,0,0,0,0,0,0,0,0,0
261243,1,1,1995,12,12,12,12,12,12,12,12,12,12
261244,1,1,1995,4,4,4,4,4,4,4,4,4,4
261244,2,1,1995,0,0,0,0,0,0,0,0,0,0
261245,1,1,1995,0,0,0,0,0,0,0,0,0,0
261245,2,1,1995,0,0,0,0,0,0,0,0,0,0
261246,1,1,1995,0,0,0,0,0,0,0,0,0,0
261246,2,1,1995,0,0,0,0,0,0,0,0,0,0
261247,1,1,1995,0,0,0,0,0,0,0,0,0,0
261247,2,1,1995,0,0,0,0,0,0,0,0,0,0
261248,1,1,1995,1,1,1,1,1,1,1,1,1,1
261248,2,1,1995,0,0,0,0,0,0,10,0,20,0
261249,1,1,1995,0,0,0,0,0,0,0,0,0,0
261249,2,1,1995,0,0,0,0,0,0,0,0,0,0
261250,1,1,1995,0,0,0,0,0,0,0,0,0,0
261250,2,1,1995,0,0,0,0,0,0,0,0,0,0
261251,1,1,1995,11,11,11,11,11,11,11,11,11,11
261252,1,1,1995,13,4,10,0,19,14,3,28,14,7
261253,1,1,1995,7,7,7,7,7,7,7,7,7,7
261253,2,1,1995,18,18,18,18,18,18,18,18,18,18