ST_CASE,VEH_NO,PER_NO,YEAR,P1,P2,P3,P4,P5,P6,P7,P8,P9,P10
261254,1,1,1995,0,0,0,0,0,0,0,0,0,0
261254,2,1,1995,0,0,0,0,0,0,0,0,2,0
261255,1,1,1995,0,0,0,0,0,0,0,0,0,0
261256,1,1,1995,12,12,12,12,12,12,12,12,12,12
261257,1,1,1995,0,0,0,0,0,0,0,0,0,0
261257,2,1,1995,0,0,0,0,0,0,0,0,0,0
261258,1,1,1995,0,0,0,0,0,0,0,0,0,0
261258,2,1,1995,0,0,0,0,0,0,0,0,0,0
261259,1,1,1995,0,0,0,0,0,0,0,0,0,0
261259,2,1,1995,0,0,0,0,0,0,0,0,0,0
261260,1,1,1995,6,6,6,6,6,6,6,6,6,6
261261,1,1,1995,0,0,0,0,0,0,0,0,0,0
261261,2,1,1995,0,0,0,0,0,0,0,0,0,0
261262,1,1,1995,0,0,0,0,0,0,0,0,0,0
261262,2,1,1995,0,0,0,0,0,0,0,0,0,0
261263,0,1,1995,0,0,27,0,0,39,0,0,15,21
261263,0,2,1995,0,0,0,0,0,0,0,0,0,0
261263,1,1,1995,28,0,12,12,17,8,7,19,13,12
261264,1,1,1995,0,0,0,0,0,0,0,0,0,0
261264,2,1,1995,2,2,2,2,2,2,2,2,2,2
261265,1,1,1995,0,0,0,0,0,0,0,0,0,0
261265,2,1,1995,0,0,0,0,0,0,0,0,0,0
261266,1,1,1995,0,0,0,0,0,0,0,0,0,0
261266,2,1,1995,0,0,0,0,0,0,0,0,0,0
261267,1,1,1995,0,0,0,0,0,0,0,0,0,0
261267,2,1,1995,0,0,0,0,0,0,0,0,0,0
261268,1,1,1995,15,15,15,15,15,15,15,15,15,15
261269,0,1,1995,0,0,0,0,0,0,0,0,0,14
261269,1,1,1995,0,0,0,0,0,0,0,0,0,0
261270,0,1,1995,0,18,0,10,0,11,0,0,0,0
261270,1,1,1995,15,15,15,15,15,15,15,15,15,15
261270,2,1,1995,0,0,0,0,0,0,0,0,0,0
261271,1,1,1995,0,0,0,0,0,0,0,0,0,0
261271,2,1,1995,0,0,0,0,0,0,0,0,0,0
261272,1,1,1995,18,18,18,18,18,18,18,18,18,18
261273,1,1,1995,0,0,0,0,0,0,0,0,0,0
261273,2,1,1995,0,0,0,0,0,0,0,0,0,0
261274,1,1,1995,2,2,2,2,2,2,2,2,2,2
261274,2,1,1995,0,0,0,0,0,0,0,0,0,0
261275,1,1,1995,0,0,0,0,0,0,0,0,0,10
261276,0,1,1995,0,0,0,0,0,0,0,0,7,0
261276,1,1,1995,0,0,0,0,0,0,0,0,0,0
261277,1,1,1995,0,0,0,0,0,0,0,0,0,0
261277,2,1,1995,0,9,0,13,0,12,0,0,0,0
261278,1,1,1995,0,0,0,0,0,0,0,0,0,0
261278,2,1,1995,0,0,0,0,0,0,0,0,0,0
261279,1,1,1995,6,6,6,6,6,6,6,6,6,6
261279,2,1,1995,0,0,0,0,0,0,0,0,0,0
261280,1,1,1995,0,0,0,0,0,0,0,0,0,0
261280,2,1,1995,0,12,0,0,0,0,0,0,0,0
261281,1,1,1995,0,0,0,0,0,0,0,0,0,0
261281,2,1,1995,0,4,0,0,0,0,0,0,0,0
261282,1,1,1995,0,0,0,0,0,0,0,0,0,0
261282,2,1,1995,0,0,0,0,0,0,0,0,0,0
261282,3,1,1995,0,0,0,0,0,0,0,0,0,0
261283,1,1,1995,0,0,0,0,0,0,0,0,0,0
261283,2,1,1995,0,0,0,0,0,0,0,0,0,0
261284,1,1,1995,0,0,0,0,0,0,0,0,0,0
261284,2,1,1995,14,14,14,14,14,14,14,14,14,14
261285,1,1,1995,23,23,23,23,23,23,23,23,23,23
261286,1,1,1995,0,0,0,0,0,0,0,0,0,0
261286,2,1,1995,0,0,0,0,0,0,0,0,0,0
261287,1,1,1995,0,0,0,0,0,0,0,0,0,0
261287,2,1,1995,0,0,0,0,0,0,0,0,0,0
261287,3,1,1995,0,0,0,0,0,0,0,0,0,0
261288,0,1,1995,0,0,0,0,0,0,0,0,0,0
261288,1,1,1995,0,0,0,0,0,0,0,0,0,0
261289,1,1,1995,0,0,0,0,0,0,0,0,0,0
261289,2,1,1995,0,0,0,0,0,0,0,0,0,0
261290,1,1,1995,19,19,19,19,19,19,19,19,19,19
261291,0,1,1995,0,0,0,0,0,0,30,0,0,0
261291,1,1,1995,0,0,0,0,0,0,0,0,0,0
261292,0,1,1995,0,12,0,0,0,0,0,0,0,0
261292,1,1,1995,21,21,21,21,21,21,21,21,21,21
261293,1,1,1995,21,21,21,21,21,21,21,21,21,21
261294,1,1,1995,0,0,0,0,0,0,0,0,0,0
261294,2,1,1995,0,13,0,0,0,0,0,0,0,0
261295,1,1,1995,0,0,0,0,0,0,0,0,0,0
261296,0,1,1995,3,3,3,3,3,3,3,3,3,3
261296,1,1,1995,15,15,15,15,15,15,15,15,15,15
261297,0,1,1995,0,0,0,18,18,0,0,26,0,13
261297,1,1,1995,0,0,0,0,0,0,0,0,0,0
261298,1,1,1995,13,35,17,6,22,29,10,26,21,27
261299,1,1,1995,0,0,0,0,0,0,10,0,0,0
261300,1,1,1995,0,0,0,0,0,0,0,0,0,0
261300,2,1,1995,0,0,0,0,0,0,0,0,0,0
261301,0,1,1995,0,0,0,0,0,0,0,0,0,0
261301,1,1,1995,0,0,0,0,0,0,0,0,0,0
261302,0,1,1995,19,19,19,19,19,19,19,19,19,19
261302,1,1,1995,0,9,5,23,0,12,13,17,13,0
261303,0,1,1995,0,0,0,0,0,0,0,0,0,0
261303,1,1,1995,0,0,0,0,0,0,0,0,0,0
261304,1,1,1995,0,0,0,0,0,19,0,0,0,0
261304,2,1,1995,0,0,0,0,0,0,0,0,0,0
261305,1,1,1995,0,0,0,0,0,0,31,0,0,14
261305,2,1,1995,0,0,0,0,0,0,0,0,0,0
261306,1,1,1995,0,0,0,0,0,0,0,0,0,0
261306,2,1,1995,0,0,0,0,0,0,0,0,0,0
261307,0,1,1995,0,0,0,0,0,0,0,32,0,0
261307,1,1,1995,0,0,0,0,0,0,0,0,0,0
261308,1,1,1995,0,0,0,0,0,0,0,0,0,0
261308,2,1,1995,0,0,0,0,0,0,0,0,0,0
261309,1,1,1995,0,0,0,0,0,0,0,0,0,0
261309,2,1,1995,0,0,0,0,0,0,0,0,0,0
261310,1,1,1995,0,0,0,0,0,0,0,0,0,0
261311,1,1,1995,12,0,9,42,0,0,28,0,0,36
261311,2,1,1995,0,0,0,49,0,0,0,0,0,0
261312,0,1,1995,24,0,0,0,10,21,0,0,9,0
261312,0,2,1995,0,0,0,0,0,0,0,0,0,0
261312,1,1,1995,0,0,0,0,0,0,0,0,0,0
261312,2,1,1995,0,0,0,0,0,0,0,0,0,0
261313,1,1,1995,0,0,0,0,0,0,0,0,0,0
261313,2,1,1995,0,0,29,0,0,0,0,0,0,0
261314,1,1,1995,0,0,0,0,0,0,0,0,0,0
261314,2,1,1995,0,0,0,0,0,0,0,0,0,0
261315,1,1,1995,21,21,21,21,21,21,21,21,21,21
261315,2,1,1995,0,0,0,0,0,0,0,0,0,0
261316,1,1,1995,0,0,0,0,9,12,7,0,0,0
261316,2,1,1995,0,16,19,0,0,0,6,28,0,0
261317,1,1,1995,22,14,14,0,19,24,11,0,41,0
261317,2,1,1995,0,0,0,0,0,0,0,0,0,0
261318,0,1,1995,14,0,0,0,0,0,0,0,0,0
261318,1,1,1995,0,0,0,0,0,0,0,0,0,0
261319,1,1,1995,0,0,0,0,0,0,15,0,0,0
261320,0,1,1995,0,0,0,0,0,0,0,0,0,0
261320,1,1,1995,0,0,0,0,0,0,0,0,0,0
261321,0,1,1995,24,24,24,24,24,24,24,24,24,24
261321,1,1,1995,0,0,0,0,0,0,0,0,0,0
261322,1,1,1995,21,0,12,25,13,0,0,0,8,13
261322,2,1,1995,0,0,4,6,0,0,0,0,0,0
261323,1,1,1995,14,9,0,0,0,0,0,0,0,0
261323,2,1,1995,10,9,12,0,17,6,16,0,11,0
261324,0,1,1995,24,9,11,20,37,6,18,4,19,9
261324,1,1,1995,18,15,18,13,25,14,13,14,23,20
261325,1,1,1995,0,0,0,0,0,0,0,0,0,0
261325,2,1,1995,0,0,0,0,0,0,0,0,0,0
261326,1,1,1995,0,0,0,0,0,0,0,0,0,0
261326,2,1,1995,0,0,0,0,0,0,0,0,0,0
261326,3,1,1995,0,0,0,0,0,0,0,0,0,0
261327,1,1,1995,0,0,0,0,0,0,0,0,0,0
261327,2,1,1995,14,14,14,14,14,14,14,14,14,14
261328,1,1,1995,7,0,0,0,0,0,0,0,0,0
261329,0,1,1995,26,0,10,11,0,22,25,6,39,20
261329,1,1,1995,0,0,0,0,0,0,0,0,0,0
261330,1,1,1995,0,0,9,32,9,15,19,20,17,10
261331,1,1,1995,31,36,17,0,0,0,15,0,7,0
261331,2,1,1995,0,0,0,0,0,0,0,0,0,14
261332,0,1,1995,0,0,0,0,0,0,0,0,0,0
261332,1,1,1995,0,0,0,0,0,0,0,21,0,0
261333,1,1,1995,0,0,0,0,0,0,0,0,0,0
261333,2,1,1995,13,13,13,13,13,13,13,13,13,13
261334,0,1,1995,0,0,0,0,0,0,0,0,0,0
261334,1,1,1995,0,0,0,0,0,0,0,0,0,0
261335,1,1,1995,0,0,0,0,0,0,0,0,0,0
261335,2,1,1995,0,0,0,0,0,0,0,0,0,0
261336,1,1,1995,0,0,0,0,0,0,0,0,0,0
261337,1,1,1995,0,0,0,0,0,0,0,0,0,0
261338,1,1,1995,0,0,0,15,0,0,0,0,0,18
261339,1,1,1995,0,0,0,0,0,0,0,0,0,0
261339,2,1,1995,0,0,0,0,0,0,0,0,0,0
261339,3,1,1995,0,0,0,0,0,0,0,0,0,0
261339,4,1,1995,0,0,0,0,0,0,0,0,0,0
261341,1,1,1995,0,0,0,0,0,0,0,0,0,0
261341,2,1,1995,0,0,0,0,0,0,0,0,0,11
261342,1,1,1995,7,0,0,0,0,0,14,0,0,0
261342,2,1,1995,0,0,0,0,0,0,0,0,0,0
261343,0,1,1995,0,0,0,0,0,0,0,0,0,0
261343,1,1,1995,0,0,0,0,0,0,0,0,0,0
261344,1,1,1995,8,8,8,8,8,8,8,8,8,8
261345,1,1,1995,0,0,0,0,0,0,0,0,0,0
261346,1,1,1995,0,9,12,0,3,2,0,19,28,15
261346,2,1,1995,0,0,0,8,0,0,0,0,0,0
261347,1,1,1995,0,0,0,0,0,0,0,0,0,0
261347,2,1,1995,0,0,0,0,0,0,0,0,0,0
261348,1,1,1995,0,0,0,0,0,0,0,0,0,0
261348,2,1,1995,0,0,0,0,0,0,0,0,0,0
261349,0,1,1995,0,0,0,0,0,0,0,0,0,0
261349,1,1,1995,0,0,0,0,0,0,0,0,0,0
261350,1,1,1995,0,0,0,0,0,0,0,0,0,0
261350,2,1,1995,0,0,0,0,0,0,0,0,0,0
261351,0,1,1995,0,19,0,0,6,0,19,15,14,21
261351,1,1,1995,23,0,0,0,0,0,0,0,0,0
261352,1,1,1995,0,0,0,16,19,22,10,18,8,14
261353,1,1,1995,20,20,20,20,20,20,20,20,20,20
261354,1,1,1995,0,0,0,0,0,0,0,0,0,0
261355,1,1,1995,5,5,5,5,5,5,5,5,5,5
261355,2,1,1995,0,0,0,0,0,0,0,0,0,0
261356,0,1,1995,35,27,28,18,29,3,15,20,15,9
261356,1,1,1995,0,0,0,0,0,0,0,0,0,0
261357,1,1,1995,0,0,0,0,0,0,0,0,0,0
261357,2,1,1995,0,0,0,0,0,0,0,0,0,0
261358,1,1,1995,18,18,18,18,18,18,18,18,18,18
261359,1,1,1995,49,49,49,49,49,49,49,49,49,49
261360,1,1,1995,18,18,18,18,18,18,18,18,18,18
261361,1,1,1995,0,0,0,0,0,0,0,0,0,0
261361,2,1,1995,0,0,0,0,0,0,0,0,0,0
261362,1,1,1995,0,0,0,0,0,0,0,0,0,0
261362,2,1,1995,0,0,0,0,0,0,0,0,0,0
261363,1,1,1995,29,29,29,29,29,29,29,29,29,29
261363,2,1,1995,0,0,0,0,0,0,0,0,0,0
261364,1,1,1995,0,16,0,0,0,0,0,0,0,0
261364,2,1,1995,0,7,0,0,0,0,0,0,0,0
261365,1,1,1995,13,11,13,16,9,15,0,8,11,26
261366,1,1,1995,0,0,0,0,0,0,0,0,0,0
261367,1,1,1995,15,15,15,15,15,15,15,15,15,15
261368,0,1,1995,9,27,16,16,32,7,21,0,0,19
261368,1,1,1995,0,0,0,0,0,0,0,0,0,0
261369,0,1,1995,0,0,0,0,0,0,0,0,0,0
261369,1,1,1995,0,0,0,0,0,0,0,0,0,0
261370,1,1,1995,0,0,0,0,0,0,0,0,0,0
261371,1,1,1995,0,15,18,35,0,0,0,0,11,0
261372,1,1,1995,0,0,17,0,0,0,0,0,0,0
261372,2,1,1995,0,0,25,0,0,0,8,0,0,11
261374,1,1,1995,9,14,0,10,11,19,0,6,26,18
261375,0,1,1995,0,0,0,0,0,0,0,0,0,0
261375,1,1,1995,0,0,0,0,0,0,0,0,0,0
261376,1,1,1995,0,0,0,0,0,0,0,0,0,0
261376,2,1,1995,0,0,0,0,0,0,0,0,0,0
261377,1,1,1995,0,0,0,0,0,0,0,0,0,0
261378,0,1,1995,0,23,0,0,0,19,0,0,45,0
261378,1,1,1995,11,11,11,11,11,11,11,11,11,11
261379,1,1,1995,22,22,22,22,22,22,22,22,22,22
261380,1,1,1995,28,28,28,28,28,28,28,28,28,28
261381,1,1,1995,0,3,0,0,0,0,0,0,21,0
261382,1,1,1995,0,0,0,0,21,16,0,0,0,0
261383,0,1,1995,0,0,0,0,7,14,27,3,16,0
261383,1,1,1995,0,0,0,0,0,0,0,0,0,0
261384,1,1,1995,0,0,0,0,0,0,0,0,0,0
261385,1,1,1995,0,0,0,0,0,0,0,0,0,0
261385,2,1,1995,0,0,0,0,0,0,0,0,0,0
261386,1,1,1995,0,0,0,0,0,0,0,0,0,0
261386,2,1,1995,0,0,0,0,0,0,0,0,0,0
261387,1,1,1995,24,24,24,24,24,24,24,24,24,24
261387,2,1,1995,0,0,0,0,0,0,0,0,0,0
261388,0,1,1995,31,31,31,31,31,31,31,31,31,31
261388,1,1,1995,0,0,0,0,0,12,0,0,0,0
261389,1,1,1995,0,0,0,0,0,0,0,0,0,0
261390,1,1,1995,0,0,0,0,0,0,0,0,0,0
261391,1,1,1995,0,0,0,0,0,0,0,0,0,0
261392,1,1,1995,0,0,0,0,0,0,0,0,0,0
261393,0,1,1995,38,38,38,38,38,38,38,38,38,38
261393,1,1,1995,0,0,0,0,17,9,0,0,11,0
261394,1,1,1995,0,0,0,0,0,0,0,0,0,0
261394,2,1,1995,0,0,0,0,0,0,0,0,0,0
261395,1,1,1995,20,15,20,13,11,15,17,24,16,22
261396,1,1,1995,0,0,0,0,0,0,0,0,0,2
261396,2,1,1995,0,0,0,0,0,0,0,0,0,0
261397,1,1,1995,0,0,0,0,0,0,0,0,0,0
261397,2,1,1995,16,15,12,9,17,26,7,14,22,10
261398,1,1,1995,0,0,0,0,0,0,0,0,0,0
261398,2,1,1995,9,0,0,0,0,0,0,0,0,0
270001,1,1,1995,16,16,16,16,16,16,16,16,16,16
270001,2,1,1995,0,0,0,0,0,0,0,0,0,0
270002,1,1,1995,0,0,0,0,0,0,0,0,0,0
270002,2,1,1995,17,17,17,17,17,17,17,17,17,17
270003,1,1,1995,5,5,5,5,5,5,5,5,5,5
270004,1,1,1995,0,0,0,0,0,0,0,0,0,0
270004,2,1,1995,0,0,0,0,0,0,0,0,0,0
270005,1,1,1995,2,0,0,0,0,0,0,0,0,0
270005,2,1,1995,0,0,0,0,0,0,0,0,0,0
270006,1,1,1995,0,0,0,0,0,0,0,0,0,0
270006,2,1,1995,0,0,0,0,0,0,0,0,0,0
270007,1,1,1995,0,0,0,0,0,0,0,0,0,0
270007,2,1,1995,0,0,0,0,0,0,0,0,0,0
270008,1,1,1995,0,0,0,0,0,0,0,0,0,0
270009,1,1,1995,0,0,0,0,0,0,0,0,0,0
270009,2,1,1995,0,0,0,0,0,0,0,0,0,0
270010,1,1,1995,29,29,29,29,29,29,29,29,29,29
270011,1,1,1995,28,28,28,28,28,28,28,28,28,28
270012,1,1,1995,0,0,0,0,0,0,0,0,0,0
270012,2,1,1995,0,0,0,0,0,0,0,0,0,0
270013,1,1,1995,0,0,0,0,0,0,0,0,0,0
270014,1,1,1995,0,0,0,0,0,0,0,0,0,0
270014,2,1,1995,0,0,0,0,0,0,0,0,0,0
270015,1,1,1995,20,20,20,20,20,20,20,20,20,20
270016,1,1,1995,0,0,0,0,0,0,0,0,0,0
270017,1,1,1995,0,0,0,0,0,0,0,0,0,0
270017,2,1,1995,0,0,0,0,0,0,0,0,0,0
270018,1,1,1995,0,0,0,0,0,0,0,0,0,0
270018,2,1,1995,0,0,0,0,0,0,0,0,0,0
270019,1,1,1995,0,0,0,0,0,0,0,0,19,0
270019,2,1,1995,0,0,0,0,0,0,0,0,0,0
270020,0,1,1995,9,9,9,9,9,9,9,9,9,9
270020,1,1,1995,0,0,0,0,0,0,0,0,0,0
270021,1,1,1995,0,0,0,0,0,0,0,0,0,0
270022,1,1,1995,15,15,15,15,15,15,15,15,15,15
270022,2,1,1995,0,0,0,0,0,0,0,0,0,0
270023,0,1,1995,0,0,0,0,0,0,0,0,0,0
270023,1,1,1995,9,0,3,4,28,0,0,8,0,13
270024,0,1,1995,27,27,27,27,27,27,27,27,27,27
270024,1,1,1995,8,7,7,5,5,17,9,19,17,20
270025,1,1,1995,13,0,0,0,0,8,12,0,0,0
270025,2,1,1995,0,12,0,0,0,0,0,0,12,0
270026,1,1,1995,0,0,0,0,0,0,0,0,0,0
270027,0,1,1995,0,0,0,0,0,0,0,0,0,0
270027,1,1,1995,0,0,0,0,0,0,0,0,0,0
270027,2,1,1995,0,0,0,0,0,0,0,0,0,0
270028,1,1,1995,5,5,5,5,5,5,5,5,5,5
270029,1,1,1995,0,0,0,0,0,0,0,0,0,0
270029,2,1,1995,0,0,0,0,0,0,0,0,0,0
270030,1,1,1995,0,0,0,0,0,0,0,0,0,0
270030,2,1,1995,18,18,18,18,18,18,18,18,18,18
270031,1,1,1995,0,0,0,0,0,0,0,0,0,0
270032,1,1,1995,0,0,0,0,0,0,0,0,0,0
270033,1,1,1995,0,0,0,0,0,0,0,0,0,0
270033,2,1,1995,0,0,0,0,0,0,0,0,0,0
270034,1,1,1995,21,0,0,0,0,7,6,18,0,5
270034,2,1,1995,0,0,0,0,0,0,0,0,0,0
270034,3,1,1995,0,0,0,0,0,0,0,0,0,0
270034,4,1,1995,10,0,0,0,0,7,0,0,0,0
270035,1,1,1995,0,0,0,0,0,0,0,0,0,0
270036,1,1,1995,0,7,0,0,0,0,0,0,0,0
270036,2,1,1995,0,0,0,0,0,0,0,0,0,0
270037,1,1,1995,0,0,0,0,0,0,0,0,0,0
270037,2,1,1995,0,0,0,0,0,0,0,0,0,0
270037,3,1,1995,0,0,0,0,0,0,0,0,0,0
270038,1,1,1995,24,24,24,24,24,24,24,24,24,24
270038,2,1,1995,17,17,15,17,14,28,0,7,0,19
270038,3,1,1995,17,4,10,8,14,2,13,8,13,21
270039,1,1,1995,0,0,0,0,0,0,0,14,14,0
270039,2,1,1995,12,12,12,12,12,12,12,12,12,12
270040,1,1,1995,0,0,0,0,0,0,0,0,0,0
270040,2,1,1995,0,0,0,0,0,0,0,0,0,0
270040,3,1,1995,0,0,0,0,0,0,0,0,0,0
270041,1,1,1995,0,0,0,0,0,0,0,0,0,0
270041,2,1,1995,0,0,0,0,0,0,0,0,0,0
270042,0,1,1995,0,0,0,0,0,0,0,0,0,0
270042,1,1,1995,0,0,0,0,0,0,0,0,0,0
270043,1,1,1995,16,16,16,16,16,16,16,16,16,16
270044,0,1,1995,25,25,25,25,25,25,25,25,25,25
270044,1,1,1995,5,5,5,5,5,5,5,5,5,5
270045,1,1,1995,7,7,7,7,7,7,7,7,7,7
270045,2,1,1995,0,0,0,0,0,0,0,0,0,0
270046,1,1,1995,0,0,0,0,0,0,0,0,0,0
270047,1,1,1995,13,13,13,13,13,13,13,13,13,13
270048,0,1,1995,24,24,24,24,24,24,24,24,24,24
270048,1,1,1995,0,0,0,0,0,0,0,0,0,0
270049,1,1,1995,0,0,0,0,0,0,0,0,0,0
270049,2,1,1995,28,28,28,28,28,28,28,28,28,28
270050,1,2,1995,0,15,3,0,0,19,9,0,0,13
270051,0,1,1995,0,0,0,0,0,0,0,0,0,0
270051,1,1,1995,11,18,9,7,11,13,24,8,13,18
270052,1,1,1995,0,0,0,0,0,0,0,0,0,0
270052,2,1,1995,0,0,0,0,0,0,0,0,0,0
270053,1,1,1995,18,18,18,18,18,18,18,18,18,18
270054,1,1,1995,0,0,0,0,0,0,0,0,0,0
270054,2,1,1995,0,0,0,0,0,0,0,0,0,0
270055,1,1,1995,0,0,0,0,0,0,0,0,0,0
270055,2,1,1995,0,0,0,0,0,0,0,0,0,0
270056,1,1,1995,1,1,1,1,1,1,1,1,1,1
270056,2,1,1995,0,0,0,0,0,0,0,0,0,0
270057,1,1,1995,0,0,0,0,0,0,0,0,0,0
270057,2,1,1995,0,0,0,0,0,0,0,0,0,0
270058,1,1,1995,0,0,0,0,0,0,0,0,0,0
270058,2,1,1995,0,0,0,0,0,0,0,0,0,0
270059,1,1,1995,0,0,0,0,0,0,0,0,0,0
270059,2,1,1995,0,0,0,0,0,0,0,0,0,0
270060,1,1,1995,16,16,16,16,16,16,16,16,16,16
270061,1,1,1995,0,0,0,0,0,0,0,0,0,0
270061,2,1,1995,0,0,0,0,0,0,0,0,0,0
270062,1,1,1995,27,27,27,27,27,27,27,27,27,27
270063,1,1,1995,15,15,15,15,15,15,15,15,15,15
270064,0,1,1995,0,0,0,0,0,0,0,0,0,0
270064,1,1,1995,19,19,19,19,19,19,19,19,19,19
270065,1,1,1995,0,0,0,0,0,0,0,0,0,0
270065,2,1,1995,0,0,0,0,0,0,0,0,0,0
270066,1,1,1995,0,0,0,0,0,0,0,0,0,0
270066,2,1,1995,0,0,0,0,0,0,0,0,0,0
270066,3,1,1995,0,0,0,0,0,0,0,0,0,0
270067,1,1,1995,29,29,29,29,29,29,29,29,29,29
270067,2,1,1995,25,25,25,25,25,25,25,25,25,25
270068,1,1,1995,0,0,0,0,0,0,0,0,0,0
270068,2,1,1995,0,0,0,0,0,0,0,0,0,0
270069,1,1,1995,0,0,0,0,0,0,0,0,0,0
270070,1,1,1995,0,0,0,0,0,0,0,0,0,0
270071,1,1,1995,0,0,0,0,0,0,0,0,0,0
270071,2,1,1995,0,0,0,0,0,0,0,0,14,0
270071,3,1,1995,0,0,0,0,0,0,0,0,0,0
270072,1,1,1995,22,22,22,22,22,22,22,22,22,22
270073,1,1,1995,0,0,0,0,0,0,0,0,0,0
270073,2,1,1995,0,0,0,0,0,0,0,0,0,0
270074,1,1,1995,1,1,1,1,1,1,1,1,1,1
270074,2,1,1995,7,7,7,7,7,7,7,7,7,7
270075,1,1,1995,0,0,0,0,0,0,0,0,0,0
270076,0,1,1995,1,1,1,1,1,1,1,1,1,1
270076,1,1,1995,0,0,0,0,0,0,0,0,0,0
270077,1,1,1995,0,0,0,0,0,0,0,0,0,0
270077,2,1,1995,0,0,0,0,0,0,0,0,0,0
270077,3,1,1995,0,0,0,0,0,0,0,0,0,0
270078,1,1,1995,22,22,22,22,22,22,22,22,22,22
270079,1,1,1995,0,0,0,0,0,0,0,0,0,0
270079,2,1,1995,23,23,23,23,23,23,23,23,23,23
270080,1,1,1995,19,19,19,19,19,19,19,19,19,19
270081,1,1,1995,16,16,16,16,16,16,16,16,16,16
270081,2,1,1995,0,0,0,0,0,0,0,0,0,0
270082,1,1,1995,18,18,18,18,18,18,18,18,18,18
270083,1,2,1995,0,20,0,0,18,30,20,11,4,0
270084,1,1,1995,0,0,0,0,0,0,0,0,0,0
270085,1,1,1995,24,24,24,24,24,24,24,24,24,24
270086,1,1,1995,0,0,0,0,0,0,0,0,0,0
270086,2,1,1995,0,0,0,0,0,0,0,0,0,0
270087,0,1,1995,0,0,0,0,0,0,0,0,0,0
270087,1,1,1995,0,0,0,0,0,0,0,0,0,0
270088,1,1,1995,0,0,0,0,0,0,0,0,0,0
270088,2,1,1995,0,0,0,0,0,0,0,0,0,0
270089,1,1,1995,3,3,3,3,3,3,3,3,3,3
270089,2,1,1995,22,22,22,22,22,22,22,22,22,22
270090,1,1,1995,24,24,24,24,24,24,24,24,24,24
270091,1,1,1995,27,27,27,27,27,27,27,27,27,27
270092,1,1,1995,6,6,6,6,6,6,6,6,6,6
270092,2,1,1995,2,2,2,2,2,2,2,2,2,2
270093,1,1,1995,0,0,0,0,0,0,0,0,0,0
270093,2,1,1995,16,4,14,13,15,18,19,17,13,10
270094,1,1,1995,23,23,23,23,23,23,23,23,23,23
270095,1,1,1995,24,24,24,24,24,24,24,24,24,24
270096,1,1,1995,9,9,9,9,9,9,9,9,9,9
270097,1,1,1995,0,0,0,0,0,0,0,0,0,0
270098,1,1,1995,27,27,27,27,27,27,27,27,27,27
270099,1,1,1995,0,0,0,11,0,0,0,0,0,0
270100,1,1,1995,15,15,15,15,15,15,15,15,15,15
270101,1,1,1995,0,0,0,0,0,0,0,0,0,0
270101,2,1,1995,0,0,0,0,0,0,0,0,0,0
270102,1,1,1995,16,16,16,16,16,16,16,16,16,16
270102,2,1,1995,0,0,0,0,0,0,0,0,0,0
270103,1,1,1995,23,23,23,23,23,23,23,23,23,23
270103,2,1,1995,0,0,0,0,0,0,0,0,0,0
270103,3,1,1995,0,0,0,11,0,25,0,0,0,0
270104,0,1,1995,30,30,30,30,30,30,30,30,30,30
270104,1,1,1995,0,0,0,12,0,0,0,0,0,0
270105,1,1,1995,0,0,0,0,0,0,0,0,0,0
270105,2,1,1995,0,0,0,0,0,0,0,0,0,0
270106,1,1,1995,0,0,0,0,0,0,0,0,0,0
270106,2,1,1995,0,0,0,0,0,0,0,0,0,0
270107,1,1,1995,9,9,9,9,9,9,9,9,9,9
270108,1,1,1995,0,0,0,0,0,0,0,0,0,0
270108,2,1,1995,0,0,0,0,0,0,0,0,0,0
270109,1,1,1995,0,0,0,0,0,0,0,0,0,0
270109,2,1,1995,0,0,0,0,0,0,0,0,0,0
270109,3,1,1995,0,0,0,0,0,0,0,0,0,0
270110,1,1,1995,24,24,24,24,24,24,24,24,24,24
270111,1,1,1995,28,28,28,28,28,28,28,28,28,28
270111,2,1,1995,0,0,0,0,0,0,0,0,0,0
270112,1,1,1995,20,20,20,20,20,20,20,20,20,20
270113,1,1,1995,0,0,0,0,0,0,0,0,0,0
270114,1,1,1995,25,25,25,25,25,25,25,25,25,25
270114,2,1,1995,0,0,0,0,0,0,0,0,0,0
270115,1,1,1995,0,0,0,0,0,0,0,0,0,0
270115,2,1,1995,0,0,0,0,0,0,0,0,0,0
270116,1,1,1995,17,17,17,17,17,17,17,17,17,17
270117,1,1,1995,0,0,0,0,0,0,0,0,0,0
270117,2,1,1995,0,0,0,0,0,0,0,0,0,0
270118,1,1,1995,26,26,26,26,26,26,26,26,26,26
270119,1,1,1995,7,7,7,7,7,7,7,7,7,7
270120,1,1,1995,27,27,27,27,27,27,27,27,27,27
270121,1,1,1995,0,0,0,0,0,0,0,0,0,0
270121,2,1,1995,0,0,0,0,0,0,0,0,0,0
270122,1,1,1995,0,0,0,0,0,0,0,0,0,0
270122,2,1,1995,0,0,0,0,0,0,0,0,0,0
270123,1,1,1995,0,0,0,0,0,0,0,0,0,0
270123,2,1,1995,0,0,0,0,0,0,0,0,0,0
270124,1,1,1995,0,0,0,0,0,0,0,0,0,0