ST_CASE,VEH_NO,PER_NO,YEAR,P1,P2,P3,P4,P5,P6,P7,P8,P9,P10
270404,1,1,1995,0,0,0,0,0,0,0,0,0,0
270404,2,1,1995,0,0,0,0,7,0,0,0,0,0
270405,1,1,1995,0,0,0,0,0,0,0,0,0,0
270405,2,1,1995,0,0,0,0,0,0,0,0,0,0
270406,1,1,1995,0,0,0,0,0,0,0,0,0,0
270406,2,1,1995,0,0,0,0,0,0,0,0,0,0
270407,1,1,1995,0,0,0,0,0,0,0,0,0,0
270408,1,1,1995,30,30,30,30,30,30,30,30,30,30
270409,1,1,1995,0,0,0,0,0,0,0,0,0,0
270409,2,1,1995,0,0,0,0,0,0,0,0,0,0
270410,0,1,1995,0,0,0,0,0,0,0,0,0,0
270410,1,1,1995,0,0,0,0,0,0,0,0,0,0
270411,0,1,1995,0,0,0,0,0,0,0,0,0,0
270411,1,1,1995,0,0,0,0,0,0,0,0,0,0
270412,0,1,1995,0,0,0,20,0,0,0,19,0,0
270412,1,1,1995,0,0,0,0,0,0,0,0,0,0
270413,1,1,1995,18,18,18,18,18,18,18,18,18,18
270414,1,1,1995,0,0,0,0,0,0,0,0,0,0
270414,2,1,1995,0,0,0,0,0,0,0,0,0,0
270415,1,1,1995,0,0,0,0,0,0,0,0,0,0
270415,2,1,1995,0,0,0,0,0,0,0,0,0,0
270416,0,1,1995,0,0,0,0,0,0,0,0,0,0
270416,1,1,1995,0,0,0,0,0,0,0,0,0,0
270417,1,1,1995,0,0,0,0,0,0,0,0,0,0
270417,2,1,1995,0,0,0,0,0,0,0,0,9,0
270418,1,1,1995,16,16,16,16,16,16,16,16,16,16
270418,2,1,1995,21,21,21,21,21,21,21,21,21,21
270419,1,1,1995,0,0,0,0,0,0,0,0,0,0
270420,1,1,1995,0,0,0,0,0,0,0,0,0,0
270420,2,1,1995,0,0,0,0,9,0,0,0,0,0
270421,1,1,1995,16,16,16,16,16,16,16,16,16,16
270423,1,1,1995,0,0,0,0,0,0,0,0,0,0
270424,1,1,1995,0,0,0,0,0,0,0,0,0,0
270425,1,1,1995,0,0,0,0,0,0,0,0,0,0
270426,1,1,1995,0,0,0,0,0,0,0,0,0,0
270426,2,1,1995,0,0,0,0,0,0,0,0,0,0
270427,1,1,1995,0,0,0,0,0,0,0,0,0,0
270427,2,1,1995,0,0,0,0,0,0,0,0,0,0
270428,1,1,1995,0,0,0,0,0,0,0,0,0,0
270428,2,1,1995,0,0,0,0,0,0,0,0,0,0
270429,1,1,1995,0,0,0,0,0,0,0,0,0,0
270429,2,1,1995,0,0,0,0,0,0,0,0,0,0
270430,1,1,1995,0,0,0,0,0,0,0,0,0,0
270430,2,1,1995,0,0,0,0,0,0,0,0,0,0
270431,1,1,1995,0,0,0,0,0,0,0,0,0,0
270431,2,1,1995,0,0,0,0,0,0,0,0,0,0
270432,0,1,1995,24,24,24,24,24,24,24,24,24,24
270432,1,1,1995,0,0,0,0,0,0,0,0,0,0
270433,1,1,1995,0,0,0,0,0,0,0,0,0,0
270433,2,1,1995,0,0,0,0,0,0,0,0,0,0
270434,0,1,1995,0,0,0,0,0,0,0,0,0,30
270434,1,1,1995,0,0,0,0,0,0,0,0,0,0
270435,1,1,1995,0,0,0,0,0,0,0,0,0,0
270435,2,1,1995,0,0,0,0,0,0,5,0,0,0
270436,1,1,1995,0,0,0,0,0,0,0,0,0,0
270436,2,1,1995,0,0,0,0,0,0,0,0,0,0
270437,1,1,1995,19,19,19,19,19,19,19,19,19,19
270438,1,1,1995,0,0,0,0,0,0,0,0,0,0
270439,1,1,1995,18,18,18,18,18,18,18,18,18,18
270440,1,1,1995,0,0,5,15,2,16,0,7,0,11
270441,1,1,1995,27,27,27,27,27,27,27,27,27,27
270442,1,1,1995,28,28,28,28,28,28,28,28,28,28
270443,1,1,1995,0,0,0,0,0,0,0,0,0,0
270443,2,1,1995,0,0,0,0,0,0,0,0,0,0
270444,0,1,1995,0,0,0,0,0,0,0,0,0,0
270444,1,1,1995,0,0,0,0,0,0,0,0,0,0
270444,2,1,1995,0,0,0,0,0,0,0,0,0,0
270445,1,1,1995,19,19,19,19,19,19,19,19,19,19
270446,1,1,1995,9,9,9,9,9,9,9,9,9,9
270447,1,1,1995,9,9,9,9,9,9,9,9,9,9
270448,1,1,1995,0,0,0,0,0,0,0,0,0,0
270448,2,1,1995,0,0,0,0,0,0,0,0,0,0
270449,0,1,1995,27,27,27,27,27,27,27,27,27,27
270449,1,1,1995,11,0,3,0,0,0,0,0,0,0
270450,1,1,1995,0,0,0,0,0,0,0,0,0,0
270451,1,1,1995,17,17,17,17,17,17,17,17,17,17
270452,0,1,1995,0,0,0,0,0,0,0,0,0,0
270452,1,1,1995,0,0,0,0,0,0,0,0,0,0
270452,2,1,1995,0,0,0,0,0,0,0,0,0,0
270453,1,1,1995,0,0,0,0,0,0,0,0,0,0
270454,1,1,1995,0,0,0,0,0,0,0,0,0,0
270454,2,1,1995,0,0,0,0,0,0,0,0,0,0
270454,3,1,1995,0,0,0,0,0,0,14,0,0,0
270455,1,1,1995,0,0,0,0,0,0,0,0,0,0
270455,2,1,1995,0,0,0,0,0,0,0,0,0,0
270456,1,1,1995,0,0,0,0,0,0,0,0,0,0
270457,1,1,1995,0,0,0,0,0,0,0,0,0,0
270457,2,1,1995,0,0,0,0,0,0,0,0,0,0
270458,1,1,1995,0,0,0,0,0,0,0,0,0,0
270459,1,1,1995,0,0,0,0,0,0,0,0,0,0
270459,2,1,1995,0,0,0,0,0,0,0,0,0,0
270460,0,1,1995,29,29,29,29,29,29,29,29,29,29
270460,1,1,1995,19,19,19,19,19,19,19,19,19,19
270461,1,1,1995,14,14,14,14,14,14,14,14,14,14
270462,1,1,1995,0,0,0,0,0,0,0,0,0,0
270462,2,1,1995,0,0,0,0,0,0,0,0,0,0
270463,1,1,1995,9,8,7,14,6,11,25,11,25,24
270463,2,1,1995,0,0,0,0,0,0,0,0,0,0
270464,1,1,1995,0,0,0,0,0,0,7,0,0,0
270465,0,1,1995,0,0,18,17,0,0,0,13,2,10
270465,1,1,1995,20,7,5,17,11,12,7,8,9,19
270466,1,1,1995,0,0,0,0,0,0,0,0,0,0
270466,2,1,1995,0,0,0,0,0,0,0,0,0,0
270467,1,1,1995,0,0,0,0,0,0,0,0,0,0
270467,2,1,1995,0,0,0,0,0,0,0,0,0,0
270468,1,1,1995,0,0,0,0,0,0,0,0,0,0
270468,2,1,1995,0,0,0,0,0,0,0,0,0,0
270469,1,1,1995,7,24,14,16,3,8,11,5,11,11
270469,2,1,1995,0,0,0,0,0,0,0,0,0,0
270470,1,1,1995,3,3,3,3,3,3,3,3,3,3
270470,2,1,1995,13,13,13,13,13,13,13,13,13,13
270471,1,1,1995,0,0,0,0,0,0,0,0,0,0
270471,2,1,1995,0,0,0,0,0,0,0,0,0,0
270471,3,1,1995,0,0,0,0,0,0,0,0,0,0
270472,1,1,1995,21,21,21,21,21,21,21,21,21,21
270472,2,1,1995,8,8,8,8,8,8,8,8,8,8
270473,1,1,1995,0,0,6,10,14,4,17,2,22,8
270473,2,1,1995,0,0,0,0,0,0,0,0,0,0
270474,1,1,1995,0,0,0,0,0,0,0,0,0,0
270474,2,1,1995,0,0,0,0,0,0,0,0,0,0
270475,1,1,1995,22,22,22,22,22,22,22,22,22,22
270476,0,1,1995,0,0,0,0,0,0,0,0,0,0
270476,1,1,1995,0,0,0,0,0,0,0,0,0,0
270477,1,1,1995,13,22,7,10,30,11,5,23,2,10
270478,1,1,1995,0,0,0,0,0,0,0,0,0,0
270478,2,1,1995,0,0,0,0,0,0,0,0,0,0
270479,1,1,1995,0,0,0,0,0,0,0,0,0,0
270479,2,1,1995,19,19,19,19,19,19,19,19,19,19
270480,1,1,1995,0,0,0,0,0,0,0,0,0,0
270481,1,1,1995,0,0,0,0,0,0,0,0,0,0
270481,2,1,1995,0,0,0,0,0,0,0,0,0,0
270482,1,1,1995,0,0,0,0,0,0,0,0,0,0
270483,1,1,1995,0,0,0,0,15,0,0,2,0,0
270483,2,1,1995,0,0,0,0,0,0,0,0,0,0
270484,0,1,1995,39,39,39,39,39,39,39,39,39,39
270484,1,1,1995,0,0,0,0,0,0,0,0,0,0
270485,1,1,1995,0,0,0,0,0,0,0,0,0,0
270485,2,1,1995,0,0,0,0,0,0,0,0,0,0
270486,1,1,1995,0,0,0,0,0,0,0,0,0,0
270486,2,1,1995,0,0,0,0,0,0,0,0,0,0
270487,1,1,1995,0,0,0,0,0,0,0,0,0,0
270487,2,1,1995,0,0,0,0,0,0,0,0,0,0
270488,1,1,1995,0,0,0,0,0,0,0,0,0,0
270488,2,1,1995,0,0,0,0,0,0,0,0,0,0
270489,1,1,1995,0,0,0,0,0,0,0,0,0,0
270489,2,1,1995,0,0,0,0,0,0,0,0,0,0
270489,3,1,1995,0,0,0,0,0,0,0,0,0,0
270490,1,1,1995,0,0,0,0,0,0,0,0,0,0
270490,2,1,1995,0,0,0,0,0,0,0,0,0,0
270491,1,1,1995,21,21,21,21,21,21,21,21,21,21
270492,1,1,1995,22,22,22,22,22,22,22,22,22,22
270493,1,1,1995,17,31,0,0,8,0,0,0,7,26
270493,2,1,1995,0,0,0,0,0,0,0,0,0,0
270493,3,1,1995,20,8,3,22,0,14,16,11,17,9
270493,4,1,1995,0,0,0,0,0,0,0,0,0,0
270494,1,1,1995,24,24,24,24,24,24,24,24,24,24
270495,1,1,1995,0,0,0,0,0,0,0,0,0,0
270496,1,1,1995,0,0,0,0,0,0,0,0,0,0
270496,2,1,1995,0,0,0,0,0,0,0,0,0,0
270497,1,1,1995,0,0,0,0,0,0,0,0,0,0
270497,2,1,1995,0,0,0,21,0,0,0,0,0,0
270498,0,1,1995,0,0,0,0,0,0,0,0,0,0
270498,0,2,1995,0,0,0,0,0,0,0,0,16,0
270498,1,1,1995,0,0,0,0,0,0,0,0,0,0
270499,1,1,1995,0,0,0,0,0,0,0,0,0,0
270499,2,1,1995,0,0,0,0,0,0,0,0,0,0
270500,1,1,1995,0,0,0,0,0,0,0,0,0,0
270500,2,1,1995,0,0,0,0,0,0,0,0,0,0
270501,1,1,1995,0,0,0,0,0,0,0,0,0,0
270501,2,1,1995,0,0,0,0,0,0,0,0,0,0
270502,1,1,1995,0,0,0,0,0,0,0,0,0,0
270502,2,1,1995,0,0,0,0,0,0,0,0,0,0
270503,1,1,1995,17,17,17,17,17,17,17,17,17,17
270503,2,1,1995,17,17,17,17,17,17,17,17,17,17
270504,1,1,1995,0,0,0,0,0,0,0,0,0,0
270504,2,1,1995,3,3,3,3,3,3,3,3,3,3
270505,1,1,1995,0,0,0,0,0,0,0,0,0,0
270505,2,1,1995,0,0,0,0,0,0,0,0,0,0
270506,1,1,1995,0,0,0,0,0,0,0,13,0,0
270506,2,1,1995,0,0,16,0,0,20,0,0,0,0
270507,0,1,1995,0,0,0,0,0,0,0,0,0,0
270507,1,1,1995,0,0,0,0,0,0,0,0,0,0
270508,1,1,1995,0,0,0,0,0,0,0,0,0,0
270509,1,1,1995,0,0,0,0,0,0,0,0,0,0
270509,2,1,1995,0,0,0,0,0,0,0,0,0,0
270510,1,1,1995,0,0,0,0,0,0,0,0,0,0
270511,1,1,1995,0,0,0,0,0,0,0,0,0,0
270511,2,1,1995,0,0,0,0,13,0,0,0,0,0
270512,1,1,1995,0,0,0,15,0,0,0,0,0,0
270513,1,1,1995,0,0,0,0,0,0,0,0,0,0
270513,2,1,1995,0,0,0,0,0,0,0,0,0,0
270514,1,1,1995,0,0,29,0,0,0,0,0,0,0
270514,2,1,1995,0,0,0,0,0,0,0,0,0,0
270515,0,1,1995,0,0,0,0,0,0,0,0,0,0
270515,1,1,1995,0,0,0,0,0,0,0,0,0,0
270516,1,1,1995,20,20,20,20,20,20,20,20,20,20
270518,1,1,1995,15,15,15,15,15,15,15,15,15,15
270519,1,1,1995,0,0,0,0,0,0,0,0,0,0
270520,1,1,1995,27,27,27,27,27,27,27,27,27,27
270521,1,1,1995,0,0,0,0,0,0,0,0,0,0
270521,2,1,1995,0,0,0,0,0,0,0,0,0,0
270521,3,1,1995,0,0,0,0,0,0,0,0,0,0
270521,4,1,1995,0,0,0,0,0,0,0,0,0,0
270522,1,1,1995,0,0,0,0,0,0,0,0,0,0
270522,2,1,1995,0,0,0,0,0,0,0,0,0,0
270523,1,1,1995,17,17,17,17,17,17,17,17,17,17
280001,1,1,1995,20,0,18,0,0,0,0,20,17,0
280002,1,1,1995,0,0,0,0,0,0,0,0,0,0
280002,2,1,1995,14,14,14,14,14,14,14,14,14,14
280002,3,1,1995,0,0,0,0,0,0,0,0,0,0
280003,1,1,1995,0,0,0,0,0,0,0,0,15,0
280004,1,1,1995,0,0,0,12,0,25,0,0,11,0
280004,2,1,1995,0,0,0,0,0,0,0,0,0,0
280005,1,1,1995,0,14,0,0,19,0,8,0,0,0
280005,2,1,1995,0,0,0,0,0,0,0,0,0,0
280006,0,1,1995,40,40,40,40,40,40,40,40,40,40
280006,1,1,1995,14,13,0,0,0,13,6,14,0,5
280007,1,1,1995,14,14,14,14,14,14,14,14,14,14
280008,1,1,1995,28,28,28,28,28,28,28,28,28,28
280009,1,1,1995,0,0,0,0,0,0,0,0,0,0
280009,2,1,1995,0,0,0,0,0,0,0,0,0,0
280010,1,1,1995,23,23,23,23,23,23,23,23,23,23
280010,2,1,1995,14,14,14,14,14,14,14,14,14,14
280011,1,1,1995,19,19,19,19,19,19,19,19,19,19
280012,1,1,1995,0,0,8,0,0,20,0,8,21,0
280013,1,1,1995,0,0,0,0,0,0,0,0,0,0
280013,2,1,1995,0,0,0,0,0,0,0,0,12,0
280013,3,1,1995,0,0,0,0,0,0,0,0,0,0
280014,1,1,1995,0,0,0,0,0,0,0,0,0,0
280015,1,1,1995,12,12,12,12,12,12,12,12,12,12
280016,1,1,1995,0,0,0,0,0,0,0,0,0,0
280016,2,1,1995,0,0,0,0,0,0,0,0,0,0
280017,1,1,1995,0,0,0,0,0,9,0,0,0,0
280017,2,1,1995,0,0,0,0,0,0,0,0,0,0
280018,1,1,1995,0,0,0,0,0,0,0,0,0,0
280019,1,1,1995,0,0,0,0,0,0,0,0,0,0
280019,2,1,1995,0,0,0,0,0,0,0,0,20,0
280020,1,1,1995,0,0,0,0,0,0,0,0,0,0
280021,1,1,1995,0,0,0,0,0,0,0,0,0,0
280022,0,1,1995,22,0,23,0,0,0,16,0,0,0
280022,1,1,1995,0,0,0,0,9,0,0,15,6,0
280023,0,1,1995,0,0,0,0,0,0,0,0,0,0
280023,1,1,1995,0,0,0,0,0,0,0,0,0,0
280024,1,1,1995,0,0,0,0,0,0,0,0,0,0
280024,2,1,1995,0,0,0,0,0,0,0,0,0,16
280025,1,1,1995,28,28,28,28,28,28,28,28,28,28
280026,1,1,1995,0,0,0,0,0,0,0,0,0,0
280026,2,1,1995,0,0,0,0,0,0,0,0,0,0
280027,1,1,1995,0,0,0,0,0,0,0,0,0,0
280027,2,1,1995,0,0,0,0,0,0,0,0,0,0
280028,1,1,1995,0,0,0,0,0,0,0,0,0,0
280028,2,1,1995,0,0,0,0,0,0,0,0,0,0
280029,1,1,1995,0,0,0,0,0,0,0,0,0,0
280029,2,1,1995,0,0,0,0,0,0,3,0,0,0
280030,1,1,1995,0,0,0,0,0,0,0,0,0,0
280030,2,1,1995,0,0,0,0,0,0,0,0,0,0
280031,1,1,1995,12,12,12,12,12,12,12,12,12,12
280031,2,1,1995,0,17,29,0,0,0,0,0,0,0
280032,1,1,1995,12,12,12,12,12,12,12,12,12,12
280033,1,1,1995,4,4,4,4,4,4,4,4,4,4
280034,1,1,1995,0,0,0,0,0,0,0,0,0,0
280035,1,1,1995,0,0,0,0,0,0,0,0,0,0
280036,1,1,1995,0,0,0,0,0,0,0,0,0,0
280036,2,1,1995,8,8,8,8,8,8,8,8,8,8
280037,1,1,1995,14,14,14,14,14,14,14,14,14,14
280038,0,1,1995,16,16,16,16,16,16,16,16,16,16
280038,1,1,1995,0,0,0,0,10,0,0,13,6,13
280039,1,1,1995,0,0,0,0,0,0,0,0,0,0
280040,1,1,1995,0,0,0,0,0,0,0,0,0,0
280041,1,1,1995,0,0,6,0,0,0,6,0,0,12
280041,2,1,1995,0,0,0,0,0,0,0,0,0,0
280042,1,1,1995,0,0,0,0,0,0,0,0,0,0
280042,2,1,1995,0,0,19,0,0,0,0,0,0,0
280043,1,1,1995,14,0,18,31,0,29,0,0,13,15
280044,1,1,1995,25,25,25,25,25,25,25,25,25,25
280045,1,1,1995,6,15,27,13,13,0,23,17,17,6
280046,1,1,1995,13,13,13,13,13,13,13,13,13,13
280047,1,1,1995,19,19,19,19,19,19,19,19,19,19
280048,1,1,1995,20,20,20,20,20,20,20,20,20,20
280049,0,1,1995,0,0,0,0,0,0,0,0,0,0
280049,1,1,1995,0,0,0,0,0,0,7,0,0,0
280050,1,1,1995,37,0,21,22,26,0,12,20,0,0
280051,1,1,1995,0,0,0,0,0,0,0,0,0,0
280052,1,1,1995,0,0,0,0,0,0,0,2,0,0
280052,2,1,1995,0,0,0,0,0,0,0,0,0,0
280053,1,1,1995,0,0,0,0,0,0,0,0,0,0
280053,2,1,1995,0,0,0,0,0,0,0,0,0,0
280054,1,1,1995,0,0,0,0,0,0,0,0,0,0
280054,2,1,1995,0,0,0,0,0,0,0,0,0,0
280055,1,1,1995,0,0,0,0,0,0,13,0,0,0
280056,1,1,1995,11,11,11,11,11,11,11,11,11,11
280057,1,1,1995,10,10,10,10,10,10,10,10,10,10
280058,1,1,1995,0,0,0,0,0,0,0,0,0,0
280058,2,1,1995,14,14,14,14,14,14,14,14,14,14
280059,1,1,1995,25,0,0,0,0,0,7,0,27,18
280060,1,1,1995,0,0,0,0,0,0,0,0,0,0
280060,2,1,1995,0,0,0,0,0,0,0,0,0,0
280061,1,1,1995,0,0,0,0,0,0,0,0,0,0
280061,2,1,1995,0,0,0,0,0,0,0,0,0,0
280062,1,1,1995,0,0,0,0,0,14,0,10,18,0
280062,2,1,1995,0,10,23,10,24,15,0,0,22,27
280063,1,1,1995,0,0,0,0,0,0,0,0,0,0
280064,1,1,1995,0,0,0,0,0,0,0,0,0,0
280065,1,1,1995,0,0,0,0,0,0,0,0,0,0
280065,2,1,1995,0,0,0,0,0,0,0,0,0,0
280066,1,1,1995,0,0,0,0,0,0,0,0,0,0
280066,2,1,1995,0,0,0,0,0,0,0,0,0,0
280067,1,1,1995,0,0,0,0,0,0,0,0,0,0
280068,1,1,1995,0,0,0,0,0,0,0,0,0,0
280068,2,1,1995,0,0,0,0,0,0,0,0,0,0
280069,1,1,1995,0,0,0,0,0,0,0,0,0,0
280069,2,1,1995,0,0,0,0,0,0,0,0,0,0
280070,1,1,1995,5,5,5,5,5,5,5,5,5,5
280070,2,1,1995,0,0,0,0,0,0,0,17,0,0
280072,1,1,1995,0,0,0,0,0,0,0,0,0,0
280072,2,1,1995,0,0,0,0,0,0,0,0,0,0
280073,1,1,1995,0,0,0,0,0,0,0,0,0,0
280073,2,1,1995,0,0,0,0,0,0,0,0,0,0
280074,1,1,1995,0,0,0,0,0,0,0,0,0,0
280074,2,1,1995,24,24,24,24,24,24,24,24,24,24
280075,1,1,1995,10,10,10,10,10,10,10,10,10,10
280076,1,1,1995,36,36,36,36,36,36,36,36,36,36
280076,2,1,1995,0,0,0,0,0,0,0,0,0,0
280077,1,1,1995,0,0,0,0,0,0,0,0,0,0
280077,2,1,1995,0,28,0,0,0,0,0,0,0,22
280077,3,1,1995,0,0,0,0,0,0,0,0,0,0
280078,1,1,1995,24,24,24,24,24,24,24,24,24,24
280079,1,1,1995,0,0,0,0,0,0,0,0,0,0
280079,2,1,1995,0,0,0,0,0,8,0,0,0,0
280081,1,1,1995,0,0,0,0,0,0,0,0,0,0
280081,2,1,1995,0,0,0,0,0,0,0,0,0,0
280082,0,1,1995,23,23,23,23,23,23,23,23,23,23
280082,1,1,1995,0,0,0,25,0,7,11,0,0,0
280083,0,1,1995,0,0,0,0,0,0,0,0,0,12
280083,1,1,1995,0,0,0,0,0,0,0,0,20,0
280084,1,1,1995,9,9,9,9,9,9,9,9,9,9
280084,2,1,1995,21,21,21,21,21,21,21,21,21,21
280085,1,1,1995,0,0,0,0,0,0,0,0,0,0
280085,2,1,1995,0,0,0,0,0,0,0,0,0,0
280086,1,1,1995,0,20,0,0,11,0,0,0,0,0
280087,0,1,1995,0,0,19,0,0,0,0,0,0,0
280087,1,1,1995,7,0,0,0,12,0,0,0,0,0
280088,1,1,1995,31,31,31,31,31,31,31,31,31,31
280088,2,1,1995,0,14,0,0,0,0,0,0,0,0
280088,3,1,1995,0,0,0,7,0,0,0,0,0,0
280089,1,1,1995,0,0,0,0,0,0,0,0,0,0
280090,1,1,1995,0,0,0,0,0,0,0,0,0,0
280090,2,1,1995,0,0,0,0,0,0,0,0,0,0
280091,1,1,1995,0,0,0,0,0,0,0,0,0,0
280091,2,1,1995,0,0,0,0,0,0,0,0,0,0
280092,1,1,1995,0,0,0,0,0,0,0,0,0,0
280093,1,1,1995,27,27,27,27,27,27,27,27,27,27
280093,2,1,1995,0,28,6,30,0,0,18,24,27,5
280094,1,1,1995,0,0,0,0,0,0,0,0,0,0
280094,2,1,1995,0,0,13,0,0,0,0,0,0,0
280095,1,1,1995,0,0,0,0,0,0,0,0,0,0
280095,2,1,1995,0,0,0,0,0,0,0,0,0,0
280096,1,1,1995,13,13,13,13,13,13,13,13,13,13
280097,1,1,1995,17,19,0,26,0,0,18,0,24,0
280097,2,1,1995,0,0,0,0,0,0,0,0,0,0
280098,1,1,1995,6,6,6,6,6,6,6,6,6,6
280098,2,1,1995,0,0,0,0,0,0,0,0,0,0
280099,1,1,1995,6,0,0,0,0,0,0,0,0,17
280099,2,1,1995,0,0,0,0,0,0,0,0,0,0
280100,1,1,1995,17,17,17,17,17,17,17,17,17,17
280101,1,1,1995,17,17,17,17,17,17,17,17,17,17
280102,1,1,1995,4,4,4,4,4,4,4,4,4,4
280102,2,1,1995,2,2,2,2,2,2,2,2,2,2
280103,1,1,1995,0,0,0,0,0,0,0,0,0,0
280103,2,1,1995,0,0,0,12,0,0,0,0,0,0
280104,1,1,1995,0,0,0,0,0,0,0,0,0,0
280104,2,1,1995,0,0,0,0,0,0,0,0,0,0
280105,1,1,1995,0,0,0,0,0,0,0,0,0,0
280105,2,1,1995,0,0,0,0,0,0,0,0,0,0
280106,1,1,1995,0,0,0,0,0,0,0,0,0,0
280106,2,1,1995,0,0,0,15,0,0,0,0,0,0
280107,1,1,1995,0,0,0,6,14,0,0,21,17,0
280108,1,1,1995,0,0,0,0,0,0,0,0,0,0
280108,2,1,1995,0,0,0,0,0,0,0,0,0,0
280109,1,1,1995,20,20,20,20,20,20,20,20,20,20
280111,1,1,1995,24,24,24,24,24,24,24,24,24,24
280111,2,1,1995,0,0,0,0,0,0,0,0,0,0
280112,1,1,1995,0,0,0,0,0,0,0,0,0,0
280112,2,1,1995,0,0,0,0,0,0,0,0,0,0
280113,1,1,1995,17,17,17,17,17,17,17,17,17,17
280113,2,1,1995,25,0,0,0,0,0,0,0,0,0
280114,1,1,1995,0,0,15,0,0,0,0,0,0,0
280115,1,1,1995,0,0,0,0,0,0,0,0,0,0
280116,1,1,1995,0,0,0,0,0,0,0,0,0,0
280117,1,1,1995,0,0,0,0,0,0,0,0,0,0
280117,2,1,1995,0,0,0,0,0,0,0,0,0,0
280118,1,1,1995,9,9,9,9,9,9,9,9,9,9
280119,1,1,1995,0,0,0,0,0,0,0,0,0,0
280119,2,1,1995,0,0,0,0,0,0,0,0,0,0
280120,1,1,1995,0,0,0,0,0,0,0,0,0,0
280120,2,1,1995,0,0,0,0,0,0,0,0,0,0
280120,3,1,1995,0,0,4,0,0,7,0,0,0,0
280120,4,1,1995,0,0,16,0,0,0,0,0,0,0
280121,0,1,1995,0,0,0,0,0,0,0,0,0,0
280121,1,1,1995,0,0,0,0,0,0,0,0,0,0
280122,1,1,1995,24,24,24,24,24,24,24,24,24,24
280123,1,1,1995,0,0,0,0,0,0,0,0,0,0
280123,2,1,1995,20,20,20,20,20,20,20,20,20,20
280123,3,1,1995,0,0,0,0,0,0,0,0,0,0
280123,4,1,1995,0,0,0,0,0,0,0,0,0,0
280124,1,1,1995,0,0,0,0,0,0,0,0,0,0
280124,2,1,1995,0,0,0,0,0,0,0,0,0,0
280125,1,1,1995,0,0,0,0,0,0,0,0,0,0
280125,2,1,1995,0,0,0,0,0,0,0,0,0,0
280126,1,1,1995,0,0,0,0,0,0,0,6,0,12
280126,2,1,1995,0,0,0,0,0,0,0,6,0,0
280126,3,1,1995,0,0,0,0,0,0,0,0,0,0
280127,1,1,1995,16,16,16,16,16,16,16,16,16,16
280128,1,1,1995,12,12,12,12,12,12,12,12,12,12
280129,1,1,1995,21,20,4,0,10,8,0,16,29,19
280130,1,1,1995,0,0,0,13,0,0,0,0,0,0
280130,2,1,1995,0,0,0,0,6,0,0,0,0,0
280131,1,1,1995,0,0,0,0,0,0,0,0,0,0
280132,1,1,1995,18,18,18,18,18,18,18,18,18,18
280133,1,1,1995,29,0,0,0,0,0,13,0,13,0
280134,1,1,1995,1,1,1,1,1,1,1,1,1,1
280134,2,1,1995,0,0,0,0,0,0,0,0,0,0
280135,1,1,1995,0,0,0,0,0,0,0,0,0,0
280135,2,1,1995,0,0,0,0,0,0,0,0,0,8
280136,1,1,1995,0,0,0,0,0,0,0,0,0,0
280136,2,1,1995,7,7,7,7,7,7,7,7,7,7
280137,1,1,1995,0,0,0,0,0,0,0,0,0,0
280138,1,1,1995,0,0,0,0,0,0,0,0,0,0
280138,2,1,1995,0,0,0,0,0,0,0,0,0,0
280139,1,1,1995,0,0,0,0,0,0,0,0,0,0
280140,1,1,1995,0,0,0,0,0,0,0,9,0,0
280140,2,1,1995,0,0,0,0,0,0,0,0,0,0
280141,1,1,1995,9,0,6,0,0,0,18,0,0,0
280141,2,1,1995,0,0,0,0,0,0,0,0,0,0
280142,1,1,1995,0,0,0,0,0,0,0,0,0,0
280142,2,1,1995,0,0,0,0,0,0,0,0,0,0
280143,1,1,1995,0,0,0,0,0,0,0,0,0,0
280143,2,1,1995,0,0,0,0,0,0,0,0,0,0
280144,1,1,1995,0,0,0,0,0,0,0,0,0,0
280145,1,1,1995,11,11,11,11,11,11,11,11,11,11
280146,1,1,1995,0,0,0,0,0,0,0,0,0,0
280147,1,1,1995,21,21,21,21,21,21,21,21,21,21
280147,2,1,1995,17,17,17,17,17,17,17,17,17,17
280148,1,1,1995,0,0,0,0,0,0,0,0,0,0
280149,1,1,1995,15,15,15,15,15,15,15,15,15,15
280149,2,1,1995,0,0,0,0,0,0,0,0,0,0
280150,1,1,1995,0,0,0,0,0,0,0,0,0,0
280151,1,1,1995,0,9,31,0,0,0,0,0,0,0
280151,2,1,1995,23,23,23,23,23,23,23,23,23,23
280152,1,1,1995,15,15,15,15,15,15,15,15,15,15
280152,2,1,1995,0,0,0,0,0,0,0,0,0,0
280153,1,1,1995,0,0,0,0,0,0,0,0,0,0
280154,0,1,1995,22,22,22,22,22,22,22,22,22,22
280154,1,1,1995,0,0,8,0,0,0,15,0,0,0
280155,1,1,1995,0,28,0,0,0,0,0,0,0,0
280155,2,1,1995,0,0,0,0,0,0,0,0,0,0
280155,3,1,1995,0,0,0,0,0,0,0,0,0,0
280156,1,1,1995,0,17,0,0,0,0,0,0,24,14
280157,1,1,1995,0,0,0,13,0,0,0,0,8,0
280157,2,1,1995,0,0,0,0,26,0,0,0,0,0
280158,1,1,1995,0,0,0,0,0,0,0,0,0,0
280158,2,1,1995,1,1,1,1,1,1,1,1,1,1