ST_CASE,VEH_NO,PER_NO,YEAR,P1,P2,P3,P4,P5,P6,P7,P8,P9,P10
280450,1,1,1995,0,0,0,13,0,0,0,0,0,0
280450,2,1,1995,0,0,0,0,0,0,0,0,0,0
280451,1,1,1995,0,0,0,0,0,0,0,0,0,0
280451,2,1,1995,0,0,0,0,0,0,0,0,0,0
280452,1,1,1995,7,6,0,0,0,0,0,0,0,0
280453,1,1,1995,0,13,0,0,20,0,0,0,0,0
280454,1,1,1995,0,0,0,0,0,0,0,0,0,0
280454,2,1,1995,0,0,0,0,0,0,0,0,0,0
280455,1,1,1995,15,15,15,15,15,15,15,15,15,15
280456,1,1,1995,0,0,0,0,0,0,0,0,0,0
280456,2,1,1995,0,0,0,0,0,0,0,0,0,0
280458,1,1,1995,0,0,0,0,0,0,0,0,0,6
280459,1,1,1995,0,0,0,0,0,0,0,0,0,0
280460,1,1,1995,0,0,0,0,0,0,0,0,0,0
280460,2,1,1995,19,19,19,19,19,19,19,19,19,19
280461,1,1,1995,0,0,0,0,0,0,0,0,0,0
280462,1,1,1995,0,0,0,0,0,0,0,0,0,0
280462,2,1,1995,0,0,0,0,0,0,0,0,0,0
280463,1,1,1995,11,11,11,11,11,11,11,11,11,11
280464,1,1,1995,0,0,0,0,0,0,0,0,0,0
280465,1,1,1995,0,0,0,0,0,0,0,0,0,0
280465,2,1,1995,0,0,0,0,0,0,0,0,0,0
280466,1,1,1995,0,0,0,0,0,0,0,0,0,0
280467,1,1,1995,0,0,0,0,0,0,0,0,0,0
280468,1,1,1995,0,0,0,0,0,0,0,0,0,0
280468,2,1,1995,0,0,0,0,0,0,0,0,0,0
280469,1,1,1995,25,25,25,25,25,25,25,25,25,25
280470,1,1,1995,7,7,7,7,7,7,7,7,7,7
280471,1,1,1995,0,0,0,0,0,0,0,0,0,0
280471,2,1,1995,0,0,0,0,0,0,0,0,0,0
280472,1,1,1995,32,32,32,32,32,32,32,32,32,32
280472,2,1,1995,0,0,0,0,0,0,0,0,0,0
280473,1,1,1995,0,0,0,0,0,0,0,0,0,0
280473,2,1,1995,0,0,0,0,0,0,0,0,0,0
280474,1,1,1995,0,0,0,0,0,0,0,0,0,0
280474,2,1,1995,0,0,0,0,0,0,0,0,0,0
280475,1,1,1995,0,0,0,0,0,0,0,0,0,0
280476,1,1,1995,0,0,0,0,0,0,0,0,0,0
280477,1,1,1995,0,0,0,0,0,0,0,0,0,0
280477,2,1,1995,0,0,0,0,0,0,0,0,0,0
280478,1,1,1995,0,0,0,0,0,0,0,0,0,0
280479,1,1,1995,0,0,0,0,0,0,0,0,0,0
280479,2,1,1995,0,0,0,0,0,0,0,0,0,0
280480,1,1,1995,0,0,0,0,0,0,0,0,0,0
280481,1,1,1995,0,0,0,0,0,0,0,0,0,0
280482,1,1,1995,29,29,29,29,29,29,29,29,29,29
280483,1,1,1995,0,0,0,0,0,0,0,0,0,0
280484,1,1,1995,20,20,20,20,20,20,20,20,20,20
280485,1,1,1995,0,0,13,21,19,19,0,20,16,0
280486,1,1,1995,0,0,0,0,0,0,0,0,0,0
280486,2,1,1995,0,0,0,0,0,0,0,0,0,0
280487,1,1,1995,22,22,22,22,22,22,22,22,22,22
280488,1,1,1995,16,16,16,16,16,16,16,16,16,16
280489,1,1,1995,18,18,18,18,18,18,18,18,18,18
280490,1,1,1995,11,11,11,11,11,11,11,11,11,11
280491,1,1,1995,0,0,0,0,0,0,0,0,0,0
280491,2,1,1995,0,0,0,0,0,0,0,0,0,0
280492,1,1,1995,10,0,0,0,31,6,0,0,0,12
280492,2,1,1995,28,0,24,33,8,23,10,3,0,11
280493,1,1,1995,0,0,0,0,0,0,0,0,0,0
280494,1,1,1995,0,24,41,13,12,19,0,0,0,0
280495,1,1,1995,0,0,0,0,0,0,0,0,0,0
280495,2,1,1995,0,0,0,0,0,0,0,0,0,0
280496,1,1,1995,0,0,0,0,0,0,0,0,0,0
280496,2,1,1995,0,0,0,0,0,0,0,0,0,0
280497,1,1,1995,0,0,0,0,0,0,0,0,0,0
280497,2,1,1995,0,0,0,0,0,0,0,0,0,0
280497,3,1,1995,0,0,0,0,0,0,0,0,0,0
280497,4,1,1995,0,0,0,0,0,0,0,0,4,0
280497,5,1,1995,0,0,0,0,0,0,0,0,0,0
280497,6,1,1995,0,0,0,0,0,0,0,0,0,0
280497,7,1,1995,0,0,0,0,0,0,0,0,0,0
280497,8,1,1995,0,0,0,0,0,0,0,0,0,0
280497,9,1,1995,0,0,0,0,0,0,0,0,0,0
280497,10,1,1995,0,0,0,0,0,0,0,0,0,0
280497,11,1,1995,0,0,0,0,0,0,0,0,0,0
280497,12,1,1995,0,0,0,0,0,0,0,0,0,0
280497,13,1,1995,0,0,0,0,0,0,0,0,0,0
280497,14,1,1995,0,0,0,0,0,0,0,0,0,0
280497,15,1,1995,0,0,0,0,0,0,0,0,0,0
280497,16,1,1995,0,0,0,0,0,0,0,0,0,0
280497,17,1,1995,0,0,0,0,0,0,0,0,0,0
280497,18,1,1995,0,0,0,0,0,0,0,0,0,0
280497,19,1,1995,0,0,0,0,0,16,0,0,0,0
280497,20,1,1995,0,0,0,0,0,0,0,0,0,0
280497,21,1,1995,0,0,0,0,0,0,0,0,0,0
280497,22,1,1995,0,0,0,0,0,0,0,0,0,0
280497,23,1,1995,0,0,0,0,0,0,0,0,0,0
280497,24,1,1995,0,0,0,0,0,0,0,0,0,0
280497,25,1,1995,0,0,0,0,0,0,0,0,0,0
280497,26,1,1995,0,0,0,0,0,0,0,0,0,0
280497,27,1,1995,0,0,0,0,0,0,0,0,0,0
280497,28,1,1995,0,0,0,0,0,0,0,0,0,0
280497,29,1,1995,0,0,0,0,0,0,0,0,0,0
280497,30,1,1995,0,0,0,0,0,0,0,0,0,0
280497,31,1,1995,0,0,0,0,12,0,0,0,0,0
280497,32,1,1995,0,0,0,0,0,0,0,0,0,0
280498,1,1,1995,0,0,0,0,0,0,0,0,0,0
280499,1,1,1995,0,11,0,0,0,0,0,0,0,2
280499,2,1,1995,15,0,0,0,0,0,0,11,0,0
280500,1,1,1995,0,0,0,0,0,0,0,0,0,0
280500,2,1,1995,0,0,0,0,17,0,0,0,0,13
280501,1,1,1995,0,0,0,0,0,0,0,0,0,0
280502,1,1,1995,0,0,0,0,0,14,0,0,20,9
280502,2,1,1995,0,8,0,0,0,0,10,15,0,0
280503,1,1,1995,0,0,0,0,0,0,0,0,0,0
280504,1,1,1995,0,0,0,0,0,0,0,0,0,0
280504,2,1,1995,0,0,0,0,0,0,0,0,0,0
280505,1,1,1995,0,0,0,0,0,0,0,0,0,0
280505,2,1,1995,11,11,11,11,11,11,11,11,11,11
280506,1,1,1995,0,0,0,0,0,0,0,0,0,0
280506,2,1,1995,14,14,14,14,14,14,14,14,14,14
280507,1,1,1995,28,28,28,28,28,28,28,28,28,28
280508,1,1,1995,10,10,10,10,10,10,10,10,10,10
280508,2,1,1995,0,0,0,0,0,0,0,0,0,0
280509,1,1,1995,0,0,0,0,0,0,0,0,0,0
280510,1,1,1995,0,0,0,0,0,0,0,0,0,0
280511,0,1,1995,0,0,0,0,0,0,0,0,0,0
280511,1,1,1995,0,13,0,0,0,0,13,18,0,19
280512,1,1,1995,0,0,0,11,6,10,0,0,0,0
280513,1,1,1995,0,0,25,0,0,0,34,0,13,28
280514,1,1,1995,0,0,0,0,0,0,0,0,0,0
280514,2,1,1995,0,0,0,0,0,0,0,0,0,0
280515,0,1,1995,0,0,0,0,0,0,0,0,19,0
280515,1,1,1995,0,0,0,0,0,0,0,0,0,0
280516,1,1,1995,11,11,11,11,11,11,11,11,11,11
280516,2,1,1995,0,0,0,0,0,0,0,0,0,0
280517,1,1,1995,0,0,8,10,4,0,0,0,0,0
280518,0,1,1995,0,0,0,0,0,0,0,0,0,0
280518,1,1,1995,0,0,0,0,0,17,0,0,10,0
280519,1,1,1995,18,18,18,18,18,18,18,18,18,18
280520,1,1,1995,0,0,0,0,0,0,0,0,0,0
280520,2,1,1995,0,0,0,0,0,0,0,0,0,0
280521,1,1,1995,0,0,0,0,0,0,0,0,0,0
280521,2,1,1995,11,11,11,11,11,11,11,11,11,11
280522,1,1,1995,15,15,15,15,15,15,15,15,15,15
280523,1,1,1995,0,0,0,0,0,0,0,0,0,0
280524,1,1,1995,0,0,0,0,0,0,0,0,0,0
280524,2,1,1995,0,0,0,0,0,0,0,0,0,0
280525,1,1,1995,10,10,10,10,10,10,10,10,10,10
280526,1,1,1995,0,0,0,0,0,0,0,0,0,0
280526,2,1,1995,0,0,0,0,0,0,0,0,0,0
280527,1,1,1995,0,0,0,0,0,0,0,0,0,0
280527,2,1,1995,0,0,0,0,0,0,0,0,0,0
280528,1,1,1995,0,0,0,0,0,0,0,0,0,0
280528,2,1,1995,0,0,0,0,0,0,0,0,0,0
280529,1,1,1995,0,0,0,0,0,0,0,0,0,0
280529,2,1,1995,0,0,0,0,0,0,0,0,0,0
280530,1,1,1995,0,0,0,0,0,0,0,0,0,0
280530,2,1,1995,0,0,0,0,0,0,0,0,0,0
280530,3,1,1995,0,0,0,0,0,0,0,0,0,0
280531,1,1,1995,17,17,17,17,17,17,17,17,17,17
280531,2,1,1995,0,0,0,0,0,0,0,0,0,0
280531,3,1,1995,0,0,0,0,0,0,0,0,0,0
280532,1,1,1995,11,11,11,11,11,11,11,11,11,11
280532,2,1,1995,0,0,0,0,0,0,0,0,0,0
280533,1,1,1995,0,0,0,0,0,0,0,0,0,0
280533,2,1,1995,0,0,0,0,0,0,0,0,0,0
280534,1,1,1995,16,16,16,16,16,16,16,16,16,16
280535,1,1,1995,0,0,0,0,0,0,0,8,0,0
280536,1,1,1995,8,8,8,8,8,8,8,8,8,8
280537,0,1,1995,11,11,11,11,11,11,11,11,11,11
280537,1,1,1995,0,0,0,0,0,0,0,0,0,0
280538,1,1,1995,0,0,0,0,0,0,0,0,0,7
280538,2,1,1995,0,0,0,0,0,0,0,0,0,0
280539,1,1,1995,0,0,0,0,0,0,0,0,0,0
280539,2,1,1995,0,0,0,0,0,0,0,0,0,0
280540,1,1,1995,11,11,11,11,11,11,11,11,11,11
280541,1,1,1995,0,0,0,0,0,0,0,0,0,0
280542,1,1,1995,0,0,0,0,0,0,0,0,0,0
280542,2,1,1995,0,0,0,0,0,0,0,0,0,0
280543,1,1,1995,0,0,0,0,0,0,0,0,0,0
280543,2,1,1995,4,4,4,4,4,4,4,4,4,4
280543,3,1,1995,0,0,0,0,0,0,0,0,0,0
280544,1,1,1995,16,16,16,16,16,16,16,16,16,16
280544,2,1,1995,11,11,11,11,11,11,11,11,11,11
280545,1,1,1995,0,0,0,0,0,0,0,0,0,0
280546,1,1,1995,14,14,14,14,14,14,14,14,14,14
280547,1,1,1995,11,11,11,11,11,11,11,11,11,11
280548,1,1,1995,18,18,18,18,18,18,18,18,18,18
280549,1,1,1995,0,0,0,0,0,0,0,0,0,0
280550,0,1,1995,36,0,15,18,17,19,0,25,0,9
280550,1,1,1995,0,0,26,12,15,0,28,0,0,0
280551,1,1,1995,0,0,0,0,0,0,0,0,0,0
280552,1,1,1995,0,0,0,0,0,0,0,0,0,0
280553,1,1,1995,17,0,0,0,0,0,0,0,0,0
280554,1,1,1995,10,10,10,10,10,10,10,10,10,10
280554,2,1,1995,0,0,0,0,0,0,19,0,0,0
280555,1,1,1995,0,0,0,0,0,0,0,0,0,0
280556,1,1,1995,33,33,33,33,33,33,33,33,33,33
280557,0,1,1995,0,0,0,0,0,0,9,0,0,0
280557,1,1,1995,0,0,0,0,0,0,0,16,27,0
280558,0,1,1995,0,36,13,21,11,7,0,18,27,0
280558,1,1,1995,13,10,0,0,0,0,13,4,0,10
280559,1,1,1995,12,12,12,12,12,12,12,12,12,12
280560,1,1,1995,0,0,0,0,0,0,0,0,0,0
280560,2,1,1995,0,0,0,0,0,0,0,0,0,0
280561,1,1,1995,0,0,0,0,0,0,0,0,0,0
280561,2,1,1995,0,0,0,0,0,0,0,0,0,0
280562,1,1,1995,0,0,0,0,0,0,0,0,0,0
280562,2,1,1995,0,0,0,0,0,0,0,0,0,0
280563,1,1,1995,0,0,0,0,0,0,0,0,0,0
280563,2,1,1995,0,0,0,0,0,0,0,0,0,0
280563,3,1,1995,0,0,0,0,0,0,0,0,0,0
280564,1,1,1995,20,20,20,20,20,20,20,20,20,20
280565,1,1,1995,0,0,0,0,0,0,0,0,0,0
280565,2,1,1995,0,6,0,0,0,0,0,6,0,0
280566,1,1,1995,17,11,9,10,0,0,17,0,0,10
280566,2,1,1995,16,0,21,40,23,16,15,16,28,14
280567,0,1,1995,14,0,0,21,0,0,0,0,13,0
280567,1,1,1995,0,0,0,0,0,0,0,0,0,0
280568,1,1,1995,0,0,0,0,0,0,0,0,0,0
280568,2,1,1995,19,19,19,19,19,19,19,19,19,19
280569,1,1,1995,10,10,10,10,10,10,10,10,10,10
280569,2,1,1995,0,0,0,0,0,0,0,0,0,0
280570,1,1,1995,0,0,0,0,0,0,0,0,0,0
280570,2,1,1995,0,0,0,0,0,0,0,0,0,0
280571,1,1,1995,12,12,12,12,12,12,12,12,12,12
280572,1,1,1995,0,0,0,0,0,0,0,0,0,0
280573,0,1,1995,10,10,10,10,10,10,10,10,10,10
280573,1,1,1995,0,0,0,0,0,0,0,0,0,0
280574,1,1,1995,0,0,0,0,0,0,0,0,0,0
280574,2,1,1995,0,0,0,0,0,0,0,0,0,0
280575,1,1,1995,0,0,0,0,0,0,0,0,0,0
280575,2,1,1995,0,0,0,0,0,0,0,0,0,0
280576,1,1,1995,15,15,15,15,15,15,15,15,15,15
280577,0,1,1995,11,11,11,11,11,11,11,11,11,11
280577,1,1,1995,0,0,0,9,6,23,0,9,19,13
280578,0,1,1995,0,0,0,0,0,0,0,0,0,0
280578,1,1,1995,0,0,0,0,0,0,0,0,0,0
280579,1,1,1995,8,8,8,8,8,8,8,8,8,8
280580,1,1,1995,44,44,44,44,44,44,44,44,44,44
280581,1,1,1995,22,22,22,22,22,22,22,22,22,22
280582,1,1,1995,0,0,0,0,0,0,0,0,0,0
280582,2,1,1995,0,0,0,0,0,0,0,0,0,0
280583,1,1,1995,0,0,0,0,0,0,0,0,0,0
280583,2,1,1995,0,0,0,0,0,0,0,0,0,0
280583,3,1,1995,0,0,0,0,0,0,0,0,0,0
280584,1,1,1995,0,0,0,0,0,0,0,0,0,0
280585,1,1,1995,0,0,0,0,0,0,0,0,0,0
280585,2,1,1995,0,0,0,0,0,0,0,0,0,0
280585,3,1,1995,0,0,0,0,0,0,0,0,0,0
280586,1,1,1995,0,0,0,0,0,0,0,0,0,0
280587,1,1,1995,0,0,0,0,0,0,0,0,0,0
280587,2,1,1995,0,0,0,0,0,0,0,0,0,0
280588,1,1,1995,0,0,0,0,0,0,0,0,0,0
280589,1,1,1995,0,0,0,0,0,0,0,0,0,0
280590,1,1,1995,0,0,0,0,0,0,0,0,0,0
280591,0,1,1995,0,0,0,0,0,0,0,0,0,0
280591,1,1,1995,0,0,0,0,0,0,0,0,0,0
280592,1,1,1995,0,0,0,0,0,0,0,0,0,0
280593,1,1,1995,0,0,0,0,0,0,0,0,0,0
280593,2,1,1995,0,0,0,0,0,0,0,0,0,0
280593,3,1,1995,0,0,0,0,0,0,0,0,0,0
280595,0,1,1995,0,0,0,0,4,0,0,0,0,18
280595,1,1,1995,0,0,0,0,0,0,0,0,0,0
280596,1,1,1995,11,11,11,11,11,11,11,11,11,11
280596,2,1,1995,0,0,0,0,0,0,0,0,0,0
280597,1,1,1995,19,19,19,19,19,19,19,19,19,19
280598,1,1,1995,30,30,30,30,30,30,30,30,30,30
280599,1,1,1995,0,0,0,0,0,0,0,0,0,0
280599,2,1,1995,0,0,0,0,0,0,0,0,0,0
280599,3,1,1995,0,0,0,0,0,0,0,0,0,0
280600,1,1,1995,0,0,0,0,0,0,0,0,0,0
280600,2,1,1995,0,0,0,0,0,0,0,0,0,0
280601,1,1,1995,11,11,11,11,11,11,11,11,11,11
280602,1,1,1995,15,15,15,15,15,15,15,15,15,15
280602,2,1,1995,0,0,0,0,0,0,0,0,0,0
280602,3,1,1995,0,0,0,0,0,0,0,0,0,0
280603,1,1,1995,0,0,0,0,0,0,0,0,0,0
280603,2,1,1995,0,0,0,0,0,0,0,0,0,0
280603,3,1,1995,0,0,0,0,0,0,0,0,0,0
280604,1,1,1995,0,0,0,0,0,0,0,0,0,0
280604,2,1,1995,0,0,0,0,0,0,0,0,0,0
280605,0,1,1995,15,0,0,0,0,0,0,0,0,0
280605,1,1,1995,0,0,0,0,0,0,0,0,0,0
280606,1,1,1995,16,16,16,16,16,16,16,16,16,16
280607,1,1,1995,0,0,0,0,0,0,0,0,0,0
280607,2,1,1995,0,0,0,0,0,0,0,0,0,0
280608,1,1,1995,16,16,16,16,16,16,16,16,16,16
280609,1,1,1995,0,0,0,0,0,0,0,0,0,0
280609,2,1,1995,0,0,0,0,0,0,0,0,0,0
280610,1,1,1995,0,0,0,0,0,0,0,0,0,0
280610,2,1,1995,0,0,0,0,0,0,0,0,0,0
280611,1,1,1995,0,0,0,0,0,0,0,0,0,0
280612,1,1,1995,0,0,0,0,0,0,0,0,0,0
280613,1,1,1995,0,0,0,0,0,0,0,0,0,0
280614,1,1,1995,25,25,25,25,25,25,25,25,25,25
280615,1,1,1995,0,0,0,0,0,0,0,0,0,0
280616,1,1,1995,6,6,6,6,6,6,6,6,6,6
280617,1,1,1995,10,10,10,10,10,10,10,10,10,10
280618,1,1,1995,0,0,0,0,0,0,0,0,0,0
280619,1,1,1995,0,0,0,0,0,0,0,0,0,0
280620,1,1,1995,0,0,0,0,0,0,0,6,0,0
280621,1,1,1995,0,0,0,0,0,0,0,0,0,0
280622,1,1,1995,0,0,0,0,0,0,0,0,0,0
280623,1,1,1995,0,0,0,0,0,0,0,0,0,0
280624,1,1,1995,0,9,19,17,6,15,18,8,0,0
280625,1,1,1995,16,16,16,16,16,16,16,16,16,16
280625,2,1,1995,16,0,21,0,0,9,0,0,0,0
280626,1,1,1995,0,0,0,0,0,0,0,0,0,0
280627,1,1,1995,22,22,22,22,22,22,22,22,22,22
280628,1,1,1995,0,0,0,0,0,0,0,0,23,0
280628,2,1,1995,0,0,0,0,15,0,0,0,0,0
280629,1,1,1995,0,0,0,0,0,0,0,0,0,0
280630,1,1,1995,0,0,0,0,0,0,0,0,0,0
280631,1,1,1995,0,0,0,0,0,0,0,0,0,0
280631,2,1,1995,0,0,0,0,0,0,0,0,0,0
280632,1,1,1995,10,10,10,10,10,10,10,10,10,10
280633,1,1,1995,10,10,10,10,10,10,10,10,10,10
280634,1,1,1995,24,24,24,24,24,24,24,24,24,24
280635,1,1,1995,0,0,0,0,0,0,0,0,0,0
280635,2,1,1995,0,0,0,0,0,0,0,0,0,0
280635,3,1,1995,10,0,8,0,0,0,0,0,0,0
280635,4,1,1995,0,0,0,6,0,0,0,0,0,0
280635,5,1,1995,0,0,0,0,0,0,18,0,0,0
280636,1,1,1995,0,0,0,0,0,0,0,0,0,0
280636,2,1,1995,0,0,0,0,0,0,0,0,0,0
280637,1,1,1995,0,0,0,0,0,0,0,0,0,0
280637,2,1,1995,0,0,0,0,0,0,0,0,0,0
280637,3,1,1995,0,0,0,0,0,0,0,0,0,0
280637,4,1,1995,0,0,0,0,0,0,0,0,0,0
280638,1,1,1995,0,0,0,0,0,0,0,0,0,0
280638,2,1,1995,0,0,0,0,0,0,0,0,0,0
280638,3,1,1995,0,0,0,0,0,0,0,0,0,11
280639,1,1,1995,0,11,0,0,0,0,0,0,16,33
280639,2,1,1995,0,0,0,0,0,0,0,0,0,10
280640,1,1,1995,35,35,35,35,35,35,35,35,35,35
280640,2,1,1995,0,0,0,0,0,0,0,0,0,0
280641,1,1,1995,14,14,14,14,14,14,14,14,14,14
280641,2,1,1995,0,0,0,0,0,0,0,0,0,0
280642,0,1,1995,0,0,0,0,0,0,0,0,0,0
280642,1,1,1995,0,0,0,0,0,0,0,0,0,0
280643,1,1,1995,0,20,16,6,0,0,0,0,0,0
280643,2,1,1995,0,0,0,12,0,0,0,0,0,0
280643,3,1,1995,0,0,9,16,0,27,0,0,0,0
280645,1,1,1995,28,0,12,0,0,14,0,43,10,14
280645,2,1,1995,0,0,0,21,0,0,0,0,0,23
280646,1,1,1995,22,22,22,22,22,22,22,22,22,22
280646,2,1,1995,0,0,0,0,12,13,0,17,0,15
280647,1,1,1995,12,12,12,12,12,12,12,12,12,12
280648,1,1,1995,7,7,7,7,7,7,7,7,7,7
280649,1,1,1995,0,0,0,0,0,0,0,0,0,0
280649,2,1,1995,27,27,27,27,27,27,27,27,27,27
280650,1,1,1995,0,0,0,0,17,0,0,0,0,8
280650,2,1,1995,0,0,0,0,0,0,0,0,0,0
280651,1,1,1995,0,0,0,0,0,0,0,0,0,0
280651,2,1,1995,0,0,0,0,0,0,0,0,14,0
280652,1,1,1995,9,9,9,9,9,9,9,9,9,9
280653,1,1,1995,0,0,0,0,0,0,0,0,0,0
280653,2,1,1995,18,18,18,18,18,18,18,18,18,18
280654,1,1,1995,18,18,18,18,18,18,18,18,18,18
280655,1,1,1995,0,0,0,0,0,0,0,0,0,0
280655,2,1,1995,0,0,0,0,0,0,11,0,0,0
280656,1,1,1995,0,0,14,0,0,0,0,0,0,0
280656,2,1,1995,0,0,0,0,0,0,0,0,0,0
280657,1,1,1995,0,0,0,0,0,0,0,0,0,0
280657,2,1,1995,0,0,23,0,7,0,0,21,0,0
280658,0,1,1995,0,0,0,0,0,0,0,0,0,0
280658,1,1,1995,0,0,0,0,0,0,0,0,0,0
280659,0,1,1995,27,27,27,27,27,27,27,27,27,27
280659,1,1,1995,0,0,0,0,11,0,10,6,0,17
280660,1,1,1995,0,0,0,0,0,0,0,0,0,0
280660,2,1,1995,14,14,14,14,14,14,14,14,14,14
280661,1,1,1995,0,0,0,0,0,0,0,0,0,0
280661,2,1,1995,0,0,0,0,0,0,0,0,0,0
280662,1,1,1995,16,0,17,8,0,0,2,0,0,6
280663,1,1,1995,0,0,0,0,0,0,0,0,0,0
280664,1,1,1995,0,15,0,15,0,0,0,0,0,0
280664,2,1,1995,0,0,0,0,0,0,0,0,0,0
280665,1,1,1995,0,0,0,0,0,0,0,0,0,0
280666,1,1,1995,0,0,0,0,0,0,0,0,0,0
280667,1,1,1995,18,18,18,18,18,18,18,18,18,18
280668,1,1,1995,28,28,28,28,28,28,28,28,28,28
280668,2,1,1995,0,0,27,0,0,0,0,16,0,0
280669,1,1,1995,0,0,0,0,0,0,0,0,0,0
280669,2,1,1995,0,0,0,0,0,0,0,0,0,0
280670,1,1,1995,16,16,16,16,16,16,16,16,16,16
280671,1,1,1995,0,0,0,0,0,0,0,0,0,0
280673,1,1,1995,0,0,24,27,0,9,0,0,0,0
280674,1,1,1995,0,0,0,0,0,0,0,0,0,0
280674,2,1,1995,0,0,0,0,0,0,0,0,0,0
280675,1,1,1995,5,5,5,5,5,5,5,5,5,5
280676,1,1,1995,14,14,14,14,14,14,14,14,14,14
280676,2,1,1995,0,0,0,0,0,0,0,0,0,0
280677,1,1,1995,0,0,0,0,0,0,0,0,0,0
280678,1,1,1995,13,0,0,0,0,0,0,0,0,0
280678,2,1,1995,0,0,5,12,0,0,0,0,0,0
280679,1,1,1995,0,0,0,0,0,0,0,0,0,0
280680,1,1,1995,0,0,0,0,0,0,0,0,0,0
280680,2,1,1995,23,23,23,23,23,23,23,23,23,23
280681,1,1,1995,26,26,26,26,26,26,26,26,26,26
280682,1,1,1995,0,0,0,0,7,0,0,0,0,0
280683,1,1,1995,0,0,0,0,0,0,0,0,0,0
280683,2,1,1995,0,0,0,0,0,0,0,0,0,0
280684,1,1,1995,0,0,0,0,0,0,0,16,0,8
280685,1,1,1995,0,0,0,0,0,0,0,0,0,0
280685,2,1,1995,0,0,0,0,0,0,0,0,0,0
280686,1,1,1995,0,0,0,0,0,0,0,0,0,0
280686,2,1,1995,0,0,0,0,0,0,0,0,0,0
280687,1,1,1995,11,19,0,22,21,10,31,0,14,0
280688,1,1,1995,0,26,0,12,0,11,23,0,17,31
280689,1,1,1995,0,0,0,0,0,0,0,9,0,0
280689,2,1,1995,27,0,0,0,24,0,0,0,0,0
280690,1,1,1995,0,0,0,0,0,0,0,0,0,0
280690,2,1,1995,18,18,18,18,18,18,18,18,18,18
280691,1,1,1995,0,0,0,0,0,0,0,0,0,0
280692,1,1,1995,15,14,0,0,17,28,0,38,10,0
280693,0,1,1995,0,0,0,0,0,0,0,0,0,0
280693,1,1,1995,0,0,0,0,0,0,0,0,0,0
280694,1,1,1995,11,11,11,11,11,11,11,11,11,11
280695,1,1,1995,0,0,0,0,0,0,0,0,0,0
280695,2,1,1995,22,22,22,22,22,22,22,22,22,22
280696,1,1,1995,0,0,0,0,0,0,0,0,0,0
280696,2,1,1995,0,0,0,0,0,0,0,0,0,0
280697,1,1,1995,14,14,14,14,14,14,14,14,14,14
280698,1,1,1995,0,0,0,0,0,0,0,0,0,0
280698,2,1,1995,7,0,0,0,0,0,9,0,0,0
280699,1,1,1995,0,0,0,0,0,0,24,0,0,0
280700,1,1,1995,0,0,0,0,0,0,0,0,0,0
280701,1,1,1995,0,0,0,0,0,0,0,0,0,0
280701,2,1,1995,0,0,0,0,0,0,0,0,0,0
280702,1,1,1995,28,28,28,28,28,28,28,28,28,28
280703,1,1,1995,14,14,14,14,14,14,14,14,14,14
280704,0,1,1995,31,0,15,0,0,0,0,0,0,0
280704,1,1,1995,10,0,0,0,0,0,0,0,5,0
280705,1,1,1995,33,0,0,29,0,0,0,0,0,0
280705,2,1,1995,0,0,0,0,0,0,0,0,0,0
280706,1,1,1995,0,0,0,0,0,0,0,0,0,0
280706,2,1,1995,0,0,0,0,0,0,0,0,0,0
280707,1,1,1995,0,0,10,12,0,0,0,0,0,0
280707,2,1,1995,0,0,0,0,0,0,0,0,0,0
280707,3,1,1995,0,0,0,0,0,0,0,0,0,0
280708,1,1,1995,0,0,0,0,0,0,0,0,0,0
280708,2,1,1995,0,0,0,0,0,0,0,0,0,0
280709,1,1,1995,0,0,0,0,0,0,0,0,0,0
280709,2,1,1995,11,11,11,11,11,11,11,11,11,11
280710,1,1,1995,0,0,0,0,0,0,0,0,0,0
280710,2,1,1995,5,9,18,14,15,19,0,0,20,0
280711,1,1,1995,0,0,0,4,0,0,0,0,0,0
280712,1,1,1995,12,12,12,12,12,12,12,12,12,12
280713,1,1,1995,0,0,0,0,0,0,0,0,0,0
280714,1,1,1995,18,18,18,18,18,18,18,18,18,18
280715,1,1,1995,24,24,24,24,24,24,24,24,24,24
280716,1,1,1995,16,16,16,16,16,16,16,16,16,16
280717,1,1,1995,0,0,0,0,0,0,0,0,0,0
280717,2,1,1995,0,0,0,0,0,0,0,0,0,0
280718,1,1,1995,28,11,21,30,12,0,0,27,22,11
280719,1,1,1995,0,0,0,0,0,0,0,0,0,0
280719,2,1,1995,21,0,0,0,6,0,0,0,0,0
280720,1,1,1995,14,14,14,14,14,14,14,14,14,14
280721,0,1,1995,0,27,32,36,3,4,40,11,12,19
280721,1,1,1995,22,0,0,0,21,0,0,12,11,16
280722,1,1,1995,0,0,0,0,0,0,0,0,0,0
280722,2,1,1995,0,0,0,0,0,0,0,21,0,0
280723,0,1,1995,0,0,19,18,10,0,0,0,0,32
280723,1,1,1995,0,0,0,0,0,0,0,0,0,0
280724,1,1,1995,0,0,0,0,0,0,0,6,0,0
280725,1,1,1995,0,0,0,0,0,0,0,0,0,0