ST_CASE,VEH_NO,PER_NO,YEAR,P1,P2,P3,P4,P5,P6,P7,P8,P9,P10
290264,1,1,1995,0,0,22,0,21,0,25,13,0,0
290265,1,1,1995,0,0,0,0,0,0,0,0,0,0
290266,1,1,1995,0,0,0,0,0,0,0,0,0,0
290267,1,1,1995,0,4,0,0,0,0,0,0,0,0
290267,2,1,1995,0,0,0,0,0,0,0,0,0,0
290268,0,1,1995,0,0,0,39,0,0,30,23,18,0
290268,1,1,1995,0,0,0,0,0,0,0,0,0,0
290269,1,1,1995,0,0,0,0,0,0,0,0,0,0
290269,2,1,1995,23,0,0,0,0,0,0,0,0,0
290270,1,1,1995,23,23,23,23,23,23,23,23,23,23
290271,1,1,1995,0,5,0,19,0,0,19,0,0,0
290271,2,1,1995,0,0,0,0,0,0,0,0,0,0
290272,1,1,1995,0,0,0,0,0,0,0,0,0,0
290273,1,1,1995,0,0,17,0,0,0,7,0,17,0
290274,1,1,1995,9,37,10,8,16,17,15,12,15,24
290275,1,1,1995,28,28,28,28,28,28,28,28,28,28
290276,1,1,1995,23,23,23,23,23,23,23,23,23,23
290277,1,1,1995,3,3,3,3,3,3,3,3,3,3
290278,1,1,1995,20,0,0,0,0,0,9,0,0,27
290279,0,1,1995,31,31,31,31,31,31,31,31,31,31
290279,1,1,1995,0,0,11,7,0,0,0,9,0,0
290280,1,1,1995,22,22,22,22,22,22,22,22,22,22
290281,1,1,1995,15,15,15,15,15,15,15,15,15,15
290282,1,1,1995,0,0,0,0,0,0,0,5,0,0
290282,2,1,1995,0,0,0,0,0,0,0,0,0,0
290283,1,1,1995,0,0,0,0,0,0,0,0,0,0
290283,2,1,1995,0,0,0,0,0,0,0,0,0,0
290284,0,1,1995,0,0,0,0,0,0,0,0,0,0
290284,1,1,1995,0,0,0,0,0,0,0,0,0,0
290285,1,1,1995,9,9,9,9,9,9,9,9,9,9
290286,1,1,1995,0,0,0,0,0,0,0,0,0,0
290286,2,1,1995,4,4,4,4,4,4,4,4,4,4
290287,1,1,1995,0,0,0,0,0,0,0,0,0,0
290288,1,1,1995,0,0,0,0,0,0,0,0,0,0
290288,2,1,1995,0,0,10,0,0,0,0,0,0,0
290289,1,1,1995,0,0,0,0,0,0,0,0,0,0
290289,2,1,1995,0,0,0,0,0,0,0,0,0,0
290290,0,1,1995,0,0,0,0,0,0,0,0,0,0
290290,1,1,1995,0,0,0,0,0,0,0,0,0,0
290291,1,1,1995,10,10,10,10,10,10,10,10,10,10
290292,1,1,1995,0,0,0,0,0,0,0,0,0,0
290293,1,1,1995,8,8,8,8,8,8,8,8,8,8
290294,1,1,1995,27,27,27,27,27,27,27,27,27,27
290295,1,1,1995,0,0,0,0,0,19,0,0,0,0
290296,1,2,1995,10,23,0,31,13,0,37,0,0,14
290297,0,1,1995,0,0,31,0,0,0,0,0,0,0
290297,1,1,1995,0,0,24,0,0,0,0,0,0,0
290298,1,1,1995,7,7,7,7,7,7,7,7,7,7
290299,1,1,1995,0,0,0,0,0,0,0,0,0,0
290300,0,1,1995,0,0,0,0,0,0,0,0,0,0
290300,1,1,1995,0,0,0,0,0,0,0,0,0,0
290301,0,1,1995,27,27,27,27,27,27,27,27,27,27
290301,1,1,1995,0,0,0,0,0,0,0,0,0,0
290302,1,1,1995,5,5,5,5,5,5,5,5,5,5
290302,2,1,1995,0,0,0,0,0,10,0,0,0,0
290303,1,1,1995,0,0,0,0,0,0,0,0,0,0
290303,2,1,1995,0,0,0,0,0,0,0,0,0,0
290304,1,1,1995,29,29,29,29,29,29,29,29,29,29
290305,1,1,1995,0,0,0,0,0,0,0,0,0,0
290306,1,1,1995,14,14,14,14,14,14,14,14,14,14
290307,1,1,1995,0,0,0,0,0,0,0,0,0,0
290307,2,1,1995,0,0,0,0,0,0,0,0,0,0
290308,1,1,1995,18,18,18,18,18,18,18,18,18,18
290309,1,1,1995,6,6,6,6,6,6,6,6,6,6
290309,2,1,1995,22,22,22,22,22,22,22,22,22,22
290310,1,1,1995,20,20,20,20,20,20,20,20,20,20
290310,2,1,1995,0,0,12,21,0,3,0,0,20,0
290311,0,1,1995,10,10,10,10,10,10,10,10,10,10
290311,1,1,1995,0,0,0,0,0,0,0,6,0,0
290312,1,1,1995,0,0,0,0,0,0,15,0,0,0
290312,2,1,1995,0,0,0,0,0,0,0,0,0,0
290313,1,1,1995,18,18,18,18,18,18,18,18,18,18
290313,2,1,1995,1,0,0,0,0,0,0,6,19,26
290313,3,1,1995,0,11,0,0,0,16,0,6,0,0
290313,4,1,1995,0,0,0,0,0,0,0,0,0,0
290314,1,1,1995,0,0,0,6,0,0,0,15,0,0
290314,2,1,1995,0,0,0,0,0,0,0,0,0,0
290315,1,1,1995,0,0,0,0,0,0,0,0,0,0
290316,1,1,1995,9,9,9,9,9,9,9,9,9,9
290317,1,1,1995,1,1,1,1,1,1,1,1,1,1
290318,0,1,1995,0,14,0,0,0,0,0,0,0,0
290318,1,1,1995,25,9,30,10,25,11,7,8,14,18
290319,1,1,1995,0,0,25,0,0,0,25,0,7,10
290320,1,1,1995,9,28,18,29,0,17,18,27,10,21
290320,2,1,1995,12,0,4,0,20,16,9,2,19,9
290321,1,1,1995,17,12,22,0,21,13,19,16,23,10
290322,1,1,1995,14,0,19,0,8,5,27,3,42,20
290323,1,1,1995,0,8,0,0,0,0,0,0,0,0
290323,2,1,1995,0,0,0,12,0,0,0,0,0,0
290323,3,1,1995,0,16,11,0,0,0,0,0,0,0
290323,4,1,1995,0,0,0,0,0,0,0,0,0,0
290324,1,1,1995,0,0,0,0,0,0,0,0,0,0
290324,2,1,1995,0,0,0,0,0,0,0,0,0,0
290325,1,1,1995,28,28,28,28,28,28,28,28,28,28
290326,1,1,1995,14,19,17,3,13,19,16,15,0,38
290326,2,1,1995,0,0,0,18,0,34,0,0,23,0
290327,1,1,1995,0,0,0,0,0,0,0,0,16,0
290327,2,1,1995,0,0,5,0,0,0,0,0,0,0
290328,1,1,1995,21,21,21,21,21,21,21,21,21,21
290329,1,1,1995,0,0,0,0,0,0,0,0,0,0
290329,2,1,1995,0,0,0,0,0,0,0,0,0,0
290329,3,1,1995,0,0,0,0,0,0,0,0,0,0
290330,0,1,1995,0,0,0,0,0,0,0,0,0,0
290330,1,1,1995,0,0,0,0,0,0,0,0,0,0
290331,0,1,1995,34,32,27,0,9,14,15,20,21,21
290331,1,1,1995,0,0,19,0,0,0,0,0,0,0
290332,1,1,1995,22,22,22,22,22,22,22,22,22,22
290333,1,1,1995,0,0,0,0,0,0,0,0,0,0
290334,1,1,1995,7,7,7,7,7,7,7,7,7,7
290335,1,1,1995,5,0,0,0,11,0,0,0,0,0
290336,1,1,1995,0,0,0,0,0,0,0,0,0,0
290336,2,1,1995,0,0,0,0,0,0,15,0,0,0
290337,1,1,1995,0,0,0,0,0,0,0,0,0,0
290337,2,1,1995,0,0,0,0,0,9,0,0,0,0
290338,1,1,1995,0,0,0,0,0,0,4,0,4,19
290338,2,1,1995,19,19,19,19,19,19,19,19,19,19
290339,1,1,1995,0,18,4,21,9,0,0,24,13,26
290340,1,1,1995,16,16,16,16,16,16,16,16,16,16
290340,2,1,1995,10,0,0,0,0,0,18,0,0,0
290341,1,1,1995,11,0,0,5,0,0,0,0,0,0
290342,1,1,1995,21,21,21,21,21,21,21,21,21,21
290343,1,1,1995,25,15,21,24,14,9,24,12,0,8
290344,1,1,1995,0,0,0,0,0,0,0,0,0,0
290345,0,1,1995,0,0,0,0,0,0,0,0,0,0
290345,1,1,1995,0,0,0,0,0,0,0,0,0,0
290346,1,1,1995,24,24,24,24,24,24,24,24,24,24
290346,2,1,1995,10,0,0,0,0,0,0,0,0,0
290347,1,1,1995,0,0,0,0,0,0,0,0,0,0
290348,0,1,1995,0,0,0,0,0,0,0,0,0,0
290348,1,1,1995,0,0,11,0,0,14,13,20,13,0
290350,1,1,1995,0,11,14,0,0,12,2,0,11,10
290351,1,1,1995,19,13,0,8,10,19,9,15,13,25
290352,1,1,1995,6,0,8,0,20,18,14,0,0,3
290352,2,1,1995,0,0,0,0,0,0,0,0,0,0
290353,1,1,1995,5,5,5,5,5,5,5,5,5,5
290354,0,1,1995,21,21,21,21,21,21,21,21,21,21
290354,1,1,1995,0,6,0,0,6,0,0,12,0,0
290355,1,1,1995,10,10,10,10,10,10,10,10,10,10
290356,1,1,1995,0,0,0,0,0,0,0,0,0,0
290357,1,1,1995,0,0,0,0,0,0,0,0,0,0
290358,1,1,1995,28,8,23,45,0,0,26,16,0,30
290359,1,1,1995,0,0,0,0,0,0,0,0,0,0
290360,1,1,1995,0,0,0,0,0,0,0,0,0,0
290360,2,1,1995,6,0,0,0,8,0,0,0,0,0
290361,1,1,1995,0,0,0,0,0,0,0,0,0,0
290361,2,1,1995,0,0,0,0,0,0,16,0,0,0
290362,1,1,1995,4,0,0,0,0,0,0,12,20,0
290363,1,1,1995,0,7,0,0,0,0,0,0,0,0
290363,2,1,1995,30,28,22,13,16,30,13,11,25,5
290364,1,1,1995,0,0,23,0,0,0,0,0,0,0
290365,1,1,1995,0,0,0,0,0,0,0,0,0,0
290365,2,1,1995,0,0,0,0,0,0,0,0,0,0
290366,1,1,1995,0,0,0,0,0,0,0,0,0,0
290366,2,1,1995,0,0,0,0,0,0,0,0,0,0
290367,1,1,1995,0,0,0,0,0,0,0,0,0,0
290368,1,1,1995,0,0,0,0,0,0,0,0,0,0
290368,2,1,1995,22,0,23,0,13,0,18,5,13,13
290369,1,1,1995,0,0,0,0,0,0,0,0,0,13
290369,2,1,1995,0,0,0,0,0,0,0,0,0,0
290370,1,1,1995,0,0,0,0,0,0,0,0,0,0
290370,2,1,1995,0,0,0,0,0,0,0,0,0,0
290371,0,1,1995,0,27,0,0,35,0,0,0,0,19
290371,1,1,1995,0,0,0,0,0,0,0,0,0,0
290372,1,1,1995,23,12,0,22,17,0,0,20,0,0
290373,1,1,1995,27,27,27,27,27,27,27,27,27,27
290373,2,1,1995,0,0,0,0,0,0,0,0,0,0
290374,1,1,1995,0,0,0,0,0,0,0,0,0,0
290374,2,1,1995,16,0,0,0,0,0,0,0,0,0
290375,1,1,1995,0,0,0,0,11,0,18,9,0,3
290376,1,1,1995,18,18,18,18,18,18,18,18,18,18
290377,1,1,1995,9,0,16,24,23,47,32,17,15,13
290378,0,1,1995,12,20,7,15,22,8,27,12,21,31
290378,1,1,1995,0,0,0,0,0,0,0,8,5,0
290379,0,1,1995,0,0,0,0,22,28,0,0,0,0
290379,1,1,1995,0,0,0,0,0,0,0,0,0,0
290380,1,1,1995,21,21,21,21,21,21,21,21,21,21
290381,1,1,1995,0,0,0,0,0,0,0,0,0,0
290381,2,1,1995,0,0,0,0,0,0,0,0,0,0
290381,3,1,1995,0,0,9,0,0,0,0,0,4,15
290382,1,1,1995,0,0,0,0,0,0,0,0,0,0
290382,2,1,1995,3,3,3,3,3,3,3,3,3,3
290382,3,1,1995,0,0,0,0,0,0,0,0,0,17
290383,1,1,1995,28,29,20,7,12,17,42,32,17,29
290384,1,1,1995,0,0,0,0,0,0,0,0,0,0
290385,0,1,1995,13,0,0,11,22,0,0,0,0,20
290385,1,1,1995,0,0,0,0,0,0,0,0,0,0
290386,1,1,1995,0,0,0,0,0,0,0,0,0,0
290386,2,1,1995,0,0,0,0,0,0,0,0,0,0
290387,0,1,1995,0,0,0,0,0,0,0,0,0,0
290387,1,1,1995,0,0,28,18,0,7,0,0,0,0
290388,1,1,1995,0,0,0,0,0,0,0,0,0,0
290389,1,1,1995,0,0,0,0,0,0,0,0,0,0
290389,2,1,1995,0,0,0,0,0,0,0,0,0,0
290390,1,1,1995,0,0,0,0,0,0,0,0,0,0
290391,0,1,1995,18,0,0,0,0,0,0,26,0,0
290391,1,1,1995,13,0,0,0,0,0,0,18,0,0
290392,1,1,1995,27,10,28,18,16,29,18,32,23,12
290393,1,1,1995,0,0,0,0,10,0,0,0,0,0
290393,2,1,1995,0,9,0,0,0,0,0,0,0,0
290394,1,1,1995,25,25,25,25,25,25,25,25,25,25
290395,1,1,1995,0,0,0,0,0,0,0,0,0,7
290395,2,1,1995,0,0,0,0,0,0,0,0,0,0
290395,3,1,1995,0,0,0,20,0,0,0,0,0,0
290396,1,1,1995,8,8,8,8,8,8,8,8,8,8
290397,1,1,1995,0,0,0,0,0,0,0,0,0,0
290397,2,1,1995,0,0,0,0,0,0,0,0,12,0
290398,1,1,1995,18,18,18,18,18,18,18,18,18,18
290399,1,1,1995,0,0,0,0,0,0,0,0,0,14
290399,2,1,1995,0,0,0,0,0,0,0,0,0,0
290400,1,1,1995,18,18,18,18,18,18,18,18,18,18
290401,1,1,1995,0,0,0,0,0,0,0,0,0,0
290402,1,1,1995,0,0,0,0,0,0,0,0,0,0
290403,1,1,1995,0,0,0,0,0,0,0,0,0,0
290403,2,1,1995,0,0,0,0,0,0,0,0,0,0
290403,3,1,1995,0,0,0,24,0,11,0,18,23,9
290404,1,1,1995,4,0,5,14,8,6,0,8,0,8
290404,2,1,1995,26,0,9,0,0,20,18,26,0,16
290405,1,1,1995,16,16,16,16,16,16,16,16,16,16
290406,1,1,1995,0,0,0,0,0,0,0,0,0,0
290406,2,1,1995,0,0,0,0,0,0,0,0,0,0
290407,1,1,1995,0,0,0,0,0,0,0,0,0,0
290408,1,1,1995,0,0,0,0,0,0,0,0,0,0
290409,1,1,1995,0,0,0,0,0,0,0,0,0,0
290409,2,1,1995,0,0,0,0,0,0,0,0,0,12
290410,1,1,1995,25,25,25,25,25,25,25,25,25,25
290410,2,1,1995,0,0,0,0,0,0,0,0,0,0
290411,1,1,1995,20,0,0,0,0,0,0,0,8,0
290412,1,1,1995,4,4,4,4,4,4,4,4,4,4
290412,2,1,1995,0,0,0,0,0,0,0,0,0,0
290413,1,1,1995,0,0,0,0,0,0,0,0,0,0
290413,2,1,1995,0,0,0,0,0,0,0,0,0,0
290414,1,1,1995,27,27,27,27,27,27,27,27,27,27
290414,2,1,1995,0,0,0,0,16,0,17,0,0,0
290415,1,1,1995,0,0,0,0,0,0,0,0,0,0
290415,2,1,1995,19,19,19,19,19,19,19,19,19,19
290416,1,1,1995,0,0,0,0,0,0,0,0,0,0
290417,1,1,1995,22,22,22,22,22,22,22,22,22,22
290418,1,1,1995,0,0,0,0,0,0,0,0,0,0
290418,2,1,1995,0,27,0,0,0,0,0,0,0,0
290418,3,1,1995,0,9,0,0,0,0,0,0,0,0
290419,1,1,1995,0,0,0,0,0,0,0,0,0,0
290420,1,1,1995,21,21,21,21,21,21,21,21,21,21
290421,1,1,1995,0,0,0,0,11,0,19,0,0,0
290421,2,1,1995,17,17,17,17,17,17,17,17,17,17
290422,0,1,1995,0,0,0,0,0,0,0,0,0,0
290422,1,1,1995,0,0,0,0,0,0,0,0,0,0
290423,1,1,1995,26,26,26,26,26,26,26,26,26,26
290424,1,1,1995,6,6,6,6,6,6,6,6,6,6
290425,1,1,1995,19,13,16,28,36,11,20,19,18,16
290426,1,1,1995,6,6,6,6,6,6,6,6,6,6
290427,1,1,1995,17,17,17,17,17,17,17,17,17,17
290428,1,1,1995,0,0,21,34,6,31,0,0,0,0
290429,0,1,1995,0,0,0,0,0,0,0,0,0,0
290429,1,1,1995,0,0,0,0,0,0,0,21,0,0
290430,1,1,1995,0,0,0,0,0,0,0,0,0,0
290430,2,1,1995,17,0,0,0,0,0,0,0,0,0
290430,3,1,1995,0,0,0,0,0,0,0,0,0,0
290430,4,1,1995,0,0,0,22,0,20,13,30,34,0
290431,1,1,1995,0,0,0,0,16,18,12,18,0,0
290432,0,1,1995,0,0,0,0,0,0,0,0,0,0
290432,1,1,1995,0,0,0,0,0,0,0,0,0,0
290433,2,1,1995,0,0,0,0,0,0,0,0,0,0
290434,1,1,1995,0,0,0,0,0,0,0,0,0,0
290434,2,1,1995,0,0,0,0,0,0,0,0,0,0
290434,3,1,1995,0,0,0,0,0,0,0,0,0,0
290434,4,1,1995,0,0,0,0,0,0,0,0,0,0
290435,1,1,1995,25,0,11,0,0,5,0,0,5,0
290436,1,1,1995,10,10,10,10,10,10,10,10,10,10
290437,1,1,1995,0,0,0,0,0,0,0,0,0,0
290438,1,1,1995,0,0,0,0,0,0,0,0,0,0
290439,1,1,1995,12,12,12,12,12,12,12,12,12,12
290440,1,1,1995,47,47,47,47,47,47,47,47,47,47
290440,2,1,1995,0,0,0,0,0,0,0,0,0,0
290440,3,1,1995,0,7,0,0,0,0,0,0,0,0
290441,1,1,1995,0,0,0,0,0,0,0,0,0,0
290441,2,1,1995,0,0,0,0,0,0,0,0,0,0
290442,1,1,1995,39,39,39,39,39,39,39,39,39,39
290443,1,1,1995,0,0,0,0,0,0,0,0,0,0
290444,1,1,1995,0,0,0,0,0,0,0,0,0,0
290444,2,1,1995,0,0,0,0,0,0,0,0,0,0
290445,1,1,1995,0,0,0,0,0,0,0,0,0,0
290445,2,1,1995,0,0,0,0,0,0,0,0,0,0
290446,1,1,1995,0,0,0,0,13,0,0,0,0,0
290447,1,1,1995,0,0,0,0,0,0,0,0,0,0
290448,1,1,1995,0,0,0,0,0,4,0,0,0,0
290449,1,1,1995,0,0,0,0,0,0,0,0,0,11
290449,2,1,1995,0,0,0,0,0,0,0,0,0,0
290450,1,1,1995,0,0,0,6,0,0,0,0,0,0
290450,2,1,1995,0,0,0,0,22,0,25,13,9,12
290451,1,1,1995,0,0,0,0,0,0,0,0,0,0
290452,1,1,1995,0,4,5,0,0,12,13,0,5,0
290453,1,1,1995,0,0,6,24,0,22,8,16,17,0
290454,1,1,1995,0,0,0,0,0,0,0,0,0,0
290455,1,1,1995,0,0,0,0,0,0,0,0,0,0
290455,2,1,1995,0,0,0,0,0,0,0,0,0,0
290456,1,1,1995,14,14,14,14,14,14,14,14,14,14
290456,2,1,1995,16,0,0,0,19,6,23,20,0,0
290457,1,1,1995,15,15,15,15,15,15,15,15,15,15
290457,2,1,1995,0,0,0,0,0,0,0,0,1,0
290458,1,1,1995,19,19,19,19,19,19,19,19,19,19
290459,1,1,1995,12,0,0,14,0,0,0,0,13,18
290459,2,1,1995,0,0,0,0,0,0,0,0,0,0
290460,1,1,1995,0,0,0,0,0,0,0,0,0,0
290461,1,1,1995,0,0,0,0,0,0,0,0,0,0
290462,1,1,1995,14,22,26,0,14,28,17,0,20,0
290463,1,1,1995,0,0,0,0,0,0,0,0,0,0
290464,1,1,1995,0,0,0,14,0,0,0,0,0,0
290464,2,1,1995,0,0,17,0,0,0,0,0,0,0
290465,1,1,1995,15,15,15,15,15,15,15,15,15,15
290465,2,1,1995,0,0,23,0,0,0,0,0,0,0
290466,0,3,1995,18,28,0,0,0,22,0,0,0,0
290466,0,4,1995,0,0,0,0,0,0,0,0,0,0
290466,1,1,1995,0,0,0,0,0,0,0,0,0,0
290467,1,1,1995,0,0,0,0,0,0,0,0,0,0
290467,2,1,1995,0,0,0,0,0,0,0,0,0,0
290467,3,1,1995,0,0,0,0,0,0,0,0,0,0
290468,1,1,1995,0,0,0,0,0,0,0,0,0,0
290468,2,1,1995,0,0,0,0,0,0,0,0,0,0
290468,3,1,1995,0,0,0,10,0,0,0,0,0,0
290469,1,1,1995,9,9,9,9,9,9,9,9,9,9
290470,1,1,1995,0,0,0,0,16,4,17,0,0,0
290471,1,1,1995,0,0,0,0,0,0,0,0,0,0
290472,1,1,1995,0,0,0,0,0,0,0,0,0,0
290473,1,1,1995,24,24,24,24,24,24,24,24,24,24
290474,1,1,1995,0,0,0,0,0,0,0,0,9,0
290475,1,1,1995,0,0,0,0,0,0,0,0,0,0
290475,2,1,1995,0,0,0,0,0,13,0,0,0,0
290476,1,1,1995,0,0,0,0,0,0,0,0,14,0
290477,1,1,1995,28,0,20,6,14,15,17,11,16,5
290477,2,1,1995,31,14,4,12,15,13,8,3,25,25
290478,0,1,1995,0,0,0,0,0,0,0,0,0,0
290478,1,1,1995,16,16,16,16,16,16,16,16,16,16
290479,1,1,1995,0,0,0,0,0,0,0,0,0,0
290479,2,1,1995,0,0,0,0,0,0,0,0,0,12
290479,3,1,1995,0,0,0,14,0,11,0,0,0,0
290480,1,1,1995,8,8,8,8,8,8,8,8,8,8
290480,2,1,1995,0,0,0,0,0,0,0,0,0,0
290481,1,1,1995,0,0,0,0,0,0,0,0,0,0
290482,1,1,1995,0,20,0,0,0,0,0,0,0,17
290482,2,1,1995,0,0,0,0,12,0,0,0,0,0
290482,3,1,1995,0,0,0,0,0,0,0,16,0,0
290482,4,1,1995,0,0,0,20,0,0,0,15,0,27
290483,0,1,1995,0,0,0,0,0,0,0,0,0,0
290483,1,1,1995,0,0,25,0,0,0,0,0,0,0
290484,1,1,1995,9,8,19,16,9,17,17,24,8,17
290485,1,1,1995,8,0,12,0,11,18,0,0,22,0
290485,2,1,1995,13,0,0,0,0,5,0,0,0,0
290486,0,1,1995,0,0,0,0,0,0,0,0,0,0
290486,1,1,1995,9,12,18,9,21,26,0,0,0,26
290486,2,1,1995,0,0,9,0,0,0,0,0,0,0
290487,1,1,1995,0,0,7,0,0,29,0,0,0,0
290488,1,1,1995,0,13,13,9,9,20,18,12,18,0
290489,0,1,1995,37,37,37,37,37,37,37,37,37,37
290489,1,1,1995,13,0,0,8,0,4,40,18,0,0
290490,1,1,1995,0,0,0,0,0,0,0,0,0,0
290491,1,1,1995,0,0,0,0,0,0,0,0,0,0
290491,2,1,1995,0,0,0,0,0,0,0,0,0,0
290492,0,1,1995,29,29,29,29,29,29,29,29,29,29
290492,1,1,1995,0,0,0,0,0,0,0,0,0,0
290493,1,1,1995,0,0,0,0,0,0,0,0,0,0
290494,1,1,1995,12,12,12,12,12,12,12,12,12,12
290494,2,1,1995,0,0,0,0,0,0,0,0,0,0
290495,1,1,1995,0,0,0,7,0,13,0,0,20,14
290496,1,1,1995,10,17,19,11,26,29,19,30,40,45
290497,1,1,1995,0,0,0,0,0,0,0,0,0,0
290498,1,1,1995,7,15,0,0,8,0,0,0,0,0
290499,1,1,1995,0,0,0,0,0,0,0,0,0,0
290500,1,1,1995,0,0,0,0,0,0,0,0,0,9
290500,2,1,1995,0,5,16,7,18,7,23,0,21,0
290501,1,1,1995,11,0,5,13,0,15,0,0,0,0
290502,1,1,1995,0,21,0,16,18,0,22,12,12,0
290503,1,1,1995,22,22,0,0,14,0,0,0,0,0
290503,2,1,1995,4,4,4,4,4,4,4,4,4,4
290504,1,1,1995,25,25,25,25,25,25,25,25,25,25
290505,1,1,1995,0,0,0,0,0,0,0,0,0,0
290505,2,1,1995,0,0,0,0,0,0,0,0,0,0
290506,1,1,1995,0,0,0,0,0,0,0,0,0,0
290507,1,1,1995,0,0,0,0,0,0,0,0,0,0
290508,1,1,1995,24,24,24,24,24,24,24,24,24,24
290509,1,1,1995,5,5,5,5,5,5,5,5,5,5
290510,1,1,1995,19,19,19,19,19,19,19,19,19,19
290511,1,1,1995,15,15,15,15,15,15,15,15,15,15
290511,2,1,1995,0,0,0,8,0,0,0,0,18,0
290512,0,1,1995,16,16,16,16,16,16,16,16,16,16
290512,1,1,1995,0,0,0,0,0,0,0,15,0,10
290513,1,1,1995,0,0,0,0,0,0,0,0,0,0
290514,1,1,1995,4,4,4,4,4,4,4,4,4,4
290514,2,1,1995,0,0,0,0,0,0,0,0,0,0
290514,3,1,1995,0,0,0,0,0,0,0,0,0,0
290515,1,1,1995,22,18,11,39,19,13,20,18,23,17
290516,1,1,1995,0,0,0,0,0,0,0,0,0,0
290517,1,1,1995,0,0,13,22,0,12,0,17,5,0
290518,1,1,1995,24,24,24,24,24,24,24,24,24,24
290519,1,3,1995,32,0,19,5,6,0,15,5,10,0
290520,1,1,1995,0,0,14,0,0,0,0,0,0,0
290520,2,1,1995,0,0,0,0,0,0,0,0,0,0
290521,1,1,1995,9,9,9,9,9,9,9,9,9,9
290522,1,1,1995,8,0,16,11,15,18,0,0,0,0
290523,1,1,1995,4,4,4,4,4,4,4,4,4,4
290524,1,1,1995,0,0,0,11,0,0,13,0,6,0
290524,2,1,1995,0,0,0,0,0,0,0,0,0,0
290525,1,1,1995,0,0,21,18,17,14,18,0,10,0
290526,1,1,1995,0,0,0,0,0,0,0,11,0,0
290526,2,1,1995,0,0,0,0,0,0,0,0,0,0
290527,1,1,1995,0,0,0,0,0,0,0,0,0,0
290527,2,1,1995,0,0,0,0,0,0,0,0,0,0
290528,1,1,1995,0,0,0,0,0,0,0,0,0,0
290528,2,1,1995,0,0,0,0,0,0,0,0,0,0
290530,1,1,1995,20,20,20,20,20,20,20,20,20,20
290531,1,1,1995,11,11,11,11,11,11,11,11,11,11
290531,2,1,1995,4,0,0,0,9,11,0,0,12,0
290532,1,1,1995,16,16,16,16,16,16,16,16,16,16
290532,2,1,1995,0,0,0,0,0,0,0,0,0,0
290533,1,1,1995,0,0,0,0,0,0,0,0,0,0
290534,1,1,1995,8,8,8,8,8,8,8,8,8,8
290534,2,1,1995,4,4,4,4,4,4,4,4,4,4
290535,1,1,1995,0,10,0,0,0,0,0,0,0,18
290536,1,1,1995,10,10,10,10,10,10,10,10,10,10
290537,0,1,1995,0,0,0,0,3,15,14,19,0,29
290537,1,1,1995,0,0,0,0,0,0,19,0,0,13
290538,1,1,1995,0,0,0,0,0,0,0,0,0,0
290538,2,1,1995,0,0,0,0,0,0,0,0,0,0
290539,1,1,1995,27,34,30,25,37,0,25,29,12,20
290540,1,1,1995,0,0,0,11,0,0,0,0,0,0
290540,2,1,1995,0,0,0,0,0,0,0,0,0,0
290541,1,1,1995,12,12,12,12,12,12,12,12,12,12
290541,2,1,1995,0,0,0,0,0,0,0,0,0,0
290542,1,1,1995,0,0,0,0,0,0,0,0,0,0
290543,1,1,1995,9,0,0,0,0,0,0,0,0,0
290543,2,1,1995,0,0,0,0,0,0,0,0,0,0
290543,3,1,1995,0,0,0,0,0,0,0,0,0,0
290544,0,1,1995,0,0,25,0,0,0,0,0,0,20
290544,1,1,1995,21,21,21,21,21,21,21,21,21,21
290545,1,1,1995,0,0,0,0,0,0,0,0,0,0
290546,0,1,1995,0,0,0,0,0,0,0,0,0,0
290546,1,1,1995,0,0,0,0,0,0,0,4,0,0
290547,1,1,1995,0,0,0,0,0,0,0,0,0,0
290548,1,1,1995,0,0,0,0,0,0,0,0,0,0
290549,1,1,1995,13,13,13,13,13,13,13,13,13,13
290551,1,1,1995,24,24,24,24,24,24,24,24,24,24
290552,1,1,1995,14,14,14,14,14,14,14,14,14,14
290553,1,1,1995,0,23,0,22,18,22,0,0,0,32
290554,1,1,1995,0,0,0,0,0,0,0,0,0,0
290554,2,1,1995,0,0,0,0,0,0,0,0,0,0
290555,1,1,1995,0,0,0,7,14,0,0,0,0,0
290556,0,1,1995,0,0,0,0,0,0,0,0,0,0
290556,1,1,1995,0,0,0,17,22,0,0,0,19,0
290557,1,1,1995,0,0,0,0,0,71,0,0,4,10
290557,2,1,1995,21,0,0,22,13,0,22,11,11,0
290558,1,1,1995,0,9,0,0,0,0,0,22,0,0
290559,1,1,1995,0,0,0,0,0,0,0,0,0,0
290559,2,1,1995,0,0,0,0,0,0,0,0,0,0
290560,0,1,1995,0,0,0,0,0,0,0,0,0,0
290560,1,1,1995,0,0,0,0,0,0,0,0,0,0
290561,1,1,1995,0,0,0,0,0,0,0,4,0,0
290561,2,1,1995,0,0,0,0,0,0,0,0,0,0