ST_CASE,VEH_NO,PER_NO,YEAR,P1,P2,P3,P4,P5,P6,P7,P8,P9,P10
290845,1,1,1995,0,0,0,0,0,0,0,0,0,0
290845,2,1,1995,0,0,0,0,0,0,0,0,0,0
290846,1,1,1995,20,24,24,15,17,33,0,14,6,15
290847,1,1,1995,0,0,0,0,0,0,0,0,0,0
290848,1,1,1995,1,1,1,1,1,1,1,1,1,1
290849,1,1,1995,0,0,0,0,0,0,0,7,0,0
290849,2,1,1995,0,0,0,0,0,0,0,0,0,0
290850,1,1,1995,8,2,19,34,10,5,15,17,3,15
290851,1,1,1995,0,0,0,0,11,0,0,0,0,0
290851,2,1,1995,0,0,0,0,0,0,0,0,0,0
290852,1,1,1995,0,0,0,0,0,0,0,0,0,0
290852,2,1,1995,0,0,0,0,0,0,0,0,0,0
290853,1,1,1995,0,0,12,0,0,0,0,0,0,17
290854,1,1,1995,20,20,20,20,20,20,20,20,20,20
290855,1,1,1995,0,0,0,12,10,0,0,0,26,0
290855,2,1,1995,0,0,0,0,0,0,0,0,0,0
290856,1,1,1995,21,24,12,22,21,20,17,24,17,21
290857,1,1,1995,21,21,21,21,21,21,21,21,21,21
290858,1,1,1995,1,1,1,1,1,1,1,1,1,1
290859,1,1,1995,0,0,0,0,0,0,0,0,0,0
290860,1,1,1995,0,0,0,0,0,0,0,11,0,0
290860,2,1,1995,0,0,0,0,0,0,0,0,0,0
290860,3,1,1995,0,0,0,0,0,0,0,0,0,0
290861,0,1,1995,0,0,0,0,0,0,0,0,0,0
290861,1,1,1995,0,0,0,0,0,0,0,0,0,0
290862,1,1,1995,16,16,16,16,16,16,16,16,16,16
290863,1,1,1995,16,16,16,16,16,16,16,16,16,16
290864,1,1,1995,0,0,0,0,0,12,0,20,0,0
290865,1,1,1995,13,13,13,13,13,13,13,13,13,13
290865,2,1,1995,0,0,0,0,0,0,0,0,0,0
290866,1,1,1995,0,0,0,0,0,0,0,0,0,0
290866,2,1,1995,0,0,0,0,0,0,0,0,0,0
290866,3,1,1995,0,0,0,0,0,0,0,0,0,0
290867,1,1,1995,18,18,18,18,18,18,18,18,18,18
290867,2,1,1995,13,13,13,13,13,13,13,13,13,13
290868,1,1,1995,0,14,15,21,16,15,4,7,16,23
290869,1,1,1995,26,26,26,26,26,26,26,26,26,26
290870,1,1,1995,24,24,24,24,24,24,24,24,24,24
290871,0,1,1995,0,0,0,0,0,0,0,0,0,0
290871,1,1,1995,0,0,0,15,0,0,0,24,0,0
290872,0,1,1995,0,0,0,0,0,0,0,0,0,30
290872,1,1,1995,12,0,0,0,0,0,0,12,0,0
290873,1,1,1995,0,0,0,0,0,0,0,0,0,0
290873,2,1,1995,0,0,0,0,0,20,0,0,0,0
290873,3,1,1995,0,0,0,9,0,0,0,0,0,0
290873,4,1,1995,0,0,0,0,0,0,0,0,0,0
290873,5,1,1995,0,0,0,0,0,0,0,0,0,0
290874,1,1,1995,0,11,0,0,0,4,0,0,0,0
290874,2,1,1995,0,0,0,0,0,0,0,0,0,0
290875,1,1,1995,0,0,0,0,0,0,0,0,0,0
290876,1,1,1995,0,0,0,0,0,0,0,0,0,0
290877,0,1,1995,0,0,0,0,0,0,0,0,0,0
290877,1,1,1995,0,0,0,0,0,6,17,0,0,6
290878,1,1,1995,0,0,0,0,0,0,0,0,0,0
290879,0,1,1995,34,19,29,17,22,15,10,36,9,20
290879,1,1,1995,13,27,7,0,0,8,20,0,0,0
290880,1,1,1995,10,10,10,10,10,10,10,10,10,10
290881,1,1,1995,17,17,17,17,17,17,17,17,17,17
290881,2,1,1995,0,0,0,0,0,0,0,0,0,0
290881,3,1,1995,0,0,0,0,0,0,0,0,0,0
290882,0,1,1995,29,29,29,29,29,29,29,29,29,29
290882,1,1,1995,0,0,0,0,0,0,0,0,0,0
290883,1,1,1995,15,0,0,23,29,3,0,13,0,13
290884,1,1,1995,0,0,2,0,0,0,0,11,0,0
290884,2,1,1995,0,0,0,0,0,0,0,0,0,0
290885,1,1,1995,6,6,6,6,6,6,6,6,6,6
290886,1,1,1995,14,14,14,14,14,14,14,14,14,14
290887,1,1,1995,0,0,0,0,0,0,0,21,0,25
290888,1,1,1995,0,10,19,0,11,5,0,0,0,0
290888,2,1,1995,0,0,0,0,21,9,0,0,0,5
290889,1,1,1995,0,0,31,0,0,16,0,0,0,13
290889,2,1,1995,0,0,0,0,0,0,0,0,0,0
290890,1,1,1995,4,4,4,4,4,4,4,4,4,4
290891,1,1,1995,16,16,16,16,16,16,16,16,16,16
290892,1,1,1995,11,2,5,5,17,12,20,0,14,8
290892,2,1,1995,0,0,0,0,0,0,0,0,0,0
290893,1,1,1995,21,21,21,21,21,21,21,21,21,21
290894,1,1,1995,0,0,16,0,0,0,0,0,0,0
290895,1,1,1995,0,0,0,0,0,0,0,0,0,0
290896,1,1,1995,25,25,25,25,25,25,25,25,25,25
290896,2,1,1995,0,0,0,0,0,0,0,0,0,0
290897,1,1,1995,0,0,0,0,0,0,0,0,0,0
290898,1,1,1995,0,0,0,0,0,0,0,0,0,0
290898,2,1,1995,0,21,0,0,17,0,0,0,0,0
290898,3,1,1995,0,0,4,0,0,0,0,0,0,0
290899,1,1,1995,0,11,0,0,8,0,14,0,0,10
290900,1,1,1995,0,0,0,0,0,0,0,0,0,0
290901,1,1,1995,0,0,0,0,0,0,0,15,0,0
290902,1,1,1995,20,20,20,20,20,20,20,20,20,20
290903,1,1,1995,0,0,0,0,0,0,0,0,0,0
290904,1,1,1995,0,9,0,0,3,9,0,0,0,0
290905,1,1,1995,0,0,9,0,0,21,16,0,0,0
290905,2,1,1995,22,12,0,0,0,0,15,10,0,0
290906,1,1,1995,0,0,0,0,0,0,0,0,0,0
290907,1,1,1995,0,0,0,0,0,0,0,0,0,0
290907,2,1,1995,0,0,0,0,0,0,0,0,0,0
290908,1,1,1995,0,0,0,0,0,0,0,0,0,0
290909,1,1,1995,0,0,0,0,0,0,0,0,0,0
290909,2,1,1995,0,12,0,0,0,0,0,0,0,0
290909,3,1,1995,0,0,0,0,0,0,0,0,0,0
290910,1,1,1995,0,0,0,12,0,17,0,16,19,0
290911,1,1,1995,10,10,10,10,10,10,10,10,10,10
290912,1,1,1995,0,0,0,0,0,0,0,0,0,0
290913,1,1,1995,0,0,0,0,0,0,0,0,0,0
290914,1,1,1995,0,0,0,0,0,0,0,0,0,0
290914,2,1,1995,0,0,0,0,0,0,0,0,0,0
290915,1,1,1995,0,0,0,0,0,0,0,0,0,0
290915,2,1,1995,0,0,0,0,0,0,0,0,0,0
290916,1,1,1995,0,0,0,0,0,0,0,0,0,0
290916,2,1,1995,14,0,0,0,0,0,0,0,0,0
290917,1,1,1995,0,0,2,0,0,0,0,0,0,0
290917,2,1,1995,0,0,0,0,0,0,0,0,0,0
290918,1,1,1995,0,0,0,0,16,0,0,0,0,0
290918,2,1,1995,7,0,0,0,0,8,0,0,0,0
290918,3,1,1995,0,0,0,0,0,0,0,0,0,0
290919,1,1,1995,0,0,0,0,0,0,0,0,0,0
290920,1,1,1995,0,0,0,0,0,0,18,0,0,0
290921,1,1,1995,0,0,0,0,0,0,0,0,0,0
290922,1,1,1995,17,17,17,17,17,17,17,17,17,17
290923,1,1,1995,13,20,18,12,0,19,23,28,19,23
290924,1,1,1995,15,15,15,15,15,15,15,15,15,15
290924,2,1,1995,0,0,0,0,0,0,0,0,0,0
290925,1,1,1995,0,0,0,0,0,0,0,0,0,0
290926,1,1,1995,0,0,0,0,0,0,0,0,0,0
290926,2,1,1995,0,0,0,0,0,0,0,0,0,0
290926,3,1,1995,0,0,0,0,0,0,0,0,0,0
290927,1,1,1995,21,0,13,6,8,9,28,6,23,17
290928,1,1,1995,0,0,0,0,0,0,5,0,0,0
290929,1,1,1995,0,0,0,0,0,0,0,0,0,0
290929,2,1,1995,0,0,0,0,0,0,0,0,0,0
290930,1,1,1995,13,3,25,12,0,7,10,9,24,13
290930,2,1,1995,0,21,0,0,0,0,6,0,0,0
290930,3,1,1995,0,0,0,0,0,0,29,0,17,0
290932,1,1,1995,0,0,0,12,0,0,0,0,0,33
290933,1,1,1995,0,0,0,0,0,0,0,0,0,0
290934,1,1,1995,28,28,28,28,28,28,28,28,28,28
290935,1,1,1995,0,0,0,0,0,0,0,0,0,0
290936,0,1,1995,32,32,32,32,32,32,32,32,32,32
290936,1,1,1995,13,0,0,10,12,0,10,6,0,0
290937,1,1,1995,11,0,0,24,0,0,23,0,23,21
290938,1,1,1995,22,22,22,22,22,22,22,22,22,22
290939,1,1,1995,0,0,0,0,0,0,0,0,0,0
290939,2,1,1995,0,0,0,0,0,0,0,0,0,0
290940,1,1,1995,0,0,0,0,0,0,0,0,0,0
290941,1,1,1995,0,0,0,0,0,0,0,0,0,0
290942,0,1,1995,7,7,7,7,7,7,7,7,7,7
290942,1,1,1995,6,0,15,0,0,0,0,0,0,0
290943,1,1,1995,19,19,19,19,19,19,19,19,19,19
290944,1,1,1995,0,0,0,0,0,0,20,0,0,0
290945,1,1,1995,25,25,25,25,25,25,25,25,25,25
290947,1,1,1995,0,0,0,0,0,0,0,0,0,0
290948,1,1,1995,0,0,0,0,0,0,0,0,0,0
290948,2,1,1995,0,0,0,0,0,0,0,0,0,0
290949,1,1,1995,0,0,0,0,0,0,0,0,0,0
290949,2,1,1995,0,0,0,0,0,0,0,0,0,0
290950,1,1,1995,0,0,16,0,0,0,0,0,0,0
290950,2,1,1995,0,0,0,0,0,0,10,0,0,0
290951,1,1,1995,0,0,0,0,0,0,0,0,16,0
290951,2,1,1995,0,0,0,0,0,3,40,0,0,0
290952,1,1,1995,0,13,0,20,0,32,0,0,0,0
290952,2,1,1995,0,0,28,6,0,0,0,0,0,5
290952,3,1,1995,0,0,0,0,0,0,0,0,0,0
290953,1,1,1995,0,0,0,0,0,0,0,0,0,0
290953,2,1,1995,2,2,2,2,2,2,2,2,2,2
290953,3,1,1995,0,0,0,0,0,0,0,0,0,0
290954,0,1,1995,38,38,38,38,38,38,38,38,38,38
290954,1,1,1995,0,28,0,0,0,0,0,19,20,0
290955,1,1,1995,16,16,16,16,16,16,16,16,16,16
290956,0,1,1995,33,33,33,33,33,33,33,33,33,33
290956,1,1,1995,15,28,0,17,0,8,24,22,9,7
290957,1,1,1995,0,0,0,0,0,0,0,0,0,0
290957,2,1,1995,6,0,13,14,8,3,5,0,15,9
290958,0,1,1995,0,0,0,0,0,0,0,0,0,0
290958,1,1,1995,0,0,12,0,0,0,0,0,0,0
290959,1,1,1995,0,0,0,0,0,0,0,0,0,0
290959,2,1,1995,0,0,0,0,0,0,0,0,28,0
290960,1,1,1995,0,5,13,7,0,0,0,0,0,0
290961,1,1,1995,15,15,15,15,15,15,15,15,15,15
290962,1,1,1995,26,26,26,26,26,26,26,26,26,26
290962,2,1,1995,5,13,0,0,0,5,28,18,0,0
290963,1,1,1995,39,21,11,23,36,26,10,26,35,19
290964,0,1,1995,28,28,28,28,28,28,28,28,28,28
290964,1,1,1995,0,0,0,0,0,20,10,0,13,26
290965,1,1,1995,15,15,15,15,15,15,15,15,15,15
290966,1,1,1995,0,0,0,17,15,0,0,0,0,0
290966,2,1,1995,0,0,0,0,0,0,0,0,0,0
290967,1,1,1995,11,20,11,8,0,6,11,9,23,23
290967,2,1,1995,0,0,0,0,0,0,0,7,0,0
290968,1,1,1995,10,10,10,10,10,10,10,10,10,10
290969,1,1,1995,12,5,12,2,26,7,11,15,22,17
290970,1,1,1995,0,11,11,0,0,0,0,8,0,0
290970,2,1,1995,0,0,0,0,0,0,0,0,0,0
290971,0,1,1995,19,19,19,19,19,19,19,19,19,19
290971,1,1,1995,0,0,10,0,0,0,0,15,0,0
290972,1,1,1995,0,0,0,8,0,0,0,0,0,0
290973,1,1,1995,0,0,0,0,0,0,0,0,0,0
290974,1,1,1995,6,6,6,6,6,6,6,6,6,6
290975,1,1,1995,4,4,4,4,4,4,4,4,4,4
290976,1,1,1995,0,0,0,0,16,0,0,0,0,0
290977,1,1,1995,27,27,27,27,27,27,27,27,27,27
290978,1,1,1995,0,0,0,0,0,0,0,0,0,0
290979,1,1,1995,6,0,0,0,0,0,0,0,0,0
290980,1,1,1995,0,0,0,0,0,0,0,0,0,0
290980,2,1,1995,0,0,0,0,0,0,0,0,0,0
290981,1,1,1995,0,0,0,0,0,0,0,0,0,0
290981,2,1,1995,9,9,9,9,9,9,9,9,9,9
290982,1,1,1995,0,0,0,0,0,0,0,0,0,0
290982,2,1,1995,0,0,0,0,0,0,0,15,0,0
290983,0,1,1995,0,0,0,0,0,0,0,0,0,17
290983,1,1,1995,17,8,7,17,8,0,0,12,0,19
290984,0,1,1995,0,0,0,0,0,0,0,0,0,0
290984,1,1,1995,0,0,0,0,0,0,0,17,0,0
290984,2,1,1995,0,0,0,0,0,0,0,0,0,0
290985,1,1,1995,0,0,0,0,0,0,0,0,0,11
290985,2,1,1995,0,0,0,0,0,0,0,0,0,0
290986,1,1,1995,0,0,0,0,0,0,0,0,0,0
290986,2,1,1995,0,0,0,0,0,0,0,0,0,0
290987,1,1,1995,0,0,0,0,0,0,0,0,0,0
290987,2,1,1995,0,0,17,0,0,0,0,0,0,0
290988,0,1,1995,0,0,0,0,0,0,0,0,0,0
290988,1,1,1995,0,0,0,0,6,6,0,0,0,0
290989,1,1,1995,26,18,14,18,14,29,23,31,18,23
290990,0,1,1995,32,32,32,32,32,32,32,32,32,32
290990,1,1,1995,0,0,9,0,0,0,24,2,18,0
290991,1,1,1995,0,0,0,0,0,0,0,0,0,0
290991,2,1,1995,10,10,10,10,10,10,10,10,10,10
290992,1,1,1995,0,0,0,0,0,0,0,0,0,0
300001,1,1,1995,12,12,12,12,12,12,12,12,12,12
300002,1,1,1995,12,9,7,0,18,4,8,10,16,30
300003,1,1,1995,0,0,0,0,0,0,0,0,0,0
300004,1,1,1995,0,0,0,0,0,0,0,0,0,0
300005,1,1,1995,1,1,1,1,1,1,1,1,1,1
300005,2,1,1995,0,0,0,0,0,0,0,0,0,0
300006,1,1,1995,0,0,0,0,0,0,0,0,0,0
300007,0,1,1995,10,10,10,10,10,10,10,10,10,10
300007,1,1,1995,0,0,0,0,0,0,0,0,0,0
300008,1,1,1995,0,0,0,0,0,0,0,0,0,0
300008,2,1,1995,0,0,0,0,0,0,0,0,0,0
300009,1,1,1995,0,0,0,0,0,0,0,0,0,0
300010,1,1,1995,29,29,29,29,29,29,29,29,29,29
300011,0,1,1995,25,25,25,25,25,25,25,25,25,25
300011,1,1,1995,24,24,24,24,24,24,24,24,24,24
300012,1,1,1995,0,0,0,0,0,0,0,4,0,0
300012,2,1,1995,0,0,0,0,0,0,0,0,0,0
300013,1,1,1995,0,0,0,0,0,0,0,0,0,0
300013,2,1,1995,0,0,0,0,0,0,0,0,0,0
300014,1,1,1995,27,27,27,27,27,27,27,27,27,27
300015,1,1,1995,0,0,0,0,0,0,0,0,0,0
300016,1,1,1995,0,0,0,0,0,0,0,0,0,0
300016,2,1,1995,0,0,0,0,0,0,0,0,0,0
300017,1,1,1995,31,31,31,31,31,31,31,31,31,31
300018,1,1,1995,0,0,0,0,0,0,0,0,0,0
300019,1,1,1995,0,0,0,0,0,0,0,0,0,0
300020,1,1,1995,19,19,19,19,19,19,19,19,19,19
300021,0,1,1995,0,0,0,0,0,0,0,0,0,0
300021,0,2,1995,0,0,0,0,0,0,0,0,0,0
300021,1,1,1995,0,0,0,0,0,0,0,0,0,0
300022,1,1,1995,32,32,32,32,32,32,32,32,32,32
300023,1,1,1995,11,11,11,11,11,11,11,11,11,11
300023,2,1,1995,0,0,0,0,0,0,0,0,0,0
300024,1,1,1995,20,20,20,20,20,20,20,20,20,20
300026,1,1,1995,13,13,13,13,13,13,13,13,13,13
300027,0,1,1995,13,36,0,0,22,0,0,0,23,0
300027,1,1,1995,0,0,0,0,0,0,0,0,0,0
300027,2,1,1995,0,0,0,0,0,0,0,0,0,0
300028,1,1,1995,0,0,0,0,0,0,0,0,0,0
300029,1,1,1995,0,0,0,0,0,0,0,0,0,0
300029,2,1,1995,0,0,0,0,0,0,0,0,0,0
300030,1,1,1995,15,15,15,15,15,15,15,15,15,15
300031,1,1,1995,0,0,0,0,0,0,0,0,0,0
300032,1,1,1995,0,0,0,0,0,0,0,0,0,0
300033,1,1,1995,1,1,1,1,1,1,1,1,1,1
300033,2,1,1995,0,0,0,0,0,0,0,0,0,0
300034,1,1,1995,1,1,1,1,1,1,1,1,1,1
300035,1,1,1995,23,23,23,23,23,23,23,23,23,23
300036,1,1,1995,0,0,0,0,0,0,0,0,0,0
300037,1,1,1995,0,0,0,0,0,0,0,0,0,0
300038,1,1,1995,29,29,29,29,29,29,29,29,29,29
300039,1,1,1995,24,24,24,24,24,24,24,24,24,24
300040,0,1,1995,0,0,0,0,0,0,0,0,0,0
300040,1,1,1995,0,0,0,0,0,0,0,0,0,0
300041,1,1,1995,29,29,29,29,29,29,29,29,29,29
300042,1,1,1995,2,2,2,2,2,2,2,2,2,2
300043,1,1,1995,0,0,0,0,0,0,0,0,0,0
300044,1,1,1995,0,0,0,0,0,0,0,0,0,0
300045,1,1,1995,14,14,14,14,14,14,14,14,14,14
300046,1,1,1995,0,0,0,0,0,0,0,0,0,0
300046,2,1,1995,24,24,24,24,24,24,24,24,24,24
300047,1,1,1995,22,22,22,22,22,22,22,22,22,22
300047,2,1,1995,0,0,0,0,7,0,0,0,0,0
300048,1,1,1995,0,0,0,0,0,0,0,0,15,0
300048,2,1,1995,0,0,0,0,0,0,0,0,20,0
300049,1,1,1995,0,17,13,17,14,34,6,10,14,31
300050,1,1,1995,0,0,0,0,0,21,0,0,0,0
300050,2,1,1995,0,0,0,9,0,0,0,0,0,0
300051,1,1,1995,0,0,0,0,0,0,0,0,0,0
300052,1,1,1995,1,1,1,1,1,1,1,1,1,1
300053,1,1,1995,21,21,21,21,21,21,21,21,21,21
300053,2,1,1995,0,0,0,0,0,0,0,0,0,0
300054,1,1,1995,0,0,0,0,0,0,0,0,0,0
300055,1,1,1995,0,0,0,0,0,0,0,0,0,0
300056,1,1,1995,24,24,24,24,24,24,24,24,24,24
300057,1,1,1995,0,0,0,0,0,0,0,0,0,0
300058,1,1,1995,0,0,0,0,0,0,0,0,0,0
300059,1,1,1995,0,0,0,0,0,0,0,0,0,0
300060,1,1,1995,17,17,17,17,17,17,17,17,17,17
300061,1,1,1995,17,17,17,17,17,17,17,17,17,17
300062,1,1,1995,0,0,0,0,0,0,0,0,0,0
300063,1,1,1995,26,26,26,26,26,26,26,26,26,26
300064,1,1,1995,0,0,0,0,0,0,0,0,0,0
300065,1,1,1995,30,30,30,30,30,30,30,30,30,30
300065,2,1,1995,0,0,0,0,0,0,0,0,0,0
300066,1,1,1995,26,26,26,26,26,26,26,26,26,26
300067,1,1,1995,0,0,0,0,0,0,0,0,0,0
300068,0,1,1995,0,0,0,0,0,0,0,0,0,0
300068,1,1,1995,0,0,0,0,0,0,0,0,0,0
300069,1,1,1995,0,0,0,0,0,0,0,0,0,0
300069,2,1,1995,0,0,0,0,0,0,0,0,0,0
300070,1,1,1995,0,0,0,0,0,0,0,0,0,0
300070,2,1,1995,0,0,0,0,0,0,0,0,0,0
300071,1,1,1995,23,23,23,23,23,23,23,23,23,23
300072,0,1,1995,0,0,0,0,0,0,0,0,0,0
300072,1,1,1995,0,0,0,0,0,0,0,0,0,0
300073,1,1,1995,0,0,0,0,0,0,0,0,0,0
300074,1,1,1995,0,0,0,0,0,0,0,0,0,0
300074,2,1,1995,0,0,0,0,0,0,0,0,0,0
300075,1,1,1995,13,13,13,13,13,13,13,13,13,13
300076,1,1,1995,28,28,28,28,28,28,28,28,28,28
300077,1,1,1995,0,0,0,0,0,0,0,0,0,0
300078,1,1,1995,0,0,0,0,0,0,0,0,0,0
300079,1,1,1995,20,20,20,20,20,20,20,20,20,20
300079,2,1,1995,0,0,0,0,0,16,0,0,0,0
300079,3,1,1995,0,0,0,0,0,0,0,0,0,0
300080,1,1,1995,0,0,0,0,0,0,0,0,0,0
300080,2,1,1995,0,0,0,0,0,0,0,0,0,0
300081,1,1,1995,0,0,0,0,0,0,0,0,0,0
300081,2,1,1995,0,0,0,0,0,0,0,0,0,0
300082,1,1,1995,0,0,0,0,0,0,0,0,0,0
300082,2,1,1995,0,0,0,0,0,0,0,0,0,0
300082,3,1,1995,0,0,0,0,0,0,0,0,0,0
300083,1,1,1995,0,0,0,0,0,0,0,0,0,0
300084,1,1,1995,0,0,0,0,0,0,0,0,0,0
300085,1,1,1995,24,24,24,24,24,24,24,24,24,24
300086,1,1,1995,0,0,0,0,0,0,0,0,0,0
300086,2,1,1995,0,0,0,0,0,0,0,0,0,0
300087,1,1,1995,17,17,17,17,17,17,17,17,17,17
300088,1,1,1995,0,0,0,0,0,0,0,0,0,0
300089,1,1,1995,0,0,0,0,0,0,0,0,0,0
300089,2,1,1995,0,0,0,0,0,0,0,0,0,0
300090,1,1,1995,15,15,15,15,15,15,15,15,15,15
300091,1,1,1995,0,0,0,0,0,0,0,0,0,0
300092,1,1,1995,0,0,0,12,0,0,0,0,0,0
300093,1,1,1995,0,0,0,0,0,0,0,0,0,0
300094,1,1,1995,0,0,0,0,0,0,0,0,0,0
300095,1,1,1995,0,0,0,0,0,0,0,0,0,0
300096,1,1,1995,0,0,0,0,0,0,0,0,0,0
300097,1,1,1995,0,0,0,0,0,0,0,0,0,0
300098,1,1,1995,0,0,0,0,0,0,0,0,0,0
300099,1,1,1995,30,30,30,30,30,30,30,30,30,30
300100,1,1,1995,0,0,0,0,0,0,0,0,0,0
300101,1,1,1995,21,0,0,24,23,14,13,0,0,0
300102,1,1,1995,0,0,0,0,0,0,0,0,0,19
300102,2,1,1995,0,3,12,15,0,0,0,0,0,0
300103,1,1,1995,6,6,6,6,6,6,6,6,6,6
300104,1,1,1995,0,0,0,0,0,0,0,0,0,0
300105,1,1,1995,0,0,0,0,0,0,11,0,0,0
300106,1,1,1995,0,0,0,0,0,0,0,0,0,0
300106,2,1,1995,0,0,0,0,24,0,0,0,0,0
300107,1,1,1995,0,0,0,0,0,0,0,0,0,3
300107,2,1,1995,0,0,0,0,0,0,0,0,0,0
300108,1,1,1995,0,0,0,0,0,0,0,0,0,0
300108,2,1,1995,2,2,2,2,2,2,2,2,2,2
300109,1,1,1995,0,0,0,0,0,0,0,0,0,0
300109,2,1,1995,15,15,15,15,15,15,15,15,15,15
300110,1,1,1995,0,0,0,0,0,0,0,0,0,0
300111,1,1,1995,0,0,0,0,0,0,0,0,0,0
300111,2,1,1995,0,0,0,0,0,0,0,0,0,0
300112,1,1,1995,9,13,14,12,15,25,0,19,16,0
300113,1,1,1995,0,0,0,0,0,0,0,0,0,0
300113,2,1,1995,0,0,0,0,0,0,0,0,0,0
300114,1,1,1995,18,18,18,18,18,18,18,18,18,18
300115,1,1,1995,0,0,0,0,0,0,0,0,0,0
300115,2,1,1995,0,0,0,0,0,0,0,0,0,0
300116,1,1,1995,0,0,0,0,0,0,0,0,0,0
300116,2,1,1995,0,0,0,0,0,0,0,0,0,0
300117,1,1,1995,26,26,26,26,26,26,26,26,26,26
300118,1,1,1995,0,0,0,0,0,0,0,0,0,0
300118,2,1,1995,0,0,0,0,0,0,0,0,0,0
300119,1,1,1995,31,31,31,31,31,31,31,31,31,31
300120,1,1,1995,0,0,0,0,0,0,0,0,0,0
300121,1,1,1995,3,3,3,3,3,3,3,3,3,3
300121,2,1,1995,0,0,0,0,0,0,0,0,0,0
300122,1,1,1995,0,0,0,0,0,0,0,0,0,0
300124,1,1,1995,35,35,35,35,35,35,35,35,35,35
300125,1,1,1995,0,0,0,0,0,0,0,0,0,0
300126,1,1,1995,26,26,26,26,26,26,26,26,26,26
300127,1,1,1995,0,0,0,0,0,0,0,0,0,0
300128,1,1,1995,0,0,0,0,0,0,8,0,0,0
300128,2,1,1995,0,0,0,0,0,0,0,0,0,0
300129,1,1,1995,12,13,15,13,10,29,5,19,19,28
300130,1,1,1995,0,0,0,0,0,0,0,0,0,0
300131,1,1,1995,10,10,10,10,10,10,10,10,10,10
300132,1,1,1995,0,0,0,0,0,0,0,0,0,0
300132,2,1,1995,0,0,0,0,0,0,0,0,0,0
300133,1,1,1995,0,0,8,0,0,0,0,0,0,0
300133,2,1,1995,0,0,0,0,0,0,0,0,0,0
300133,3,1,1995,0,0,0,0,0,0,0,0,0,0
300134,1,1,1995,0,8,0,0,0,0,0,0,0,0
300134,2,1,1995,12,12,12,12,12,12,12,12,12,12
300134,3,1,1995,0,0,0,0,0,0,0,0,0,0
300135,1,1,1995,15,15,15,15,15,15,15,15,15,15
300136,1,1,1995,0,0,0,0,0,0,0,0,0,0
300136,2,1,1995,0,0,0,0,0,0,0,0,0,0
300137,1,1,1995,0,0,0,0,0,0,0,0,0,0
300137,2,1,1995,0,0,0,0,0,0,0,0,0,0
300138,1,1,1995,1,1,1,1,1,1,1,1,1,1
300139,1,1,1995,34,34,34,34,34,34,34,34,34,34
300140,1,1,1995,0,0,0,0,0,0,0,0,0,0
300141,1,1,1995,0,0,0,0,0,0,0,0,0,0
300141,2,1,1995,0,0,0,0,0,0,0,0,0,0
300142,1,1,1995,17,17,17,17,17,17,17,17,17,17
300142,2,1,1995,24,24,24,24,24,24,24,24,24,24
300143,1,1,1995,0,0,0,0,0,0,0,0,0,0
300143,2,1,1995,0,0,0,0,0,0,0,0,0,0
300144,1,1,1995,16,16,16,16,16,16,16,16,16,16
300145,0,1,1995,19,19,19,19,19,19,19,19,19,19
300145,1,1,1995,21,21,21,21,21,21,21,21,21,21
300146,1,1,1995,0,0,0,0,0,0,0,0,0,0
300147,1,1,1995,0,0,0,0,0,0,0,0,0,0
300148,1,1,1995,7,7,7,7,7,7,7,7,7,7
300148,2,1,1995,12,12,12,12,12,12,12,12,12,12
300149,1,1,1995,0,0,0,0,0,0,0,0,0,0
300150,1,1,1995,0,0,0,0,0,0,0,0,0,0
300150,2,1,1995,0,0,0,0,0,0,0,0,0,0
300150,3,1,1995,0,0,0,0,0,0,0,0,0,0
300150,4,1,1995,0,0,0,0,0,0,0,0,0,0
300151,1,1,1995,0,0,0,0,0,0,0,0,0,0
300151,2,1,1995,0,0,0,0,0,0,0,0,0,0
300152,1,1,1995,10,0,0,0,0,0,0,0,13,0
300153,1,1,1995,0,0,0,0,0,0,0,0,0,0
300153,2,1,1995,0,0,0,0,0,0,0,0,0,0
300154,1,1,1995,0,0,0,0,0,0,0,0,0,0
300155,0,1,1995,20,20,20,20,20,20,20,20,20,20
300155,1,1,1995,0,0,0,0,0,0,0,0,0,0
300156,1,1,1995,25,25,25,25,25,25,25,25,25,25
300157,1,1,1995,24,24,24,24,24,24,24,24,24,24
300157,2,1,1995,0,0,0,0,0,0,0,0,0,0
300158,1,1,1995,26,26,26,26,26,26,26,26,26,26
300159,1,1,1995,0,0,0,0,0,0,0,0,0,0
300159,2,1,1995,0,0,0,0,0,0,0,0,0,0
300160,1,1,1995,0,0,0,0,17,0,0,0,0,0
300160,2,1,1995,0,0,0,0,14,0,0,0,7,0
300161,1,1,1995,20,20,20,20,20,20,20,20,20,20
300162,1,1,1995,11,20,32,17,32,24,10,9,17,26
300163,1,1,1995,17,17,17,17,17,17,17,17,17,17