ST_CASE,VEH_NO,PER_NO,YEAR,P1,P2,P3,P4,P5,P6,P7,P8,P9,P10
300164,1,1,1995,11,11,11,11,11,11,11,11,11,11
300165,1,1,1995,0,0,0,0,0,0,0,0,0,0
300165,2,1,1995,0,0,0,0,0,0,0,0,0,0
300166,1,1,1995,0,0,0,13,8,0,0,0,0,20
300167,1,1,1995,19,19,19,19,19,19,19,19,19,19
300168,1,1,1995,0,0,0,0,0,0,0,0,0,0
300168,2,1,1995,0,0,0,0,0,0,0,0,0,0
300169,1,1,1995,12,12,12,12,12,12,12,12,12,12
300169,2,1,1995,0,0,0,0,0,0,0,0,0,0
300170,1,1,1995,9,9,9,9,9,9,9,9,9,9
300171,1,1,1995,0,0,0,0,0,0,0,0,0,0
300171,2,1,1995,28,28,28,28,28,28,28,28,28,28
300172,1,1,1995,0,0,0,0,0,0,0,0,0,0
300172,2,1,1995,35,35,35,35,35,35,35,35,35,35
300173,1,1,1995,0,0,0,0,0,0,0,0,0,0
300173,2,1,1995,0,0,0,0,0,0,0,0,0,0
300174,1,1,1995,0,0,0,0,0,0,0,0,0,0
300174,2,1,1995,0,0,0,0,0,0,0,0,0,0
300175,1,1,1995,0,0,0,0,0,0,0,0,0,0
300176,1,1,1995,0,0,0,0,0,0,0,0,0,0
300177,1,1,1995,13,13,13,13,13,13,13,13,13,13
300178,1,1,1995,22,22,22,22,22,22,22,22,22,22
300179,1,1,1995,15,15,15,15,15,15,15,15,15,15
300180,1,1,1995,18,18,18,18,18,18,18,18,18,18
300180,2,1,1995,0,0,0,0,0,0,0,0,0,0
300181,1,1,1995,0,0,0,0,0,0,0,0,0,0
300182,1,1,1995,0,0,0,0,0,0,0,0,0,0
300182,2,1,1995,0,0,0,0,0,0,0,0,0,0
300183,1,1,1995,0,0,0,0,0,0,0,0,0,0
300183,2,1,1995,30,30,30,30,30,30,30,30,30,30
300184,1,1,1995,0,0,0,0,0,0,0,0,0,0
300185,1,1,1995,20,20,20,20,20,20,20,20,20,20
300186,0,1,1995,0,0,0,0,0,0,0,0,0,0
300186,1,1,1995,13,13,13,13,13,13,13,13,13,13
300187,0,1,1995,13,13,13,13,13,13,13,13,13,13
300187,1,1,1995,12,12,12,12,12,12,12,12,12,12
300188,0,1,1995,0,0,0,0,0,0,0,0,0,0
300188,1,1,1995,0,0,0,0,0,0,0,0,0,0
310001,1,1,1995,0,0,0,0,0,0,0,0,0,0
310001,2,1,1995,0,0,0,0,0,0,0,0,0,0
310002,1,1,1995,0,0,0,0,0,0,0,0,0,0
310002,2,1,1995,0,0,0,0,0,0,0,0,0,0
310003,1,1,1995,0,0,0,0,0,0,0,0,0,0
310003,2,1,1995,0,0,0,0,0,0,0,0,0,0
310004,1,1,1995,0,0,0,0,0,0,0,0,0,0
310004,2,1,1995,0,0,0,0,0,0,0,0,0,0
310005,1,1,1995,0,0,0,0,0,0,0,0,0,0
310005,2,1,1995,0,0,0,0,0,0,0,0,0,0
310006,1,1,1995,0,0,0,0,0,0,0,0,0,0
310007,1,1,1995,0,0,0,0,0,0,0,0,0,0
310008,1,1,1995,4,4,4,4,4,4,4,4,4,4
310008,2,1,1995,0,0,0,0,0,0,0,0,0,0
310009,1,1,1995,0,0,0,0,0,0,0,0,0,0
310010,1,1,1995,0,0,0,0,0,0,0,0,0,0
310011,1,1,1995,0,0,0,0,0,0,0,0,0,0
310012,0,1,1995,0,0,0,0,0,0,0,0,0,0
310012,1,1,1995,0,0,0,0,0,0,0,0,0,0
310013,1,1,1995,9,9,9,9,9,9,9,9,9,9
310014,1,1,1995,0,0,0,0,0,0,0,0,0,0
310014,2,1,1995,25,25,25,25,25,25,25,25,25,25
310015,1,1,1995,9,9,9,9,9,9,9,9,9,9
310015,2,1,1995,0,0,0,0,0,0,0,0,0,0
310016,1,1,1995,0,0,0,0,0,0,0,0,0,0
310016,2,1,1995,0,0,0,0,0,0,0,0,0,0
310016,3,1,1995,0,0,0,0,0,0,0,0,0,0
310017,1,1,1995,14,14,14,14,14,14,14,14,14,14
310018,1,1,1995,13,13,13,13,13,13,13,13,13,13
310019,1,1,1995,0,0,0,0,0,0,0,0,0,0
310019,2,1,1995,0,0,0,0,0,0,0,0,0,0
310020,1,1,1995,0,0,0,0,0,0,0,0,0,0
310020,2,1,1995,0,0,0,0,0,0,0,0,0,0
310021,1,1,1995,0,0,0,0,0,0,0,0,0,0
310021,2,1,1995,0,0,0,0,0,0,0,0,0,0
310022,1,1,1995,13,13,13,13,13,13,13,13,13,13
310023,1,1,1995,0,0,0,0,0,0,0,0,0,0
310023,2,1,1995,0,0,0,0,0,0,0,0,0,0
310024,1,1,1995,0,0,0,0,0,0,0,0,0,0
310024,2,1,1995,0,0,0,0,0,0,0,0,0,0
310025,1,1,1995,0,0,0,0,0,0,0,0,0,0
310026,1,4,1995,0,0,0,32,19,12,0,0,0,25
310027,1,1,1995,0,0,0,0,0,0,0,0,0,0
310027,2,1,1995,29,29,29,29,29,29,29,29,29,29
310028,1,1,1995,22,22,22,22,22,22,22,22,22,22
310028,2,1,1995,0,0,0,0,0,0,0,0,0,0
310029,1,1,1995,0,0,0,0,0,0,0,0,0,0
310030,1,1,1995,0,0,0,0,0,0,0,0,0,0
310031,1,1,1995,0,0,0,0,0,0,0,0,0,0
310031,2,1,1995,0,0,0,0,0,0,0,0,0,0
310032,1,1,1995,0,0,0,0,0,0,0,0,0,0
310033,1,1,1995,0,0,0,0,0,0,0,0,0,0
310033,2,1,1995,0,0,0,0,0,0,0,0,0,0
310034,1,1,1995,0,0,0,0,0,0,0,0,0,0
310035,1,1,1995,0,0,0,0,0,0,0,0,0,0
310035,2,1,1995,0,0,0,0,0,0,0,0,0,0
310036,1,1,1995,0,0,0,0,0,0,0,0,0,0
310036,2,1,1995,0,0,0,0,0,0,0,0,0,0
310037,1,1,1995,27,27,27,27,27,27,27,27,27,27
310038,0,1,1995,0,0,0,0,0,0,0,0,0,0
310038,1,1,1995,0,0,0,0,0,0,8,0,0,0
310039,1,1,1995,0,0,0,0,0,0,0,0,0,0
310040,1,1,1995,21,21,21,21,21,21,21,21,21,21
310041,0,1,1995,0,0,0,0,0,0,0,0,0,0
310041,1,1,1995,0,0,0,0,0,0,0,0,0,0
310042,1,1,1995,16,4,0,0,0,11,0,6,6,13
310043,1,1,1995,0,0,0,0,0,0,0,0,0,0
310043,2,1,1995,20,20,20,20,20,20,20,20,20,20
310044,1,1,1995,21,21,21,21,21,21,21,21,21,21
310045,1,1,1995,0,0,0,0,0,0,0,0,0,0
310046,0,1,1995,0,15,17,0,17,0,0,0,0,17
310046,1,1,1995,9,9,9,9,9,9,9,9,9,9
310046,2,1,1995,0,0,0,0,0,0,0,0,0,0
310047,1,1,1995,0,0,0,0,0,0,0,0,0,0
310048,1,1,1995,18,18,18,18,18,18,18,18,18,18
310048,2,1,1995,0,0,0,0,0,0,0,0,0,0
310049,1,1,1995,0,0,0,0,0,0,0,0,0,0
310050,1,1,1995,0,0,0,0,0,0,0,0,0,0
310050,2,1,1995,24,24,24,24,24,24,24,24,24,24
310051,1,1,1995,0,0,0,0,0,0,0,0,0,0
310051,2,1,1995,0,0,0,0,0,0,0,0,0,0
310052,1,1,1995,2,2,2,2,2,2,2,2,2,2
310052,2,1,1995,0,0,0,0,0,0,0,0,0,0
310052,3,1,1995,0,0,0,0,0,0,0,0,0,0
310053,0,1,1995,0,0,0,0,0,0,0,0,0,0
310053,1,1,1995,0,0,0,0,0,0,0,0,0,0
310054,1,1,1995,0,0,0,0,0,0,0,0,0,0
310055,1,1,1995,0,0,0,0,0,0,0,0,0,0
310055,2,1,1995,0,0,0,0,0,0,0,0,0,0
310056,1,1,1995,15,15,15,15,15,15,15,15,15,15
310057,1,1,1995,0,0,0,0,0,0,0,0,0,0
310057,2,1,1995,0,0,0,0,0,0,0,0,0,0
310058,0,1,1995,0,0,0,0,0,0,0,0,0,0
310058,1,1,1995,0,0,0,0,0,0,0,0,0,0
310059,1,1,1995,8,8,8,8,8,8,8,8,8,8
310060,1,1,1995,0,0,0,0,0,0,0,0,0,0
310061,1,1,1995,0,0,0,0,0,0,0,0,0,0
310061,2,1,1995,0,0,0,0,0,0,0,0,0,0
310062,1,1,1995,21,21,21,21,21,21,21,21,21,21
310062,2,1,1995,18,0,0,0,0,0,11,13,0,24
310063,1,1,1995,5,5,5,5,5,5,5,5,5,5
310063,2,1,1995,0,0,0,0,0,0,0,0,0,0
310064,1,1,1995,0,0,0,0,0,0,0,0,0,0
310064,2,1,1995,0,0,0,0,0,0,0,0,0,0
310065,1,1,1995,0,0,0,0,0,0,0,0,0,0
310065,2,1,1995,0,0,0,0,0,0,0,0,0,0
310066,0,1,1995,0,0,0,0,0,0,0,0,0,0
310066,1,1,1995,0,0,0,0,0,0,0,0,0,0
310067,1,1,1995,0,0,0,0,0,0,0,0,0,0
310068,1,1,1995,0,0,0,0,0,0,0,0,0,0
310069,0,1,1995,0,0,0,0,0,0,0,0,0,0
310069,1,1,1995,0,0,0,0,0,0,0,0,0,0
310070,1,1,1995,0,0,0,0,0,0,0,0,0,0
310071,1,1,1995,0,0,0,0,0,0,0,0,0,0
310071,2,1,1995,2,2,2,2,2,2,2,2,2,2
310072,1,1,1995,0,0,0,0,0,0,0,0,0,0
310072,2,1,1995,0,0,0,0,0,0,0,0,0,0
310073,0,1,1995,0,0,0,0,0,0,0,0,0,0
310074,1,1,1995,0,0,0,0,0,0,0,0,0,0
310074,2,1,1995,0,0,0,0,0,0,0,0,0,0
310075,1,1,1995,0,0,0,0,0,0,0,0,0,0
310076,1,1,1995,9,9,9,9,9,9,9,9,9,9
310076,2,1,1995,0,0,0,0,0,0,0,0,0,0
310077,1,1,1995,17,17,17,17,17,17,17,17,17,17
310078,1,1,1995,12,12,12,12,12,12,12,12,12,12
310079,0,1,1995,0,0,0,0,0,0,0,0,0,0
310079,1,1,1995,0,0,0,0,0,0,0,0,0,0
310080,1,1,1995,2,2,2,2,2,2,2,2,2,2
310080,2,1,1995,0,0,0,0,0,0,0,0,0,0
310081,1,1,1995,0,0,0,0,0,0,0,0,0,0
310081,2,1,1995,0,0,0,0,0,0,0,0,0,0
310082,1,1,1995,0,0,0,0,0,0,0,0,0,0
310082,2,1,1995,0,0,0,0,0,0,0,0,0,0
310083,1,1,1995,0,0,0,0,0,0,0,0,0,0
310083,2,1,1995,0,0,0,0,0,0,0,0,0,0
310084,1,1,1995,19,19,19,19,19,19,19,19,19,19
310085,1,1,1995,13,13,13,13,13,13,13,13,13,13
310086,1,1,1995,0,0,0,0,0,0,0,0,0,0
310086,2,1,1995,0,0,0,0,0,0,0,0,0,0
310087,1,1,1995,0,0,0,0,0,0,0,0,0,0
310087,2,1,1995,0,0,0,0,0,0,0,0,0,0
310088,0,1,1995,0,0,0,0,0,0,0,0,0,0
310088,1,1,1995,0,0,0,0,0,0,0,0,0,0
310089,0,1,1995,0,0,0,0,0,0,0,0,0,0
310089,1,1,1995,0,0,0,0,0,0,0,0,0,0
310090,1,1,1995,9,9,9,9,9,9,9,9,9,9
310090,2,1,1995,4,4,4,4,4,4,4,4,4,4
310091,1,1,1995,1,1,1,1,1,1,1,1,1,1
310091,2,1,1995,0,0,0,0,0,0,0,0,0,0
310092,1,1,1995,0,0,0,0,0,0,0,0,0,0
310092,2,1,1995,0,0,0,0,0,0,0,0,0,0
310093,0,1,1995,10,10,10,10,10,10,10,10,10,10
310093,1,1,1995,0,0,0,0,0,0,0,0,0,0
310094,1,1,1995,0,0,0,0,0,0,0,0,0,0
310095,1,1,1995,0,0,0,0,0,0,0,0,0,0
310096,1,1,1995,0,0,0,0,0,0,0,0,0,0
310096,2,1,1995,0,0,0,0,0,0,0,0,0,0
310096,3,1,1995,0,0,0,0,0,0,0,0,0,0
310097,0,1,1995,0,0,0,0,0,0,0,0,0,0
310097,1,1,1995,0,0,0,0,0,0,0,0,0,0
310098,0,1,1995,0,0,0,0,0,0,0,0,0,0
310098,1,1,1995,0,0,0,0,0,0,0,0,0,0
310099,0,5,1995,0,0,0,0,0,0,0,0,0,0
310099,1,1,1995,0,0,0,0,0,0,0,0,0,0
310100,1,1,1995,0,8,0,0,30,20,14,28,11,14
310101,1,1,1995,13,13,13,13,13,13,13,13,13,13
310101,2,1,1995,0,0,0,0,0,0,0,0,0,0
310102,1,1,1995,0,0,0,0,0,5,0,0,0,0
310103,1,1,1995,0,0,0,0,0,0,0,0,0,0
310103,2,1,1995,0,6,0,0,0,0,0,16,0,0
310104,1,1,1995,20,20,20,20,20,20,20,20,20,20
310105,1,1,1995,0,0,0,0,0,0,0,0,0,0
310105,2,1,1995,0,0,0,0,0,0,0,0,0,0
310106,0,1,1995,2,2,2,2,2,2,2,2,2,2
310106,1,1,1995,0,0,18,28,0,0,0,0,0,0
310107,1,1,1995,0,0,0,0,0,0,0,0,0,0
310107,2,1,1995,0,0,0,0,0,0,0,0,0,0
310108,1,1,1995,0,0,0,0,0,0,0,0,0,0
310108,2,1,1995,5,5,5,5,5,5,5,5,5,5
310109,1,1,1995,0,0,0,0,0,0,0,0,0,0
310109,2,1,1995,0,0,0,0,0,0,0,0,0,0
310110,1,1,1995,0,0,0,0,0,0,0,0,0,0
310111,1,1,1995,17,17,17,17,17,17,17,17,17,17
310112,1,1,1995,0,0,0,0,0,0,0,0,0,0
310113,1,1,1995,0,0,0,0,0,0,0,0,0,0
310113,2,1,1995,0,0,0,0,0,0,0,0,0,0
310114,1,1,1995,0,0,0,0,0,0,0,0,0,0
310115,1,1,1995,27,27,27,27,27,27,27,27,27,27
310116,1,1,1995,0,0,0,0,0,14,8,14,0,0
310117,1,1,1995,0,0,0,0,0,0,0,0,0,0
310117,2,1,1995,0,0,0,0,0,0,0,0,0,0
310118,1,1,1995,22,22,22,22,22,22,22,22,22,22
310119,1,1,1995,9,9,9,9,9,9,9,9,9,9
310120,1,1,1995,0,0,0,0,0,0,0,0,0,0
310120,2,1,1995,0,0,0,0,0,0,0,0,0,0
310121,1,1,1995,16,16,16,16,16,16,16,16,16,16
310122,1,1,1995,0,0,0,0,0,0,0,0,0,0
310123,1,1,1995,0,0,0,0,0,0,0,0,0,0
310123,2,1,1995,1,1,1,1,1,1,1,1,1,1
310123,3,1,1995,0,0,0,0,0,0,0,0,0,0
310124,1,1,1995,1,1,1,1,1,1,1,1,1,1
310124,2,1,1995,1,1,1,1,1,1,1,1,1,1
310125,1,1,1995,10,10,10,10,10,10,10,10,10,10
310126,1,1,1995,0,0,0,0,0,0,0,0,0,0
310126,2,1,1995,0,0,0,0,0,0,0,0,0,0
310127,1,1,1995,0,0,0,0,0,0,0,0,0,0
310128,1,1,1995,0,0,0,0,0,0,0,0,0,0
310129,0,1,1995,0,10,0,0,0,0,0,0,0,0
310129,0,2,1995,36,0,0,0,0,0,10,23,0,0
310129,1,1,1995,0,0,0,0,0,0,0,0,0,0
310130,0,1,1995,20,20,20,20,20,20,20,20,20,20
310130,1,1,1995,0,0,0,0,0,0,0,0,0,0
310131,1,1,1995,0,0,0,0,0,0,0,0,0,0
310131,2,1,1995,0,0,0,0,0,0,0,0,0,0
310132,1,1,1995,6,6,6,6,6,6,6,6,6,6
310133,1,1,1995,0,0,0,0,0,0,0,0,0,0
310133,2,1,1995,0,0,0,0,0,0,0,0,0,0
310134,1,1,1995,0,0,0,0,0,0,0,0,0,0
310134,2,1,1995,0,0,0,0,0,0,0,0,0,0
310135,1,1,1995,0,0,0,0,0,0,0,0,0,0
310135,2,1,1995,0,0,0,0,0,0,0,0,0,0
310136,1,1,1995,0,0,0,0,0,0,0,0,0,0
310137,1,1,1995,0,0,0,0,0,0,0,0,0,0
310137,2,1,1995,0,0,0,0,0,0,0,0,0,0
310138,1,1,1995,0,0,0,0,0,0,0,0,0,0
310138,2,1,1995,0,0,0,0,0,0,0,0,0,0
310139,1,1,1995,0,0,0,0,0,0,0,0,0,0
310139,2,1,1995,0,0,0,0,0,0,0,0,0,0
310140,1,1,1995,0,0,0,0,0,0,0,0,0,0
310141,1,1,1995,19,19,19,19,19,19,19,19,19,19
310142,1,1,1995,0,0,0,0,0,0,0,0,0,0
310142,2,1,1995,0,0,0,0,0,0,0,0,0,0
310143,1,1,1995,20,20,20,20,20,20,20,20,20,20
310144,1,1,1995,0,0,0,0,0,0,0,0,0,0
310145,1,1,1995,23,23,23,23,23,23,23,23,23,23
310145,2,1,1995,0,0,0,0,0,0,0,0,0,0
310146,1,1,1995,0,0,0,0,0,0,0,0,0,0
310147,1,1,1995,19,19,19,19,19,19,19,19,19,19
310148,1,1,1995,0,0,0,0,0,0,0,0,0,0
310148,2,1,1995,12,12,12,12,12,12,12,12,12,12
310149,1,1,1995,0,0,0,0,0,0,0,0,0,0
310149,2,1,1995,0,0,0,0,0,0,0,0,0,0
310150,0,1,1995,0,0,0,0,0,0,0,0,0,0
310150,1,1,1995,0,0,0,0,0,0,7,0,0,0
310152,0,1,1995,6,6,6,6,6,6,6,6,6,6
310152,1,1,1995,0,0,0,0,0,0,0,0,0,0
310153,1,1,1995,0,0,0,0,0,0,0,0,0,0
310153,2,1,1995,14,14,14,14,14,14,14,14,14,14
310154,1,1,1995,0,0,0,0,0,0,0,0,0,0
310155,1,1,1995,0,0,0,0,0,0,0,0,0,0
310155,2,1,1995,0,0,0,0,0,0,0,0,0,0
310156,1,1,1995,12,12,12,12,12,12,12,12,12,12
310158,1,1,1995,0,0,0,0,0,0,0,0,0,0
310158,2,1,1995,0,0,0,0,0,0,0,0,0,0
310159,1,1,1995,0,0,0,0,0,0,0,0,0,0
310159,2,1,1995,0,0,0,0,0,0,0,0,0,0
310160,1,1,1995,0,0,0,0,0,0,0,0,0,0
310160,2,1,1995,0,0,0,0,0,0,0,0,0,0
310161,1,1,1995,0,0,0,0,0,0,0,0,0,0
310161,2,1,1995,0,0,0,0,0,0,0,0,0,0
310162,1,1,1995,0,0,0,0,0,0,0,0,0,0
310162,2,1,1995,0,0,0,0,0,0,0,0,0,0
310163,1,1,1995,0,0,0,0,0,0,0,0,0,0
310163,2,1,1995,0,0,0,0,0,0,0,0,0,0
310163,3,1,1995,0,0,0,0,0,0,0,0,0,0
310164,1,1,1995,0,0,0,0,0,0,0,0,0,0
310164,2,1,1995,0,0,0,0,0,0,0,0,0,0
310165,1,1,1995,0,0,0,0,0,0,0,0,0,0
310165,2,1,1995,0,0,0,0,0,0,0,0,0,0
310166,1,1,1995,0,0,0,0,0,0,0,0,0,0
310166,2,1,1995,0,0,0,0,0,0,0,0,0,0
310167,1,1,1995,4,4,4,4,4,4,4,4,4,4
310168,1,1,1995,0,0,0,0,0,0,0,0,0,0
310168,2,1,1995,0,0,0,0,0,0,0,0,0,0
310169,1,1,1995,0,0,0,0,0,0,0,0,0,0
310169,2,1,1995,15,15,15,15,15,15,15,15,15,15
310170,1,1,1995,11,11,11,11,11,11,11,11,11,11
310170,2,1,1995,0,0,0,0,0,0,0,0,0,0
310171,1,1,1995,14,14,14,14,14,14,14,14,14,14
310171,2,1,1995,0,0,0,0,0,0,0,0,0,0
310172,1,1,1995,0,0,0,0,0,0,0,0,0,0
310173,1,1,1995,0,0,0,0,0,0,0,0,0,0
310174,1,1,1995,0,0,0,0,0,0,0,0,0,0
310174,2,1,1995,0,0,0,0,0,0,0,0,0,0
310175,1,1,1995,0,0,0,0,0,0,0,0,0,0
310175,2,1,1995,0,0,0,0,0,0,0,0,0,0
310176,1,1,1995,0,0,0,0,0,0,0,0,0,0
310177,1,1,1995,0,0,0,9,0,0,0,0,6,0
310178,1,1,1995,0,0,0,0,0,0,0,0,0,0
310179,1,1,1995,0,0,0,0,0,0,0,0,0,0
310179,2,1,1995,0,0,0,0,0,0,0,0,0,0
310180,1,1,1995,0,0,0,0,0,0,0,0,0,0
310181,1,1,1995,0,0,0,0,0,0,0,0,0,0
310181,2,1,1995,20,20,20,20,20,20,20,20,20,20
310182,1,1,1995,20,20,20,20,20,20,20,20,20,20
310183,1,1,1995,3,3,3,3,3,3,3,3,3,3
310183,2,1,1995,0,0,0,0,0,0,0,0,0,0
310184,1,1,1995,29,29,29,29,29,29,29,29,29,29
310185,1,1,1995,0,0,0,0,0,0,0,0,0,0
310185,2,1,1995,1,1,1,1,1,1,1,1,1,1
310186,1,1,1995,18,20,22,13,20,0,29,22,22,11
310187,1,1,1995,0,0,0,0,0,0,0,0,0,0
310187,2,1,1995,0,0,0,0,0,0,0,0,0,0
310188,1,1,1995,0,0,0,0,0,0,0,0,0,0
310188,2,1,1995,0,0,0,0,0,0,0,0,0,0
310189,1,1,1995,0,0,0,0,0,0,0,0,0,0
310189,2,1,1995,0,0,0,0,0,0,0,0,0,0
310190,1,1,1995,0,0,0,0,0,0,0,0,0,0
310190,2,1,1995,0,0,0,0,0,0,0,0,0,0
310192,1,1,1995,18,18,18,18,18,18,18,18,18,18
310193,1,1,1995,20,20,20,20,20,20,20,20,20,20
310194,1,1,1995,0,0,0,0,0,0,0,0,0,0
310194,2,1,1995,0,0,0,0,0,0,0,0,0,0
310195,1,1,1995,0,0,0,0,0,0,0,15,0,0
310195,2,1,1995,0,0,9,0,0,0,0,0,0,0
310196,1,1,1995,0,0,0,0,0,0,0,0,0,0
310196,2,1,1995,0,0,0,0,0,0,0,0,0,0
310197,1,1,1995,27,27,27,27,27,27,27,27,27,27
310198,1,1,1995,0,0,0,0,0,0,0,0,0,0
310198,2,1,1995,0,0,0,0,0,0,0,0,0,0
310199,1,1,1995,0,0,0,0,0,0,0,0,0,0
310199,2,1,1995,0,0,0,0,0,0,0,0,0,0
310200,1,1,1995,1,1,1,1,1,1,1,1,1,1
310200,2,1,1995,0,0,0,0,0,0,0,0,0,0
310201,0,1,1995,16,13,9,25,23,29,19,19,8,25
310201,1,1,1995,14,13,19,2,13,15,18,26,11,17
310202,1,1,1995,0,0,0,0,0,0,0,0,0,0
310202,2,1,1995,1,1,1,1,1,1,1,1,1,1
310203,1,1,1995,0,0,0,0,0,0,0,0,0,0
310204,1,1,1995,10,10,10,10,10,10,10,10,10,10
310205,1,1,1995,12,12,12,12,12,12,12,12,12,12
310206,1,1,1995,25,25,25,25,25,25,25,25,25,25
310207,1,1,1995,12,12,12,12,12,12,12,12,12,12
310208,1,1,1995,11,11,11,11,11,11,11,11,11,11
310209,1,1,1995,0,0,0,13,0,0,0,0,0,10
310209,2,1,1995,0,0,0,0,0,0,0,0,0,0
310210,1,1,1995,0,0,0,0,0,0,0,0,0,0
310211,1,2,1995,13,0,16,13,0,14,0,24,32,0
310212,1,1,1995,0,0,0,0,0,0,0,0,0,0
310213,1,1,1995,0,0,0,0,0,0,0,0,0,0
310214,1,1,1995,0,14,18,9,42,24,41,33,19,25
310214,2,1,1995,0,0,0,0,0,0,0,0,0,0
310215,1,1,1995,0,0,0,0,0,0,0,0,0,0
310215,2,1,1995,0,0,0,0,0,0,0,0,0,0
310216,1,1,1995,0,0,0,0,0,0,0,0,0,0
310216,2,1,1995,0,0,0,0,0,0,0,0,0,0
310217,1,1,1995,0,0,0,0,0,0,0,0,0,0
310217,2,1,1995,0,0,0,0,0,0,25,0,0,0
310218,1,1,1995,22,22,22,22,22,22,22,22,22,22
310218,2,1,1995,0,0,0,0,0,0,0,0,0,0
310219,1,1,1995,0,0,0,0,0,0,0,0,0,0
310219,2,1,1995,0,0,0,0,0,0,0,0,0,0
310220,1,1,1995,29,29,29,29,29,29,29,29,29,29
310221,1,1,1995,0,0,0,0,0,0,0,0,0,0
310221,2,1,1995,0,0,0,0,0,0,0,0,0,0
310221,3,1,1995,0,0,0,0,0,0,0,0,0,0
310222,1,1,1995,0,0,0,0,0,0,0,0,0,0
310222,2,1,1995,0,0,0,0,0,0,0,0,0,0
310223,1,1,1995,15,15,15,15,15,15,15,15,15,15
310224,1,1,1995,0,0,0,0,0,0,0,0,0,0
310224,2,1,1995,0,0,0,0,0,0,0,0,0,0
310225,1,1,1995,0,0,0,0,0,0,0,0,0,0
310226,1,1,1995,0,0,0,0,0,0,0,0,0,10
310226,2,1,1995,0,0,0,3,0,0,0,0,0,0
310227,1,1,1995,0,0,0,0,0,0,0,0,0,0
310228,1,1,1995,0,0,0,0,0,0,0,0,0,0
310228,2,1,1995,23,23,23,23,23,23,23,23,23,23
310229,1,1,1995,7,7,7,7,7,7,7,7,7,7
320001,0,1,1995,0,0,0,0,0,0,0,0,0,0
320001,1,1,1995,16,0,0,0,0,14,0,0,0,0
320002,0,1,1995,0,0,0,0,0,0,0,0,0,0
320002,1,1,1995,13,0,19,0,0,35,25,0,12,13
320003,1,1,1995,0,0,0,0,0,0,0,0,0,0
320004,0,1,1995,0,0,0,15,0,0,0,0,0,22
320004,1,1,1995,14,0,13,0,18,0,27,0,0,0
320005,1,1,1995,2,2,2,2,2,2,2,2,2,2
320005,2,1,1995,0,0,0,0,8,0,0,0,0,0
320005,3,1,1995,0,0,25,19,0,27,0,0,0,11
320006,1,1,1995,0,0,0,0,0,0,0,0,0,0
320007,0,1,1995,26,26,26,26,26,26,26,26,26,26
320007,0,2,1995,17,17,17,17,17,17,17,17,17,17
320007,2,1,1995,0,0,0,0,0,0,0,0,0,0
320008,0,1,1995,0,0,0,0,0,0,0,0,0,0
320008,1,1,1995,0,0,17,0,0,0,0,0,26,0
320009,1,1,1995,0,0,0,0,0,0,0,0,0,0
320010,1,1,1995,0,0,0,0,0,0,0,0,0,0
320010,2,1,1995,0,0,0,0,0,0,0,0,0,0
320010,3,1,1995,0,0,0,0,0,0,0,0,0,0
320011,1,1,1995,0,0,0,0,0,0,0,0,0,0
320011,2,1,1995,0,0,0,0,0,0,0,0,0,0
320012,1,1,1995,0,0,0,0,0,0,0,0,0,0
320012,2,1,1995,6,6,6,6,6,6,6,6,6,6
320013,1,1,1995,0,0,18,0,0,35,0,10,0,0
320014,1,1,1995,0,0,0,0,8,0,36,16,15,22
320015,0,1,1995,8,8,8,8,8,8,8,8,8,8
320015,1,1,1995,0,0,0,0,0,0,0,0,0,0
320016,0,1,1995,25,25,25,25,25,25,25,25,25,25
320016,1,1,1995,0,0,0,0,0,10,0,0,0,11
320016,2,1,1995,0,0,0,0,0,0,0,11,0,5
320017,1,1,1995,24,24,24,24,24,24,24,24,24,24
320017,2,1,1995,0,0,0,0,0,0,0,0,0,0
320018,1,1,1995,0,0,0,0,0,0,0,0,0,6
320019,0,1,1995,25,25,25,25,25,25,25,25,25,25
320019,1,1,1995,0,0,0,0,0,0,0,0,0,0
320020,1,1,1995,25,25,25,25,25,25,25,25,25,25
320021,1,1,1995,19,19,19,19,19,19,19,19,19,19
320022,0,1,1995,11,11,11,11,11,11,11,11,11,11
320022,1,1,1995,9,0,0,0,0,0,0,0,0,0
320023,1,1,1995,0,0,0,0,0,0,0,0,0,0
320024,1,1,1995,0,0,0,0,0,0,0,0,0,0
320025,0,1,1995,36,36,36,36,36,36,36,36,36,36
320025,1,1,1995,0,2,0,0,0,0,0,0,0,0
320026,1,1,1995,20,20,20,20,20,20,20,20,20,20
320026,2,1,1995,0,0,0,0,0,0,0,0,0,0
320027,1,1,1995,16,16,16,16,16,16,16,16,16,16
320028,1,1,1995,18,0,0,0,0,0,9,0,0,0
320029,1,1,1995,17,17,17,17,17,17,17,17,17,17
320029,2,1,1995,0,0,0,0,0,0,0,0,0,0
320030,1,1,1995,11,11,11,11,11,11,11,11,11,11
320030,2,1,1995,0,0,0,0,0,0,0,0,0,0
320031,0,1,1995,0,0,0,0,0,0,0,0,0,0
320031,0,2,1995,0,0,0,0,0,0,0,0,0,0
320031,1,1,1995,0,0,0,0,0,0,0,0,0,0
320032,1,1,1995,18,18,18,18,18,18,18,18,18,18
320032,2,1,1995,0,0,0,0,0,0,0,0,0,0