ST_CASE,VEH_NO,PER_NO,YEAR,P1,P2,P3,P4,P5,P6,P7,P8,P9,P10
360413,0,1,1995,27,27,27,27,27,27,27,27,27,27
360413,1,1,1995,0,0,0,0,0,0,0,0,0,0
360413,2,1,1995,0,0,0,0,0,0,0,0,0,0
360414,1,1,1995,0,0,0,0,0,0,0,0,0,0
360414,2,1,1995,0,0,0,0,0,0,0,0,0,0
360415,1,1,1995,8,25,19,13,16,22,13,15,12,20
360416,1,1,1995,0,0,0,0,0,0,0,0,0,0
360416,2,1,1995,0,0,0,0,0,0,0,0,0,0
360417,0,1,1995,0,0,0,0,0,0,0,0,0,0
360417,1,1,1995,0,0,0,0,0,0,0,0,0,14
360418,0,1,1995,0,0,0,0,0,0,0,0,0,0
360418,1,1,1995,0,0,0,0,0,0,0,0,0,0
360419,1,1,1995,0,0,0,0,0,0,0,0,0,0
360419,2,1,1995,0,0,0,0,0,0,0,0,0,0
360420,1,1,1995,6,6,6,6,6,6,6,6,6,6
360421,1,1,1995,18,12,4,16,20,5,0,8,5,0
360421,2,1,1995,0,0,0,0,0,0,0,0,0,0
360422,0,1,1995,0,0,0,0,0,0,0,0,0,0
360422,1,1,1995,0,0,0,0,0,0,0,0,0,0
360423,1,1,1995,0,0,0,0,0,0,0,0,0,0
360423,2,1,1995,0,0,0,0,0,0,0,0,0,0
360424,1,1,1995,0,0,0,0,0,0,0,0,0,0
360424,2,1,1995,0,0,0,0,0,0,0,0,0,0
360425,1,1,1995,22,22,22,22,22,22,22,22,22,22
360426,0,1,1995,0,0,0,13,0,27,0,0,11,35
360426,1,1,1995,0,0,0,0,0,0,0,0,0,0
360427,1,5,1995,0,26,20,8,15,27,18,18,0,16
360428,1,1,1995,0,0,0,0,0,0,0,0,0,0
360429,1,1,1995,2,0,0,0,0,0,0,0,0,0
360430,1,1,1995,4,4,4,4,4,4,4,4,4,4
360431,1,1,1995,0,21,23,24,0,15,31,24,14,39
360432,1,1,1995,0,0,0,0,0,0,0,0,0,0
360432,2,1,1995,0,0,0,0,0,0,0,0,0,0
360433,1,1,1995,0,0,0,0,0,0,0,0,0,0
360433,2,1,1995,0,0,0,0,0,0,0,0,0,0
360434,1,1,1995,0,0,0,0,0,0,0,0,0,0
360434,2,1,1995,0,0,0,0,0,0,0,0,0,0
360434,3,1,1995,0,0,0,0,0,0,0,0,0,0
360435,0,1,1995,16,6,0,9,0,32,20,0,21,20
360435,0,2,1995,0,0,0,0,0,0,0,0,0,0
360435,1,1,1995,0,0,0,0,0,0,0,0,0,0
360436,0,1,1995,0,16,0,0,0,0,0,19,0,0
360436,1,1,1995,0,0,0,0,0,0,0,0,0,0
360437,1,1,1995,14,14,14,14,14,14,14,14,14,14
360438,1,1,1995,0,0,0,0,0,0,0,0,0,0
360439,1,1,1995,0,0,0,0,0,0,0,0,0,0
360439,2,1,1995,0,0,0,0,0,0,0,0,0,0
360440,1,1,1995,16,0,0,0,0,0,0,0,0,0
360440,2,1,1995,21,21,21,21,21,21,21,21,21,21
360441,1,1,1995,0,25,0,26,21,12,6,22,17,12
360441,2,1,1995,0,0,0,0,0,0,0,0,0,0
360442,1,1,1995,0,0,0,0,4,0,0,0,0,0
360443,1,1,1995,10,0,0,0,0,0,0,0,0,0
360444,0,1,1995,0,30,0,0,31,0,0,0,0,7
360444,1,1,1995,0,0,0,0,0,0,0,0,0,0
360445,0,1,1995,0,0,0,0,0,0,0,0,0,0
360445,1,1,1995,0,0,0,0,0,0,0,0,0,0
360445,2,1,1995,0,0,0,0,0,0,0,0,0,0
360446,0,1,1995,0,0,0,0,0,0,0,16,0,0
360446,1,1,1995,0,0,0,0,0,0,0,0,0,0
360446,2,1,1995,0,0,0,0,0,0,0,0,0,0
360447,1,1,1995,0,0,0,0,0,0,0,0,0,0
360447,2,1,1995,0,0,0,0,0,0,0,0,0,0
360448,1,1,1995,0,0,0,0,0,0,0,0,0,0
360448,2,1,1995,0,0,0,0,0,0,0,0,0,0
360448,3,1,1995,0,0,0,0,0,0,0,0,0,0
360449,0,1,1995,0,0,0,15,0,0,0,0,0,0
360449,0,2,1995,10,29,13,0,0,17,28,10,0,0
360449,1,1,1995,0,0,0,0,0,0,0,0,0,0
360450,1,1,1995,0,0,0,0,0,0,0,0,0,0
360450,2,1,1995,0,0,0,0,0,0,0,0,0,0
360452,1,1,1995,0,0,0,0,0,0,0,0,0,0
360453,0,1,1995,0,0,0,0,0,0,0,0,0,0
360453,1,1,1995,23,0,0,12,0,0,22,0,0,0
360454,1,1,1995,0,0,0,0,0,0,0,0,0,0
360455,1,1,1995,22,22,22,22,22,22,22,22,22,22
360456,2,1,1995,0,0,0,0,0,0,0,0,0,0
360457,0,1,1995,0,0,0,0,0,0,0,0,0,0
360457,1,1,1995,24,0,0,6,0,0,14,0,0,0
360457,2,1,1995,0,0,0,0,0,0,0,0,0,0
360458,0,1,1995,15,15,15,15,15,15,15,15,15,15
360458,1,1,1995,0,0,0,0,0,0,5,0,0,0
360459,1,1,1995,0,0,0,0,0,0,0,0,0,0
360459,2,1,1995,9,9,9,9,9,9,9,9,9,9
360460,1,1,1995,0,0,0,0,0,0,0,0,0,0
360460,2,1,1995,0,0,0,0,0,0,0,0,0,0
360461,0,1,1995,0,0,0,0,0,22,7,0,0,0
360461,1,1,1995,0,0,0,0,0,0,0,0,0,0
360462,1,1,1995,0,0,0,0,0,0,0,0,0,0
360462,2,1,1995,0,12,0,0,0,0,0,0,0,0
360463,1,1,1995,0,0,0,0,0,0,0,0,0,0
360463,2,1,1995,0,0,0,0,0,0,0,0,0,0
360464,1,1,1995,0,0,0,0,0,0,0,0,0,0
360464,2,1,1995,0,0,0,0,0,0,0,0,0,0
360465,1,1,1995,23,23,23,23,23,23,23,23,23,23
360466,1,1,1995,0,0,0,0,0,0,0,10,12,22
360466,2,1,1995,0,0,0,0,0,0,0,0,0,0
360467,0,1,1995,0,0,0,0,0,0,0,0,0,0
360467,1,1,1995,0,0,0,0,0,16,0,0,0,0
360468,0,1,1995,0,0,0,0,0,0,0,0,0,0
360468,1,1,1995,0,0,0,11,33,8,11,28,0,0
360469,0,1,1995,5,5,5,5,5,5,5,5,5,5
360469,1,1,1995,0,0,0,0,0,0,0,0,0,0
360470,1,1,1995,3,3,3,3,3,3,3,3,3,3
360470,2,1,1995,0,0,0,0,0,0,0,0,0,0
360470,3,1,1995,0,0,0,0,0,0,0,0,0,0
360471,1,1,1995,0,0,0,0,0,0,0,0,0,0
360471,2,1,1995,5,0,0,0,0,0,0,0,0,0
360472,0,1,1995,0,0,0,0,0,0,0,0,0,0
360472,1,1,1995,0,0,0,0,0,0,0,0,0,0
360473,1,1,1995,0,0,0,0,0,0,0,0,0,0
360473,2,1,1995,0,0,0,0,0,0,0,0,0,4
360474,1,1,1995,0,0,0,0,0,0,0,0,0,0
360474,2,1,1995,1,1,1,1,1,1,1,1,1,1
360475,1,1,1995,4,4,4,4,4,4,4,4,4,4
360476,1,1,1995,0,0,0,0,0,0,0,0,0,0
360477,1,1,1995,8,8,8,8,8,8,8,8,8,8
360478,1,1,1995,0,0,0,0,0,0,0,15,0,0
360478,2,1,1995,0,0,0,0,0,0,0,0,0,0
360479,1,1,1995,13,20,0,0,6,8,0,13,0,8
360480,0,1,1995,0,0,0,0,0,0,0,0,0,0
360480,1,1,1995,0,0,0,0,0,0,0,0,0,0
360481,1,1,1995,0,0,0,0,0,0,0,0,0,0
360482,1,1,1995,28,9,11,18,0,10,5,16,34,0
360483,1,1,1995,0,0,0,0,0,11,0,0,0,0
360484,0,1,1995,0,0,0,0,0,0,0,0,0,0
360484,1,1,1995,0,0,0,0,0,0,0,0,0,0
360485,0,1,1995,5,5,5,5,5,5,5,5,5,5
360485,1,1,1995,0,0,0,0,0,0,8,0,0,0
360486,1,1,1995,0,0,0,0,0,0,0,0,0,0
360487,0,1,1995,0,0,0,0,0,0,0,0,0,0
360487,1,1,1995,0,0,0,0,0,0,0,0,0,0
360488,1,1,1995,0,0,0,0,0,0,0,0,0,14
360488,2,1,1995,0,0,0,0,0,0,0,0,0,0
360489,1,1,1995,14,5,14,12,15,11,13,17,14,38
360489,2,1,1995,0,0,22,16,6,0,0,0,17,0
360490,1,1,1995,0,0,11,0,0,0,0,16,0,0
360491,0,1,1995,0,0,0,0,0,0,0,0,0,0
360491,1,1,1995,0,0,0,0,0,0,0,0,0,0
360492,1,1,1995,0,0,0,0,0,0,0,0,12,0
360492,2,1,1995,0,0,0,0,0,0,0,0,0,0
360493,1,1,1995,0,0,0,0,0,0,0,7,0,0
360494,1,1,1995,0,0,0,0,0,0,0,0,4,0
360495,1,1,1995,0,0,0,0,0,0,0,0,0,0
360495,2,1,1995,0,0,0,0,0,0,0,0,0,0
360495,3,1,1995,0,0,0,0,0,0,0,0,0,0
360496,1,1,1995,0,0,0,0,0,0,0,0,0,0
360496,2,1,1995,0,0,0,0,0,0,0,0,0,0
360497,1,1,1995,13,24,18,3,12,9,15,17,26,9
360498,1,1,1995,0,0,0,0,0,0,0,0,0,0
360499,1,1,1995,14,14,14,14,14,14,14,14,14,14
360500,1,1,1995,0,0,0,0,0,0,0,0,9,0
360500,2,1,1995,0,0,0,0,0,0,0,0,13,0
360501,1,1,1995,0,0,0,0,0,0,0,0,0,0
360502,1,1,1995,0,0,0,0,0,0,0,0,0,0
360502,2,1,1995,0,0,0,0,0,0,0,0,0,0
360503,1,1,1995,0,0,0,0,0,0,0,0,0,0
360503,2,1,1995,0,0,0,0,0,0,0,0,0,0
360504,1,1,1995,7,7,7,7,7,7,7,7,7,7
360505,0,1,1995,16,0,0,0,12,21,26,33,14,17
360505,1,1,1995,15,0,0,0,0,0,0,0,0,0
360506,1,1,1995,0,0,0,0,0,0,0,0,0,0
360506,2,1,1995,0,0,0,0,0,0,0,0,0,0
360507,1,1,1995,0,10,0,17,11,0,0,16,0,16
360508,1,1,1995,22,22,22,22,22,22,22,22,22,22
360509,1,1,1995,15,15,15,15,15,15,15,15,15,15
360509,2,1,1995,0,0,0,0,0,0,0,0,0,0
360510,1,1,1995,0,0,0,0,0,0,0,0,0,0
360510,2,1,1995,0,0,0,0,0,0,0,0,0,0
360511,1,1,1995,0,0,0,0,0,0,0,0,0,0
360511,2,1,1995,0,0,0,0,0,0,0,0,0,12
360512,1,1,1995,0,0,0,0,0,0,0,0,0,0
360512,2,1,1995,0,0,0,0,0,0,0,0,0,0
360513,1,1,1995,0,0,0,0,0,0,0,0,0,0
360513,2,1,1995,0,0,0,5,0,0,0,0,0,21
360514,0,1,1995,0,0,0,0,0,0,0,0,0,0
360514,1,1,1995,0,0,0,0,0,0,0,0,0,0
360514,2,1,1995,0,0,0,0,0,0,0,0,0,0
360515,0,1,1995,0,0,0,0,0,0,0,0,0,0
360515,1,1,1995,0,0,0,0,0,0,0,0,0,5
360516,1,1,1995,0,0,19,0,0,0,31,0,0,0
360517,1,1,1995,0,0,0,0,0,0,0,0,0,0
360517,2,1,1995,0,0,0,0,7,0,0,0,0,0
360517,3,1,1995,0,0,0,0,0,0,0,0,0,15
360518,1,1,1995,0,0,0,0,0,0,0,0,0,0
360518,2,1,1995,0,0,0,0,0,0,0,0,0,0
360519,1,1,1995,0,0,0,0,0,0,0,0,0,0
360519,2,1,1995,21,21,21,21,21,21,21,21,21,21
360520,1,1,1995,0,0,0,0,0,0,0,0,0,0
360520,2,1,1995,0,0,0,0,0,0,0,0,0,0
360521,1,1,1995,0,0,0,0,0,0,0,0,0,0
360521,2,1,1995,0,0,0,0,0,0,0,0,0,0
360522,1,1,1995,0,0,0,0,0,0,0,0,0,0
360522,2,1,1995,0,0,0,0,0,0,0,0,0,0
360522,3,1,1995,0,0,0,0,0,0,0,0,0,0
360523,1,1,1995,0,0,0,0,0,0,0,0,0,0
360524,0,1,1995,0,0,0,0,0,0,0,0,0,0
360524,1,1,1995,0,0,0,0,0,0,0,0,0,0
360525,0,1,1995,22,22,22,22,22,22,22,22,22,22
360525,1,1,1995,0,0,32,0,0,0,0,28,0,0
360525,2,1,1995,0,0,0,0,0,0,0,0,0,0
360526,1,1,1995,26,26,26,26,26,26,26,26,26,26
360527,1,1,1995,0,5,0,0,0,0,0,0,0,17
360528,0,1,1995,0,0,0,0,0,0,0,0,0,0
360528,1,1,1995,0,0,0,0,0,0,0,0,0,0
360529,1,1,1995,0,0,0,0,0,0,0,0,0,0
360529,2,1,1995,0,0,0,0,0,0,0,0,0,0
360530,1,1,1995,0,0,0,0,0,0,0,0,0,0
360530,2,1,1995,0,0,0,0,0,0,0,0,0,0
360531,0,1,1995,19,19,19,19,19,19,19,19,19,19
360531,1,1,1995,26,0,0,0,0,0,0,0,0,0
360532,1,1,1995,0,0,0,0,0,0,0,0,0,0
360532,2,1,1995,16,15,10,15,32,9,0,11,12,18
360533,0,1,1995,0,0,0,0,0,0,0,0,0,0
360533,1,1,1995,0,10,0,0,12,0,0,0,0,0
360534,1,1,1995,0,0,0,0,0,0,0,0,0,0
360534,2,1,1995,0,0,0,0,0,0,0,0,0,0
360535,1,1,1995,5,5,5,5,5,5,5,5,5,5
360536,1,1,1995,21,21,21,21,21,21,21,21,21,21
360537,1,1,1995,9,9,9,9,9,9,9,9,9,9
360538,1,1,1995,5,5,5,5,5,5,5,5,5,5
360539,1,1,1995,0,0,0,0,0,0,0,0,0,0
360539,2,1,1995,0,0,0,0,0,0,0,0,0,0
360540,1,1,1995,0,0,0,0,0,0,0,0,0,0
360541,1,1,1995,0,0,0,0,0,0,0,0,0,0
360541,2,1,1995,0,0,0,0,0,0,0,0,0,0
360542,0,1,1995,0,0,0,0,0,0,0,0,0,0
360542,1,1,1995,15,15,15,15,15,15,15,15,15,15
360543,1,1,1995,21,32,18,46,30,17,42,25,14,36
360544,1,1,1995,0,0,0,23,19,0,30,0,26,0
360545,1,1,1995,0,0,0,0,0,0,0,0,0,0
360546,1,1,1995,0,0,0,0,0,0,0,0,0,0
360547,0,1,1995,0,0,0,0,0,0,0,0,0,0
360547,1,1,1995,0,0,0,0,0,0,0,0,0,0
360548,1,1,1995,0,0,0,0,0,0,0,0,0,0
360548,2,1,1995,0,0,0,0,0,18,0,0,0,0
360549,0,1,1995,0,19,8,0,14,24,29,17,0,0
360549,1,1,1995,0,0,0,0,13,0,0,8,10,0
360550,1,1,1995,0,0,0,0,0,0,0,0,0,0
360550,2,1,1995,0,0,0,0,0,0,0,0,0,0
360551,1,1,1995,0,0,0,0,0,0,0,0,0,0
360551,2,1,1995,4,4,4,4,4,4,4,4,4,4
360552,1,1,1995,7,7,7,7,7,7,7,7,7,7
360553,1,1,1995,0,0,0,0,0,0,0,0,0,6
360553,2,1,1995,0,0,0,0,0,0,0,0,0,0
360554,1,1,1995,28,0,0,20,17,0,0,0,0,0
360555,1,1,1995,9,9,9,9,9,9,9,9,9,9
360556,1,1,1995,0,0,0,0,0,0,0,0,0,0
360556,2,1,1995,0,0,0,0,0,0,0,0,0,0
360557,1,1,1995,0,0,0,0,0,0,0,0,0,0
360557,2,1,1995,0,0,0,0,0,0,0,0,0,0
360558,1,1,1995,0,0,0,0,0,0,0,0,0,0
360559,1,1,1995,0,0,0,0,0,0,0,0,0,0
360560,1,1,1995,20,20,20,20,20,20,20,20,20,20
360560,2,1,1995,0,0,0,0,0,0,0,0,0,0
360561,0,1,1995,0,0,0,0,0,0,0,0,0,0
360561,1,1,1995,0,0,0,0,0,0,0,0,0,0
360562,1,1,1995,0,0,0,0,0,0,0,0,0,0
360563,1,1,1995,0,0,0,0,0,0,0,0,0,0
360563,2,1,1995,0,0,0,0,0,0,0,0,0,0
360564,1,1,1995,15,15,15,15,15,15,15,15,15,15
360564,2,1,1995,0,0,0,9,0,0,0,0,0,0
360565,0,1,1995,0,0,0,0,0,0,0,0,0,0
360565,1,1,1995,0,0,0,0,0,0,0,0,0,0
360566,1,1,1995,7,7,7,7,7,7,7,7,7,7
360567,1,1,1995,27,27,27,27,27,27,27,27,27,27
360568,1,1,1995,0,0,0,0,0,0,0,0,0,0
360568,2,1,1995,0,0,0,0,0,0,0,0,0,0
360568,3,1,1995,0,0,0,0,0,0,0,0,0,0
360569,1,1,1995,0,0,0,0,0,0,18,0,0,0
360569,2,1,1995,0,0,0,0,0,0,0,0,0,0
360570,0,1,1995,0,0,0,0,0,0,0,0,0,0
360570,1,1,1995,0,0,0,0,0,0,0,0,0,0
360570,2,1,1995,0,0,0,0,0,0,0,0,0,0
360570,3,1,1995,0,0,0,0,0,0,0,0,0,0
360571,1,1,1995,0,14,0,0,0,25,0,0,0,0
360572,0,1,1995,0,0,0,0,0,0,0,0,0,0
360572,1,1,1995,0,0,0,0,0,0,0,0,0,0
360573,1,1,1995,0,12,0,0,0,12,13,0,0,0
360574,1,1,1995,8,8,8,8,8,8,8,8,8,8
360574,2,1,1995,0,0,0,0,0,0,0,0,0,0
360575,1,1,1995,26,26,26,26,26,26,26,26,26,26
360576,1,1,1995,0,0,0,0,0,0,0,0,0,0
360577,1,1,1995,0,0,0,0,0,0,0,0,0,0
360577,2,1,1995,0,0,0,0,0,0,0,0,0,0
360578,1,1,1995,0,0,0,0,0,0,0,0,0,0
360578,2,1,1995,2,2,2,2,2,2,2,2,2,2
360579,1,1,1995,15,15,15,15,15,15,15,15,15,15
360580,0,1,1995,0,0,0,0,0,0,0,0,0,0
360580,1,1,1995,23,23,29,17,11,21,20,14,22,17
360582,0,1,1995,21,9,0,0,0,0,0,16,0,0
360582,1,1,1995,16,16,16,16,16,16,16,16,16,16
360583,1,1,1995,9,9,9,9,9,9,9,9,9,9
360584,1,1,1995,17,17,17,17,17,17,17,17,17,17
360585,1,1,1995,0,0,0,0,0,0,0,0,0,0
360585,2,1,1995,0,0,0,0,0,0,0,0,0,0
360586,1,1,1995,0,0,0,0,0,0,0,0,0,0
360586,2,1,1995,0,0,0,0,0,0,0,0,0,0
360586,3,1,1995,0,0,0,0,0,0,0,0,0,0
360587,0,1,1995,12,12,12,12,12,12,12,12,12,12
360587,1,1,1995,0,0,0,0,0,0,0,0,0,0
360588,1,1,1995,0,0,0,0,0,0,0,0,0,0
360588,2,1,1995,0,0,0,0,0,0,19,0,0,0
360588,3,1,1995,0,0,0,0,0,0,0,0,0,0
360589,1,1,1995,0,20,0,18,0,0,0,0,0,0
360590,1,1,1995,0,0,0,0,0,0,0,0,0,0
360591,0,1,1995,22,20,15,35,15,43,8,0,0,28
360591,2,1,1995,20,0,0,0,6,0,0,24,0,0
360592,0,1,1995,25,25,25,25,25,25,25,25,25,25
360592,1,1,1995,0,0,0,0,0,0,0,0,0,0
360592,2,1,1995,0,0,0,0,0,0,0,0,0,0
360592,3,1,1995,20,25,16,18,11,12,17,0,18,8
360593,0,1,1995,0,0,0,0,0,0,0,0,0,0
360593,0,2,1995,0,0,0,31,0,9,0,0,0,0
360593,1,1,1995,0,0,0,0,0,0,0,23,0,0
360594,1,1,1995,0,0,0,0,0,0,0,5,0,0
360594,2,1,1995,1,1,1,1,1,1,1,1,1,1
360595,1,1,1995,10,0,0,0,0,0,0,0,0,20
360596,1,1,1995,25,9,12,16,6,25,17,18,18,18
360597,1,1,1995,0,0,0,0,0,0,0,0,0,0
360598,1,1,1995,0,0,0,0,0,0,0,0,0,0
360598,2,1,1995,0,0,0,0,0,0,15,0,0,35
360599,1,1,1995,15,11,8,0,13,0,19,14,10,11
360600,0,1,1995,0,0,0,0,0,0,0,0,0,0
360600,1,1,1995,0,0,0,0,0,0,0,0,0,0
360601,0,1,1995,0,0,0,0,0,0,0,0,0,0
360601,1,1,1995,0,0,0,0,0,0,0,0,0,0
360602,1,1,1995,28,21,17,27,22,24,16,20,14,19
360603,1,1,1995,0,0,0,0,0,0,0,0,0,0
360603,2,1,1995,0,0,0,0,0,0,0,0,0,0
360603,3,1,1995,0,0,0,0,0,0,0,0,0,0
360603,4,1,1995,0,0,0,0,0,0,0,0,0,0
360604,0,1,1995,0,0,0,0,0,0,0,0,0,0
360604,1,1,1995,0,0,0,0,0,0,0,0,0,0
360605,1,1,1995,14,14,14,14,14,14,14,14,14,14
360605,2,1,1995,0,0,0,17,0,0,0,0,0,0
360606,0,1,1995,0,0,0,0,0,0,0,0,0,0
360606,1,1,1995,0,0,0,0,0,8,0,0,0,0
360607,0,1,1995,0,0,0,0,0,0,0,0,0,0
360607,1,1,1995,0,0,0,0,0,0,0,0,0,0
360608,0,1,1995,0,0,0,0,0,0,0,5,0,0
360608,1,1,1995,0,0,0,0,0,0,0,0,0,0
360609,1,1,1995,16,5,9,20,16,15,16,15,18,10
360610,1,1,1995,0,0,0,0,0,0,0,0,0,0
360611,0,1,1995,0,0,0,0,0,0,0,0,0,24
360611,2,1,1995,0,0,0,0,0,0,0,0,0,0
360612,1,1,1995,0,0,0,0,0,0,0,0,0,0
360613,1,1,1995,0,0,0,0,0,0,0,0,0,0
360614,1,1,1995,0,0,0,0,0,0,0,0,0,0
360615,1,1,1995,0,0,0,0,0,0,0,0,0,0
360616,1,1,1995,0,0,0,0,0,0,0,0,0,0
360616,2,1,1995,0,0,0,0,0,0,0,0,0,0
360617,0,1,1995,0,0,0,0,0,0,0,0,0,0
360617,1,1,1995,0,0,0,0,0,0,0,0,0,0
360618,0,1,1995,0,0,0,0,0,0,0,0,0,0
360618,1,1,1995,0,0,0,0,0,0,0,0,0,0
360619,1,1,1995,0,0,0,0,0,0,0,0,0,0
360620,1,1,1995,12,13,4,15,10,19,15,5,15,11
360620,2,1,1995,0,0,0,0,0,0,0,0,0,0
360620,3,1,1995,0,0,0,0,0,0,0,0,0,0
360621,1,1,1995,0,0,0,0,0,0,0,0,0,0
360621,2,1,1995,0,0,0,0,0,0,0,0,0,0
360622,1,1,1995,16,17,4,13,28,25,16,0,6,12
360623,0,1,1995,0,0,0,0,0,0,0,0,0,0
360623,1,1,1995,0,0,0,17,0,0,0,0,0,0
360624,1,1,1995,0,0,0,0,0,0,0,0,0,0
360624,2,1,1995,0,0,0,0,0,0,0,0,0,0
360624,3,1,1995,0,0,0,0,0,0,0,0,0,0
360625,1,1,1995,0,0,0,0,0,0,0,0,0,0
360626,1,1,1995,1,1,1,1,1,1,1,1,1,1
360626,2,1,1995,0,0,0,0,0,0,0,0,0,0
360627,1,1,1995,0,0,0,0,0,0,0,0,0,0
360627,2,1,1995,0,0,0,0,0,0,0,0,0,0
360628,1,1,1995,14,14,14,14,14,14,14,14,14,14
360629,1,1,1995,0,0,0,0,0,0,0,0,0,0
360629,2,1,1995,0,0,0,0,0,0,0,0,0,0
360630,1,1,1995,20,20,20,20,20,20,20,20,20,20
360631,1,1,1995,0,0,0,0,0,0,0,0,0,0
360631,2,1,1995,0,0,0,0,0,0,0,0,0,0
360632,1,1,1995,0,0,0,0,0,0,0,0,0,0
360632,2,1,1995,3,0,0,0,0,0,0,0,0,0
360633,1,1,1995,0,0,0,0,0,0,0,0,0,0
360634,1,1,1995,0,0,0,0,0,0,0,0,0,0
360635,1,1,1995,0,0,0,0,0,0,0,0,0,0
360635,2,1,1995,0,0,0,0,0,0,0,0,0,0
360636,1,1,1995,0,0,0,0,0,0,0,0,0,0
360636,2,1,1995,0,0,0,0,0,0,0,0,0,0
360637,1,1,1995,0,0,0,0,0,0,0,0,20,0
360637,2,1,1995,0,0,0,0,0,0,0,7,0,0
360638,1,1,1995,0,0,0,0,0,0,0,0,0,0
360638,2,1,1995,0,0,0,28,0,0,0,0,0,0
360639,1,1,1995,21,20,0,0,0,0,0,9,0,0
360639,2,1,1995,0,0,0,0,0,0,0,0,0,0
360639,3,1,1995,0,0,0,29,0,0,0,0,0,0
360640,1,2,1995,9,9,9,9,9,9,9,9,9,9
360641,1,1,1995,0,0,0,0,0,0,0,0,0,0
360641,2,1,1995,0,0,0,0,0,0,0,0,0,0
360642,1,1,1995,0,0,0,0,0,0,0,0,0,0
360642,2,1,1995,14,0,0,0,0,0,0,0,14,0
360643,1,1,1995,1,1,1,1,1,1,1,1,1,1
360644,0,1,1995,0,0,0,0,0,0,0,0,0,0
360644,1,1,1995,0,0,0,0,0,0,0,0,11,0
360645,1,1,1995,0,0,0,0,0,0,0,0,0,0
360646,0,1,1995,0,0,0,0,0,0,0,0,0,0
360646,1,1,1995,0,0,0,0,0,0,0,0,0,0
360647,1,1,1995,0,0,0,0,0,0,0,0,0,0
360647,2,1,1995,0,0,0,0,0,0,0,0,0,0
360648,0,1,1995,0,0,0,0,0,0,0,0,0,0
360648,0,2,1995,0,0,0,0,0,0,0,14,41,0
360648,1,1,1995,0,0,0,0,0,0,0,0,0,0
360649,1,1,1995,0,0,15,0,6,0,0,0,0,0
360649,2,1,1995,0,0,0,0,0,0,0,0,0,0
360650,1,1,1995,0,2,0,0,0,0,0,0,0,0
360651,1,1,1995,4,4,4,4,4,4,4,4,4,4
360652,1,1,1995,0,0,0,0,0,0,0,0,0,0
360652,2,1,1995,0,0,0,0,0,0,0,0,0,0
360653,1,1,1995,0,0,0,0,0,0,0,0,0,0
360654,0,1,1995,30,0,14,15,0,12,9,25,26,22
360654,1,1,1995,0,0,0,0,0,0,0,0,0,0
360655,1,1,1995,5,5,5,5,5,5,5,5,5,5
360655,2,1,1995,0,0,0,0,0,0,0,0,0,0
360656,0,1,1995,10,10,10,10,10,10,10,10,10,10
360656,1,1,1995,0,0,0,0,0,0,17,0,0,0
360657,0,1,1995,0,0,0,0,0,0,0,0,0,0
360657,0,2,1995,0,0,0,21,0,0,0,0,0,0
360657,0,3,1995,0,0,0,5,0,13,0,0,0,0
360657,1,1,1995,0,0,0,0,0,0,0,0,0,0
360658,1,1,1995,8,8,8,8,8,8,8,8,8,8
360659,1,1,1995,0,0,0,0,0,0,0,0,0,0
360660,1,1,1995,0,0,0,0,0,0,0,0,0,0
360661,1,1,1995,0,0,0,0,0,0,0,0,0,0
360661,2,1,1995,15,16,11,5,13,32,22,25,31,17
360662,1,1,1995,0,0,0,0,0,0,0,0,0,0
360662,2,1,1995,0,0,0,0,0,0,0,0,0,0
360663,0,1,1995,0,0,0,0,0,0,0,0,0,0
360663,1,1,1995,0,0,0,0,0,0,0,0,0,0
360664,1,1,1995,0,0,0,0,0,0,0,0,0,0
360665,1,1,1995,0,0,0,0,0,0,0,0,0,0
360665,2,1,1995,0,0,0,0,0,0,0,0,0,0
360666,1,1,1995,0,0,0,0,0,0,0,0,0,0
360666,2,1,1995,0,0,0,0,0,0,0,0,0,0
360666,3,1,1995,0,0,0,0,0,11,0,0,0,0
360667,0,1,1995,0,0,0,0,0,0,0,0,0,0
360667,1,1,1995,30,19,15,19,10,3,0,23,14,10
360668,0,1,1995,0,0,0,0,0,0,0,0,0,0
360668,1,1,1995,0,0,0,0,0,0,0,0,0,0
360669,1,1,1995,0,0,0,0,0,0,0,0,0,0
360669,2,1,1995,0,0,0,0,0,0,0,0,0,0
360670,1,1,1995,28,28,28,28,28,28,28,28,28,28
360671,1,1,1995,0,0,0,0,0,0,0,0,0,0
360671,2,1,1995,0,0,0,0,0,0,0,0,0,0
360672,1,1,1995,0,0,0,0,0,0,0,0,0,0
360673,1,1,1995,0,0,0,0,0,0,0,0,0,0
360674,1,1,1995,36,36,36,36,36,36,36,36,36,36
360675,1,1,1995,0,0,0,0,0,0,0,0,0,0
360675,2,1,1995,0,0,14,0,0,0,0,0,0,0
360676,1,1,1995,0,0,0,0,0,0,0,0,0,0
360676,2,1,1995,0,0,0,0,0,0,0,0,0,0
360677,1,1,1995,9,0,0,11,0,0,0,12,10,16
360678,1,1,1995,26,26,26,26,26,26,26,26,26,26
360679,1,1,1995,0,0,0,0,0,0,0,0,0,0
360680,1,1,1995,0,0,0,0,0,0,0,0,0,0
360680,2,1,1995,0,0,0,0,0,0,0,0,0,0
360681,1,1,1995,0,0,0,0,0,0,0,3,0,0
360682,0,1,1995,0,0,0,0,0,0,0,0,0,0
360682,1,1,1995,0,0,0,0,0,0,9,0,0,13
360683,1,1,1995,0,0,0,0,0,0,0,0,0,0
360684,1,1,1995,0,0,0,0,0,0,0,0,0,0
360684,2,1,1995,0,0,0,0,0,0,0,0,0,0
360685,0,1,1995,0,0,0,0,0,0,0,0,0,0
360685,1,1,1995,13,0,28,0,0,0,0,0,0,12