ST_CASE,VEH_NO,PER_NO,YEAR,P1,P2,P3,P4,P5,P6,P7,P8,P9,P10
370981,1,1,1995,0,0,0,0,9,0,0,0,0,0
370982,0,1,1995,0,0,0,0,0,0,0,0,0,0
370982,1,1,1995,0,0,0,0,0,0,0,0,0,0
370983,1,1,1995,0,0,0,0,0,0,0,0,0,0
370983,2,1,1995,0,0,0,0,0,0,0,0,0,0
370984,1,1,1995,12,12,12,12,12,12,12,12,12,12
370985,0,1,1995,0,0,0,0,0,0,0,0,0,0
370985,1,1,1995,0,0,0,0,0,0,0,0,0,0
370986,1,1,1995,0,0,0,0,0,0,0,0,0,15
370987,1,1,1995,18,18,18,18,18,18,18,18,18,18
370987,2,1,1995,0,0,0,10,0,0,0,0,0,0
370989,1,1,1995,0,0,0,0,0,0,0,0,0,0
370990,1,1,1995,0,0,0,0,0,0,0,0,0,0
370990,2,1,1995,0,0,0,0,0,0,0,0,0,0
370991,0,1,1995,0,0,0,0,0,0,0,0,0,0
370991,1,1,1995,0,0,0,0,0,0,0,0,0,0
370992,0,1,1995,16,16,16,16,16,16,16,16,16,16
370992,0,2,1995,0,19,30,23,9,23,0,15,11,0
370992,1,1,1995,0,0,0,0,0,0,0,0,0,0
370993,1,1,1995,24,24,21,24,18,5,13,7,21,7
370994,1,1,1995,15,10,11,10,21,23,8,31,33,19
370995,1,1,1995,0,0,24,0,12,0,22,13,0,16
370996,1,1,1995,19,7,15,29,0,13,19,21,11,23
370997,1,1,1995,0,0,0,0,0,0,0,0,0,0
370997,2,1,1995,0,0,0,0,0,0,0,0,0,0
370998,1,1,1995,0,0,0,0,0,0,0,0,0,0
370999,1,1,1995,0,0,0,0,0,0,0,0,0,0
370999,2,1,1995,0,0,0,0,0,0,0,0,0,0
371000,1,1,1995,0,0,0,0,0,0,0,0,0,0
371001,1,1,1995,0,0,0,0,0,0,0,0,0,0
371001,2,1,1995,0,0,20,0,0,0,17,23,0,0
371002,1,1,1995,0,0,0,0,0,0,7,0,0,0
371002,2,1,1995,20,20,20,20,20,20,20,20,20,20
371003,0,1,1995,25,30,35,34,15,16,14,34,0,18
371003,1,1,1995,0,0,35,0,11,21,0,35,16,17
371004,1,1,1995,0,0,0,0,0,0,0,0,0,0
371004,2,1,1995,0,0,0,0,0,0,0,0,0,0
371005,1,1,1995,0,0,0,0,0,0,0,0,0,0
371005,2,1,1995,0,0,0,0,0,0,0,0,0,0
371006,0,1,1995,23,23,23,23,23,23,23,23,23,23
371006,1,1,1995,0,0,0,0,0,5,0,0,0,0
371007,0,1,1995,0,0,0,0,0,0,0,0,0,0
371007,1,1,1995,3,12,14,0,0,27,13,0,16,14
371008,1,1,1995,32,32,32,32,32,32,32,32,32,32
371009,1,1,1995,0,0,0,0,0,0,0,0,0,4
371009,2,1,1995,10,10,10,10,10,10,10,10,10,10
371010,1,1,1995,0,0,0,0,0,0,0,0,0,0
371011,1,1,1995,0,0,0,0,0,0,0,0,0,0
371012,1,1,1995,0,0,0,0,0,0,0,0,0,0
371012,2,1,1995,13,0,0,0,0,0,7,0,0,21
371012,3,1,1995,0,0,0,0,0,0,0,0,0,0
371013,1,1,1995,0,0,0,0,0,0,0,0,0,0
371013,2,1,1995,0,0,0,0,0,0,0,0,0,0
371013,3,1,1995,0,0,0,0,0,0,0,0,0,0
371014,1,1,1995,0,0,0,0,0,0,0,0,0,0
371014,2,1,1995,0,0,0,0,0,0,0,0,0,0
371015,1,1,1995,0,0,0,0,0,0,0,0,0,0
371015,2,1,1995,0,0,0,0,0,0,0,0,0,0
371016,1,1,1995,0,0,0,0,0,0,0,0,0,0
371016,2,1,1995,0,0,0,0,0,0,0,0,0,0
371017,0,1,1995,0,0,0,0,0,0,0,0,0,0
371017,1,1,1995,0,0,0,0,0,0,0,0,0,0
371018,0,1,1995,0,0,0,0,0,0,0,0,0,0
371018,1,1,1995,0,0,0,0,0,0,0,0,0,0
371019,1,1,1995,0,0,0,0,0,0,0,0,0,0
371019,2,1,1995,0,0,0,0,0,0,0,0,0,0
371020,1,1,1995,0,0,0,0,0,27,0,0,0,0
371020,2,1,1995,0,0,0,0,0,0,0,0,0,0
371021,1,1,1995,20,20,20,20,20,20,20,20,20,20
371022,1,1,1995,21,21,21,21,21,21,21,21,21,21
371023,1,1,1995,13,14,15,0,10,4,10,12,8,16
371024,1,1,1995,0,0,0,0,0,0,0,0,0,0
371024,2,1,1995,0,0,0,0,0,0,0,0,0,0
371025,1,1,1995,15,17,10,17,11,19,14,20,15,8
371025,2,1,1995,0,0,0,0,0,0,0,0,0,0
371026,1,1,1995,0,0,0,0,0,0,0,0,0,0
371026,2,1,1995,0,0,0,0,0,0,0,3,0,0
371027,1,1,1995,0,0,0,0,0,0,0,0,0,0
371027,2,1,1995,0,0,0,0,0,0,0,0,0,0
371027,3,1,1995,0,0,0,0,0,0,0,0,0,0
371028,1,1,1995,0,0,0,0,0,0,0,0,0,0
371029,1,1,1995,0,0,0,0,0,0,0,0,0,0
371029,2,1,1995,0,0,0,0,0,0,0,0,0,0
371030,1,1,1995,0,0,0,0,0,0,0,0,0,0
371030,2,1,1995,0,0,0,0,0,0,0,0,0,0
371031,1,1,1995,0,0,0,0,0,0,0,0,0,0
371031,2,1,1995,0,0,0,0,0,0,0,0,0,0
371031,3,1,1995,0,0,0,0,0,0,0,0,0,0
371032,1,1,1995,0,0,0,0,0,0,0,0,0,0
371033,1,1,1995,0,0,0,0,0,0,0,0,0,0
371033,2,1,1995,0,0,0,0,0,0,0,0,0,0
371034,1,1,1995,0,0,0,0,0,0,0,0,0,0
371035,1,1,1995,20,20,20,20,20,20,20,20,20,20
371036,1,1,1995,0,0,0,0,0,0,0,0,0,0
371037,1,1,1995,0,0,0,0,34,0,0,0,8,0
371038,1,1,1995,0,0,0,0,0,0,0,0,0,0
371039,1,1,1995,4,13,10,32,24,13,17,21,12,21
371039,2,1,1995,0,0,0,0,0,0,0,0,0,0
371040,1,1,1995,26,26,26,26,26,26,26,26,26,26
371041,1,1,1995,0,0,0,0,0,0,27,0,0,0
371041,2,1,1995,0,0,0,0,0,0,0,0,0,0
371042,0,1,1995,10,10,10,10,10,10,10,10,10,10
371042,1,1,1995,0,0,0,0,0,0,0,0,0,0
371044,1,1,1995,0,24,0,0,0,11,0,0,0,0
371044,2,1,1995,0,0,0,0,0,0,0,0,0,0
371045,1,1,1995,0,0,0,0,0,0,0,0,0,0
371046,0,1,1995,18,13,10,13,20,27,17,12,24,9
371046,1,1,1995,16,0,0,0,0,0,0,0,0,0
371047,1,1,1995,0,0,0,0,0,0,0,0,0,0
371047,2,1,1995,0,0,0,0,0,0,0,0,0,0
371048,1,1,1995,0,0,0,0,0,0,0,0,0,0
371049,1,1,1995,0,0,0,0,0,0,0,0,0,0
371049,2,1,1995,21,21,21,21,21,21,21,21,21,21
371050,1,1,1995,14,14,14,14,14,14,14,14,14,14
371051,1,1,1995,0,0,0,0,0,0,0,0,0,0
371052,1,1,1995,0,0,0,0,0,0,0,0,0,0
371053,1,1,1995,19,19,19,19,19,19,19,19,19,19
371054,1,1,1995,20,20,20,20,20,20,20,20,20,20
371055,1,1,1995,0,0,0,0,0,0,0,0,0,0
371055,2,1,1995,0,0,0,0,0,0,0,0,0,0
371056,1,1,1995,0,0,0,0,0,0,0,0,0,0
371056,2,1,1995,0,0,0,0,0,0,0,0,0,0
371057,1,1,1995,0,0,0,0,0,0,0,0,0,0
371057,2,1,1995,0,0,0,0,0,0,0,0,0,0
371058,1,1,1995,0,0,0,0,0,0,0,0,0,0
371058,2,1,1995,0,0,0,0,0,0,0,0,0,0
371058,3,1,1995,0,0,0,0,0,0,0,0,0,0
371058,4,1,1995,0,0,0,0,0,0,0,0,0,0
371059,1,1,1995,0,0,0,0,0,0,0,0,0,0
371059,2,1,1995,0,0,0,0,0,0,0,0,0,0
371059,3,1,1995,0,0,0,0,0,0,0,0,0,0
371059,4,1,1995,0,0,0,0,0,0,0,0,0,0
371060,1,1,1995,25,25,25,25,25,25,25,25,25,25
371061,0,1,1995,0,0,0,0,0,0,0,23,0,4
371062,1,1,1995,0,0,0,0,0,0,0,0,0,0
371062,2,1,1995,0,0,0,0,0,0,0,0,0,0
371063,1,1,1995,19,0,14,16,22,14,0,8,22,7
371064,0,1,1995,0,0,0,0,0,0,0,0,0,0
371064,1,1,1995,0,0,0,0,0,0,0,0,0,0
371064,2,1,1995,0,0,0,0,0,0,0,0,0,0
371065,1,1,1995,26,26,26,26,26,26,26,26,26,26
371066,1,1,1995,0,0,0,0,0,0,0,0,0,0
371066,2,1,1995,0,0,0,0,0,0,0,0,0,0
371067,1,1,1995,0,0,0,0,0,0,0,0,0,0
371067,2,1,1995,0,0,0,0,0,0,0,0,0,0
371068,0,1,1995,6,0,0,0,21,0,15,0,15,45
371068,1,1,1995,0,0,0,0,0,0,0,0,0,0
371069,1,1,1995,36,36,36,36,36,36,36,36,36,36
371069,2,1,1995,0,0,0,0,0,0,0,0,0,0
371070,1,1,1995,0,0,0,0,0,0,0,0,0,0
371071,1,1,1995,0,0,0,0,0,0,0,0,0,0
371071,2,1,1995,0,0,0,0,0,0,0,0,0,0
371072,1,1,1995,0,0,0,0,0,0,0,0,0,0
371073,1,1,1995,0,0,0,0,0,0,0,0,0,0
371073,2,1,1995,0,0,0,0,0,0,0,0,0,0
371074,1,1,1995,0,0,0,0,0,0,0,16,0,0
371074,2,1,1995,0,0,0,0,0,0,0,0,3,0
371074,3,1,1995,0,0,0,0,0,0,0,0,0,0
371074,4,1,1995,0,0,0,0,0,0,0,0,0,0
371075,0,1,1995,0,0,0,0,0,0,0,0,0,0
371075,1,1,1995,11,12,0,19,0,11,6,16,5,18
371076,1,1,1995,0,0,0,0,0,0,0,0,0,15
371077,1,1,1995,0,0,0,0,0,0,0,0,0,0
371077,2,1,1995,0,0,0,0,0,0,0,0,0,0
371078,1,1,1995,0,0,0,0,0,0,0,0,0,0
371079,1,1,1995,0,0,0,0,0,0,0,0,0,0
371080,0,1,1995,0,0,0,0,0,0,0,0,0,0
371080,1,1,1995,0,0,0,0,0,0,0,0,0,0
371081,1,1,1995,19,19,19,19,19,19,19,19,19,19
371082,1,1,1995,0,0,0,0,0,0,0,0,0,0
371082,2,1,1995,0,0,0,0,0,0,0,0,0,0
371083,0,1,1995,0,0,0,0,0,0,0,0,0,0
371083,1,1,1995,0,0,0,0,0,0,0,0,0,0
371084,1,1,1995,0,0,0,0,0,0,0,0,0,0
371084,2,1,1995,0,0,0,0,0,0,0,0,0,0
371085,1,1,1995,0,0,0,0,0,0,0,0,0,0
371085,2,1,1995,0,0,0,0,0,0,0,0,0,0
371086,1,1,1995,0,0,0,0,0,0,0,0,0,0
371086,2,1,1995,0,0,0,0,0,0,0,0,0,0
371087,1,1,1995,0,0,0,0,0,0,0,0,0,0
371087,2,1,1995,0,0,0,0,0,0,0,0,0,0
371088,1,1,1995,0,0,0,0,0,0,0,18,4,0
371088,2,1,1995,0,0,0,0,0,0,0,0,0,0
371089,1,1,1995,0,0,0,0,0,0,0,0,0,0
371090,0,1,1995,0,0,0,0,0,0,0,0,0,0
371090,1,1,1995,0,0,0,0,0,0,0,0,0,0
371091,0,1,1995,0,0,0,0,0,0,0,0,0,0
371091,1,1,1995,0,0,0,0,0,0,0,0,0,0
371092,1,1,1995,0,0,0,0,0,0,0,0,0,0
371092,2,1,1995,0,0,0,0,0,0,0,0,0,0
371093,1,1,1995,0,0,0,0,0,0,0,0,0,0
371093,2,1,1995,0,0,0,0,0,0,0,0,0,0
371094,1,1,1995,0,0,0,0,0,0,0,0,0,0
371094,2,1,1995,0,0,0,0,0,0,0,0,0,0
371095,1,1,1995,0,0,0,0,0,0,0,0,0,0
371095,2,1,1995,0,0,0,0,0,0,0,0,0,0
371096,1,1,1995,9,9,9,9,9,9,9,9,9,9
371097,1,1,1995,13,11,7,13,14,4,9,11,14,14
371098,1,1,1995,0,0,0,0,0,0,0,0,0,0
371099,1,1,1995,15,0,0,0,0,0,11,0,0,0
371100,1,1,1995,20,20,20,20,20,20,20,20,20,20
371100,2,1,1995,0,0,0,0,0,0,0,16,0,0
371101,1,1,1995,20,20,20,20,20,20,20,20,20,20
371102,1,1,1995,0,0,0,0,0,0,0,0,0,0
371103,1,1,1995,10,10,10,10,10,10,10,10,10,10
371104,1,1,1995,0,0,0,0,0,0,0,0,0,0
371104,2,1,1995,0,0,0,0,0,0,0,0,0,0
371105,1,1,1995,0,0,0,0,0,0,0,0,0,0
371105,2,1,1995,0,0,0,0,0,0,0,0,0,0
371105,3,1,1995,0,0,0,0,0,0,0,0,0,0
371106,1,1,1995,0,0,0,0,0,0,0,0,0,0
371106,2,1,1995,0,0,0,0,0,0,0,0,0,0
371107,1,1,1995,0,0,0,0,0,0,0,0,0,0
371107,2,1,1995,0,0,0,0,0,0,0,0,0,0
371108,1,1,1995,0,0,0,0,0,0,0,0,0,0
371108,2,1,1995,0,0,0,0,0,0,0,0,0,0
371109,1,1,1995,0,0,0,0,0,0,0,0,0,0
371109,2,1,1995,0,0,0,0,0,0,0,0,0,0
371110,1,1,1995,0,0,0,0,0,0,0,0,0,0
371110,2,1,1995,0,0,0,0,0,0,0,0,0,0
371111,1,1,1995,0,0,0,0,0,0,0,0,0,0
371111,2,1,1995,0,0,0,0,0,0,0,0,0,0
371112,1,1,1995,9,9,9,9,9,9,9,9,9,9
371113,1,1,1995,0,0,0,0,0,0,0,0,0,0
371114,1,1,1995,0,0,0,0,0,0,0,0,0,0
371114,2,1,1995,0,0,0,0,0,0,0,0,0,0
371115,1,1,1995,0,0,2,0,0,0,0,0,0,0
371115,2,1,1995,0,0,0,0,0,0,0,0,0,0
371115,3,1,1995,0,0,0,0,0,0,0,0,0,0
371116,0,1,1995,13,13,13,13,13,13,13,13,13,13
371116,1,1,1995,0,16,0,0,0,0,0,0,0,12
371117,1,1,1995,0,0,0,0,0,0,0,0,0,0
371117,2,1,1995,0,0,0,0,0,0,0,0,0,0
371117,3,1,1995,0,0,0,0,0,0,0,0,0,0
371118,1,1,1995,0,0,0,0,0,0,0,0,0,0
371118,2,1,1995,0,0,0,0,0,0,0,0,0,0
371119,1,1,1995,10,7,12,9,13,22,10,15,7,16
371119,2,1,1995,0,0,0,0,0,0,0,0,0,0
371119,3,1,1995,0,0,0,0,0,0,0,0,0,0
371120,0,1,1995,0,0,0,0,0,0,0,0,0,0
371120,1,1,1995,0,0,0,0,0,0,0,0,0,0
371121,1,1,1995,0,0,0,0,0,0,0,0,0,0
371121,2,1,1995,0,0,0,0,0,0,0,0,0,0
371122,1,1,1995,18,24,4,21,14,37,15,9,18,17
371123,1,1,1995,0,0,0,0,0,0,0,0,0,0
371124,1,1,1995,0,0,0,0,0,0,0,0,0,0
371124,2,1,1995,18,19,2,15,7,0,0,12,5,5
371125,1,1,1995,0,0,0,0,0,0,0,0,0,0
371125,2,1,1995,0,0,0,0,0,0,0,0,0,0
371126,1,1,1995,0,0,0,0,0,0,0,0,0,0
371127,1,1,1995,0,0,0,0,0,0,0,0,0,0
371128,1,1,1995,0,0,0,5,0,0,0,0,11,16
371129,1,1,1995,0,0,0,0,0,0,0,0,0,0
371129,2,1,1995,0,0,0,0,0,0,0,0,0,0
371129,3,1,1995,0,0,0,0,0,0,0,0,0,0
371130,1,1,1995,0,0,0,0,0,0,0,0,0,0
371130,2,1,1995,0,0,0,0,0,0,0,0,0,0
371131,1,1,1995,0,0,0,0,0,0,0,0,0,0
371131,2,1,1995,0,0,0,0,0,0,0,0,0,0
371132,1,1,1995,0,0,0,0,0,0,0,0,0,0
371132,2,1,1995,0,0,0,0,0,0,0,0,0,0
371133,1,1,1995,21,21,21,21,21,21,21,21,21,21
371134,1,1,1995,0,0,0,0,0,0,0,0,0,0
371134,2,1,1995,0,0,0,0,0,0,0,0,0,0
371135,1,1,1995,0,0,0,0,0,0,0,0,0,0
371136,0,1,1995,0,0,0,0,0,0,0,0,0,0
371136,1,1,1995,0,0,0,0,0,0,0,0,0,0
371137,1,1,1995,0,0,0,0,0,0,0,0,0,0
371137,2,1,1995,0,0,0,0,0,0,0,0,0,0
371138,1,1,1995,0,0,0,0,0,0,0,0,0,0
371138,2,1,1995,0,0,0,0,0,0,0,0,0,0
371139,0,1,1995,23,23,23,23,23,23,23,23,23,23
371139,1,1,1995,0,0,0,0,0,0,0,0,0,0
371140,1,1,1995,0,0,0,0,0,0,0,0,0,0
371140,2,1,1995,0,0,0,0,0,0,0,0,0,0
371141,1,1,1995,0,0,0,0,0,0,0,0,0,0
371141,2,1,1995,0,0,0,0,0,0,0,0,0,0
371142,0,1,1995,0,0,0,0,0,0,0,0,0,0
371142,1,1,1995,0,0,0,0,0,0,0,0,0,0
371143,1,1,1995,0,0,0,0,0,0,0,0,0,0
371144,1,1,1995,0,0,0,0,0,0,0,0,0,0
371144,2,1,1995,0,0,0,0,0,0,0,0,0,0
371145,0,1,1995,9,9,9,9,9,9,9,9,9,9
371145,1,1,1995,0,0,0,0,0,0,0,0,0,0
371146,1,1,1995,0,0,0,0,0,0,0,0,0,0
371147,1,1,1995,10,10,10,10,10,10,10,10,10,10
371148,1,1,1995,0,0,0,0,0,12,0,0,0,0
371148,2,1,1995,0,0,0,0,0,0,0,0,0,0
371149,1,1,1995,11,11,11,11,11,11,11,11,11,11
371150,1,1,1995,6,15,52,13,19,7,17,0,6,3
371151,0,1,1995,14,14,14,14,14,14,14,14,14,14
371151,1,1,1995,0,0,0,0,0,0,0,0,0,0
371152,1,1,1995,0,0,0,0,0,0,0,0,0,0
371153,1,1,1995,18,18,18,18,18,18,18,18,18,18
371154,1,1,1995,0,0,0,0,0,0,0,0,0,0
371154,2,1,1995,0,0,0,0,0,0,0,0,0,0
371155,1,1,1995,0,0,0,0,0,0,0,0,0,0
371156,0,1,1995,16,16,16,16,16,16,16,16,16,16
371156,1,1,1995,0,15,12,16,36,17,16,8,11,3
371157,1,1,1995,0,0,0,0,0,0,0,0,0,0
371157,2,1,1995,0,0,0,0,0,0,0,0,0,0
371158,1,1,1995,0,0,0,0,0,0,0,0,0,0
371159,1,1,1995,0,0,0,0,0,0,0,0,0,0
371160,0,1,1995,7,7,7,7,7,7,7,7,7,7
371160,1,1,1995,0,0,0,0,0,0,0,0,0,0
371161,1,1,1995,0,0,0,0,0,0,0,0,0,0
371161,2,1,1995,0,0,0,0,0,0,0,0,0,0
371162,1,1,1995,0,0,0,0,0,0,0,0,0,0
371163,1,1,1995,0,11,0,8,0,23,0,0,0,0
371164,1,1,1995,0,0,0,7,0,0,0,0,15,0
371165,1,1,1995,0,0,0,0,0,0,0,0,0,0
371166,1,1,1995,0,0,0,0,0,0,0,0,0,0
371166,2,1,1995,0,0,0,0,0,0,0,0,0,0
371167,1,1,1995,0,0,0,0,0,0,0,0,0,0
371167,2,1,1995,0,0,0,0,0,0,0,0,0,0
371167,3,1,1995,0,0,0,0,0,0,0,0,0,0
371168,1,1,1995,10,14,9,8,1,13,12,30,0,15
371169,1,1,1995,29,29,29,29,29,29,29,29,29,29
371170,1,1,1995,0,0,0,0,0,0,0,0,0,0
371170,2,1,1995,0,0,0,0,0,0,0,0,0,0
371171,1,1,1995,0,0,0,0,0,0,0,0,0,0
371171,2,1,1995,0,0,0,0,0,0,0,0,0,0
371172,1,1,1995,0,0,0,0,0,0,0,0,0,0
371172,2,1,1995,0,0,0,0,0,0,0,0,0,0
371173,1,1,1995,0,0,0,0,0,0,0,0,0,0
371174,0,1,1995,8,8,8,8,8,8,8,8,8,8
371174,1,1,1995,0,0,0,0,0,0,0,0,0,0
371175,0,1,1995,15,26,13,33,20,25,15,30,14,15
371175,1,1,1995,0,0,0,0,0,0,0,0,0,0
371176,1,1,1995,0,0,0,0,0,0,0,0,0,0
371176,2,1,1995,10,0,0,0,0,0,0,0,0,0
371177,1,1,1995,17,17,17,17,17,17,17,17,17,17
371178,0,1,1995,3,3,3,3,3,3,3,3,3,3
371178,1,1,1995,0,0,0,0,0,0,0,0,0,0
371179,1,1,1995,10,10,10,10,10,10,10,10,10,10
371180,1,1,1995,7,7,5,42,17,6,13,4,39,11
371181,1,1,1995,0,0,0,34,0,0,0,0,0,0
371181,2,1,1995,0,0,0,0,0,0,0,0,0,0
371182,1,1,1995,0,0,0,0,0,0,18,0,0,0
371182,2,1,1995,0,0,0,0,0,0,0,0,0,0
371183,0,1,1995,4,4,4,4,4,4,4,4,4,4
371183,1,1,1995,0,0,0,0,0,0,0,0,0,0
371184,1,1,1995,0,0,0,0,0,0,0,0,0,0
371184,2,1,1995,0,0,0,0,0,0,0,0,0,0
371185,1,1,1995,0,0,0,0,0,0,0,0,0,0
371186,1,1,1995,17,0,0,23,0,0,0,0,0,0
371187,1,1,1995,10,0,0,0,0,10,4,20,0,25
371188,1,1,1995,12,12,12,12,12,12,12,12,12,12
371189,1,1,1995,0,0,0,0,0,0,0,0,0,0
371189,2,1,1995,0,0,0,0,0,0,0,0,0,0
371190,0,1,1995,6,6,6,6,6,6,6,6,6,6
371190,1,1,1995,0,0,0,0,0,0,0,35,0,0
371191,0,1,1995,0,0,0,0,0,0,0,0,0,0
371191,1,1,1995,0,0,0,0,0,0,0,0,0,0
371193,0,1,1995,0,0,0,0,0,0,0,0,0,0
371193,1,1,1995,0,0,0,0,0,0,0,0,0,0
371194,1,1,1995,15,45,12,10,41,9,20,15,0,43
371195,1,1,1995,0,0,0,0,0,0,0,0,0,0
371195,2,1,1995,0,0,0,0,0,0,0,0,0,0
371196,1,1,1995,0,0,0,0,0,0,0,0,0,0
371196,2,1,1995,0,0,0,0,0,0,0,0,0,0
371197,0,1,1995,0,0,0,0,0,0,0,0,0,0
371197,1,1,1995,0,26,0,0,0,0,0,0,0,0
371197,2,1,1995,0,0,0,0,0,0,0,0,0,0
371198,0,1,1995,0,0,0,0,0,0,0,0,0,0
371198,1,1,1995,0,0,0,0,0,0,0,0,0,0
371199,0,1,1995,0,0,0,0,0,0,0,0,0,0
371199,1,1,1995,0,0,0,0,0,0,0,0,0,0
371200,1,1,1995,0,0,0,0,0,0,0,0,0,0
371201,1,1,1995,0,0,0,0,0,0,0,0,0,0
371202,1,1,1995,0,0,0,0,0,0,0,0,0,0
371202,2,1,1995,0,0,0,0,0,0,0,0,0,0
371203,0,1,1995,8,21,20,28,27,12,21,16,21,21
371203,1,1,1995,0,0,0,0,0,0,0,0,0,0
371204,1,1,1995,0,0,0,0,0,0,0,0,0,0
371205,1,1,1995,0,0,0,0,0,0,0,0,0,0
371206,1,1,1995,0,0,0,0,0,0,0,0,0,0
371206,2,1,1995,0,0,0,0,0,0,0,0,0,0
371207,0,1,1995,25,25,25,25,25,25,25,25,25,25
371207,1,1,1995,0,0,0,0,0,0,0,0,0,15
371208,1,1,1995,0,0,0,0,0,12,0,0,0,0
371209,1,1,1995,0,0,0,0,0,0,0,0,0,0
371209,2,1,1995,0,0,0,0,0,0,0,0,0,0
371210,0,1,1995,39,39,39,39,39,39,39,39,39,39
371210,1,1,1995,0,0,0,0,0,0,0,0,0,0
371211,1,1,1995,0,0,0,0,0,0,0,0,0,0
371211,2,1,1995,0,0,0,0,0,0,0,0,0,0
371212,1,1,1995,15,15,15,15,15,15,15,15,15,15
371213,1,1,1995,0,0,0,0,0,0,0,0,0,0
371213,2,1,1995,0,0,0,0,0,0,0,0,0,0
371214,1,1,1995,0,0,0,0,0,0,0,0,0,0
371214,2,1,1995,0,7,7,0,0,10,0,0,15,20
371215,1,1,1995,17,17,17,17,17,17,17,17,17,17
371216,1,1,1995,12,12,12,12,12,12,12,12,12,12
371216,2,1,1995,0,0,0,0,0,0,0,0,0,0
371217,1,1,1995,0,0,0,0,0,0,0,0,0,0
371218,0,1,1995,22,22,22,22,22,22,22,22,22,22
371218,1,1,1995,0,0,0,0,0,0,0,0,0,0
371218,2,1,1995,0,0,0,0,0,0,0,0,0,0
371219,1,1,1995,17,31,9,12,9,29,20,0,10,28
371220,0,1,1995,16,15,13,11,0,10,19,33,0,15
371220,0,2,1995,0,0,0,0,0,0,0,0,0,0
371220,1,1,1995,0,0,0,0,0,0,0,0,0,3
371220,2,1,1995,7,17,11,12,23,10,23,17,10,0
371221,1,1,1995,0,0,0,0,0,0,0,0,0,0
371222,1,1,1995,0,0,0,0,0,0,0,0,0,0
371222,2,1,1995,0,0,0,0,0,0,0,0,0,0
371222,3,1,1995,0,0,0,0,0,0,0,0,0,0
371223,1,1,1995,0,0,0,0,0,0,0,0,0,0
371224,1,1,1995,0,0,0,0,0,0,0,0,0,0
371225,1,1,1995,0,0,0,0,0,0,0,0,0,0
371226,1,1,1995,0,0,0,0,0,0,0,0,0,0
371227,1,1,1995,72,72,72,72,72,72,72,72,72,72
371228,1,1,1995,0,0,0,0,0,0,0,0,0,0
371228,2,1,1995,0,0,0,0,0,0,0,0,0,0
371229,1,1,1995,0,0,0,0,0,0,0,0,0,0
371229,2,1,1995,0,0,0,0,0,0,0,0,0,0
371230,1,1,1995,0,0,0,0,0,0,0,0,0,0
371231,1,1,1995,0,0,0,0,0,0,0,0,0,0
371231,2,1,1995,0,0,0,0,0,0,0,0,0,0
371232,1,1,1995,18,18,18,18,18,18,18,18,18,18
371233,1,1,1995,0,0,0,0,0,21,0,0,0,0
371234,1,1,1995,0,0,0,0,0,0,0,0,0,0
371235,1,1,1995,21,19,23,20,15,19,31,7,21,14
371236,1,1,1995,15,15,15,15,15,15,15,15,15,15
371237,1,1,1995,0,0,0,0,0,0,23,0,16,26
371238,1,1,1995,0,32,14,20,34,10,22,27,13,31
371239,1,1,1995,0,0,0,0,0,0,0,0,0,10
371240,1,1,1995,0,21,0,0,9,0,0,0,0,0
371241,1,1,1995,0,0,0,0,0,0,0,0,0,0
371241,2,1,1995,0,0,0,0,0,0,0,0,0,0
371241,3,1,1995,0,0,0,0,0,0,0,0,0,0
371242,1,1,1995,0,0,0,0,0,0,0,0,0,0
371242,2,1,1995,0,0,0,0,0,0,0,0,0,4
371243,0,1,1995,26,18,11,21,29,22,27,9,24,14
371243,1,1,1995,0,0,0,0,0,0,0,0,0,0
371243,2,1,1995,0,14,0,0,0,0,0,0,0,0
371244,0,1,1995,6,23,7,15,20,17,21,6,13,35
371244,1,1,1995,0,0,0,0,0,0,0,0,0,0
371245,1,1,1995,17,6,0,0,24,0,8,0,29,26
371246,1,1,1995,0,0,0,0,0,0,0,0,0,0
371246,2,1,1995,0,0,0,0,0,0,0,0,0,0
371247,0,1,1995,0,0,0,0,0,0,0,0,0,0
371247,1,1,1995,0,0,0,0,0,0,0,0,0,0
371248,1,1,1995,0,0,0,0,0,0,0,0,0,0
371248,2,1,1995,0,0,0,4,0,18,0,0,0,0
371249,1,1,1995,13,13,13,13,13,13,13,13,13,13
371250,1,1,1995,0,0,0,0,0,0,0,0,0,0
371251,1,1,1995,0,0,0,0,0,0,0,0,0,0
371251,2,1,1995,0,0,0,0,0,0,0,0,0,0
371252,1,1,1995,0,0,0,0,0,0,0,0,0,0
371252,2,1,1995,16,16,16,16,16,16,16,16,16,16
371253,1,1,1995,0,0,0,0,0,0,0,0,0,0
371254,1,1,1995,0,0,0,0,0,0,0,0,0,0
371255,1,1,1995,30,30,30,30,30,30,30,30,30,30
371256,1,1,1995,0,0,0,0,0,0,0,0,0,0
371256,2,1,1995,0,0,0,0,0,0,0,0,0,0
371257,1,1,1995,0,0,0,0,0,0,0,0,0,0
371257,2,1,1995,0,0,0,0,0,0,0,0,0,0
371258,1,1,1995,0,0,0,0,0,0,0,0,0,0
371258,2,1,1995,0,0,0,0,0,0,0,0,0,0
371259,1,1,1995,0,0,0,0,0,0,0,0,0,0
371260,1,1,1995,0,0,0,0,0,0,0,0,0,0
371260,2,1,1995,0,0,0,0,0,0,0,0,0,0
371261,1,1,1995,0,0,0,0,12,0,0,0,0,0
371261,2,1,1995,0,0,0,0,0,0,0,0,0,0
371261,3,1,1995,0,0,0,0,0,0,0,0,0,0