ST_CASE,VEH_NO,PER_NO,YEAR,P1,P2,P3,P4,P5,P6,P7,P8,P9,P10
390998,2,1,1995,0,0,0,0,0,0,0,0,0,0
390999,0,1,1995,0,0,0,0,0,0,0,0,0,0
390999,1,1,1995,12,12,12,12,12,12,12,12,12,12
391000,1,1,1995,25,25,25,25,25,25,25,25,25,25
391001,0,1,1995,0,0,0,0,0,0,0,0,0,0
391001,1,1,1995,0,0,0,0,0,0,0,10,0,0
391002,1,1,1995,28,28,28,28,28,28,28,28,28,28
391003,1,1,1995,0,0,0,0,0,0,0,0,0,0
391003,2,1,1995,0,0,0,0,0,0,9,0,0,0
391004,1,1,1995,17,0,9,20,22,22,11,0,10,22
391005,1,1,1995,0,0,0,0,0,0,0,0,0,0
391005,2,1,1995,0,0,0,0,0,0,0,0,0,0
391006,1,1,1995,0,0,0,0,0,0,0,0,0,0
391006,2,1,1995,0,0,0,0,0,0,0,0,0,0
391007,0,1,1995,0,0,0,0,0,0,0,0,0,0
391007,1,1,1995,0,0,0,0,0,0,9,0,0,0
391008,1,1,1995,0,0,0,0,0,0,0,0,0,0
391010,1,1,1995,0,0,0,0,0,0,0,0,0,0
391010,2,1,1995,0,0,0,0,0,0,0,0,0,0
391011,1,1,1995,0,0,0,0,0,0,0,0,0,0
391011,2,1,1995,0,0,0,0,0,0,0,0,0,0
391012,1,1,1995,0,0,0,0,0,0,0,0,0,0
391012,2,1,1995,0,0,0,0,0,7,0,0,0,0
391013,1,1,1995,0,0,0,0,0,0,0,0,0,0
391013,2,1,1995,0,0,0,0,0,0,0,0,0,0
391014,0,1,1995,11,11,11,11,11,11,11,11,11,11
391014,1,1,1995,0,0,0,0,16,0,0,0,0,0
391015,1,1,1995,0,0,0,0,0,0,0,0,0,0
391016,1,1,1995,0,0,0,0,0,0,0,0,0,0
391016,2,1,1995,0,0,0,0,0,0,0,0,0,0
391017,1,1,1995,16,16,16,16,16,16,16,16,16,16
391018,1,1,1995,18,18,18,18,18,18,18,18,18,18
391019,1,1,1995,4,4,4,4,4,4,4,4,4,4
391020,1,1,1995,0,0,0,0,0,0,0,0,0,0
391020,2,1,1995,0,0,0,0,0,0,0,0,0,0
391021,1,1,1995,0,0,0,0,0,0,0,0,0,0
391022,1,1,1995,13,11,14,16,0,23,25,8,4,16
391022,2,1,1995,0,0,0,0,0,0,0,0,0,0
391022,3,1,1995,0,0,0,0,0,0,0,0,15,0
391023,1,1,1995,0,0,0,0,0,0,0,0,0,0
391023,2,1,1995,0,0,0,0,0,0,0,0,0,0
391024,1,1,1995,0,0,0,0,0,0,0,0,0,0
391024,2,1,1995,0,0,0,0,0,0,0,0,0,0
391025,1,1,1995,0,0,0,0,0,0,0,0,0,0
391025,2,1,1995,0,0,0,0,0,0,0,0,0,0
391026,1,1,1995,0,0,0,0,0,0,20,0,0,0
391026,2,1,1995,0,0,0,0,0,0,0,0,0,0
391027,0,1,1995,0,0,0,0,0,0,0,0,0,0
391027,1,1,1995,0,0,0,0,0,0,0,0,0,0
391028,1,1,1995,0,0,0,0,0,0,0,0,0,0
391029,1,1,1995,0,0,0,0,0,0,0,0,0,0
391030,1,1,1995,0,0,0,0,0,0,0,0,0,0
391032,1,1,1995,10,6,13,11,12,15,8,3,10,18
391033,1,1,1995,0,0,0,0,0,0,0,0,0,0
391033,2,1,1995,0,0,0,0,0,0,0,0,0,0
391034,1,1,1995,0,0,0,0,0,0,0,0,0,0
391034,2,1,1995,0,0,0,0,0,0,0,0,0,0
391035,1,1,1995,0,0,0,0,0,16,0,0,0,12
391035,2,1,1995,19,19,19,19,19,19,19,19,19,19
391036,1,1,1995,0,0,0,0,0,0,0,0,0,0
391036,2,1,1995,0,0,0,0,0,0,0,0,0,0
391037,1,1,1995,0,0,0,0,0,0,0,0,0,0
391037,2,1,1995,0,0,0,0,0,0,0,0,0,0
391038,1,1,1995,15,15,15,15,15,15,15,15,15,15
391039,1,1,1995,0,0,0,0,0,0,0,0,18,0
391040,1,1,1995,0,0,0,0,0,0,0,0,0,0
391040,2,1,1995,0,0,0,0,0,0,0,0,0,0
391041,0,1,1995,0,0,0,0,0,0,0,0,0,0
391041,1,1,1995,0,0,0,0,0,3,0,0,0,0
391041,2,1,1995,0,0,0,0,0,0,0,0,0,0
391042,1,1,1995,0,0,0,0,0,0,0,0,0,0
391042,2,1,1995,0,0,0,0,0,0,0,0,18,0
391043,1,1,1995,17,17,17,17,17,17,17,17,17,17
391044,1,1,1995,0,0,0,0,0,0,0,0,0,0
391045,1,1,1995,0,0,0,0,0,0,0,0,0,0
391045,2,1,1995,0,0,0,0,0,0,0,0,0,0
391046,1,1,1995,0,0,0,0,0,0,0,0,0,0
391047,1,1,1995,0,0,0,0,0,0,0,0,0,0
391047,2,1,1995,0,0,0,0,0,0,0,0,0,0
391048,1,1,1995,0,0,0,0,0,0,0,0,0,0
391049,1,1,1995,0,0,0,0,0,0,0,0,0,0
391050,1,1,1995,0,0,0,0,0,0,0,0,0,0
391050,2,1,1995,0,0,0,0,0,0,0,0,0,0
391051,1,1,1995,0,0,0,0,0,0,0,0,0,0
391052,1,1,1995,14,14,14,14,14,14,14,14,14,14
391053,0,1,1995,25,0,0,0,0,0,0,8,0,0
391053,1,1,1995,0,0,0,0,0,0,0,0,0,0
391053,2,1,1995,19,0,12,22,0,0,24,0,0,14
391054,1,1,1995,0,0,0,0,0,0,0,0,0,0
391055,1,1,1995,0,0,0,0,0,0,0,0,0,0
391056,1,1,1995,0,0,0,0,0,0,0,0,0,0
391057,1,1,1995,0,0,0,0,0,0,0,0,0,0
391057,2,1,1995,0,0,0,0,0,0,0,0,10,0
391058,0,1,1995,0,0,0,0,0,0,0,0,0,0
391058,1,1,1995,0,0,0,0,0,0,0,0,0,0
391059,1,1,1995,0,0,0,0,0,0,0,0,0,0
391059,2,1,1995,0,0,0,0,0,0,0,0,0,0
391060,1,1,1995,0,0,0,0,0,0,14,0,0,0
391061,1,1,1995,8,0,0,0,7,0,23,0,0,0
391062,0,1,1995,21,21,21,21,21,21,21,21,21,21
391062,1,1,1995,0,0,0,0,0,0,0,0,0,0
391063,1,1,1995,0,0,0,0,0,0,0,0,0,0
391063,2,1,1995,0,0,0,0,0,0,0,18,19,0
391064,1,1,1995,0,0,0,0,0,0,0,0,0,0
391064,2,1,1995,0,0,0,0,0,0,0,0,0,0
391065,1,1,1995,0,0,0,0,0,0,0,0,0,0
391066,0,1,1995,23,0,0,0,23,0,0,0,0,0
391066,1,1,1995,0,0,0,0,0,0,24,0,0,0
391067,1,1,1995,0,0,20,0,0,0,0,0,0,0
391067,2,1,1995,0,0,0,0,0,0,0,0,0,0
391068,1,1,1995,0,0,0,0,0,0,0,0,0,0
391069,1,1,1995,0,0,0,0,0,0,0,0,0,0
391069,2,1,1995,0,0,0,0,0,0,0,0,0,0
391070,1,1,1995,0,0,0,0,0,0,0,0,0,0
391070,2,1,1995,0,0,0,0,0,0,0,0,0,0
391071,0,1,1995,23,0,24,20,32,19,6,11,18,21
391071,1,1,1995,26,8,15,15,17,8,13,13,0,5
391072,1,1,1995,17,12,21,17,16,21,13,8,36,8
391072,2,1,1995,0,0,0,0,0,0,0,0,0,0
391073,1,1,1995,0,0,0,0,0,0,0,0,0,0
391073,2,1,1995,0,0,0,0,0,0,0,0,0,0
391073,3,1,1995,0,0,0,0,0,0,0,0,0,0
391073,4,1,1995,0,0,0,0,0,0,0,0,0,0
391074,1,1,1995,0,0,0,0,0,0,0,0,0,0
391074,2,1,1995,0,0,0,0,0,0,0,0,0,0
391075,1,1,1995,0,0,0,0,0,0,0,0,0,0
391075,2,1,1995,10,0,0,0,0,0,0,0,0,0
391075,3,1,1995,15,23,23,16,0,0,0,0,9,0
391075,4,1,1995,0,0,0,0,12,0,0,12,0,0
391075,5,1,1995,0,0,0,0,0,0,0,0,0,0
391076,1,1,1995,0,0,0,0,16,0,0,0,22,0
391077,1,1,1995,0,0,0,0,0,0,0,0,0,0
391077,2,1,1995,0,0,0,0,0,0,0,0,0,0
391078,1,1,1995,0,0,0,0,0,0,0,0,0,0
391079,1,1,1995,36,36,36,36,36,36,36,36,36,36
391079,2,1,1995,0,0,0,0,0,0,0,0,0,0
391080,1,1,1995,0,0,0,0,0,0,0,0,0,0
391080,2,1,1995,0,0,0,0,0,0,0,0,0,0
391081,1,1,1995,0,0,0,0,0,0,0,0,0,0
391082,0,1,1995,15,0,26,0,16,0,0,0,29,0
391082,1,1,1995,11,0,0,0,0,0,0,0,0,0
391083,0,1,1995,0,0,0,0,0,0,0,0,0,0
391083,1,1,1995,0,0,0,0,0,0,0,0,0,0
391084,1,1,1995,0,0,4,0,0,0,0,0,0,0
391084,2,1,1995,0,0,0,0,0,0,0,0,0,0
391085,1,1,1995,0,0,0,0,0,0,0,0,0,0
391086,1,1,1995,0,0,0,11,0,0,0,0,0,0
391087,1,1,1995,14,14,14,14,14,14,14,14,14,14
391088,1,1,1995,25,25,25,25,25,25,25,25,25,25
391089,1,1,1995,0,0,0,0,0,0,0,0,0,0
391090,0,1,1995,0,0,0,0,0,0,0,0,0,0
391090,1,1,1995,20,0,0,0,0,0,0,0,0,0
391091,0,1,1995,0,0,0,0,0,0,0,0,0,0
391091,1,1,1995,0,0,0,0,9,0,0,0,0,0
391092,1,1,1995,5,5,5,5,5,5,5,5,5,5
391093,1,1,1995,0,0,0,0,0,0,0,0,0,0
391094,1,1,1995,0,0,0,0,0,23,0,0,0,0
391094,2,1,1995,0,0,0,0,0,0,0,0,0,0
391095,1,1,1995,0,0,0,0,0,0,0,0,0,0
391095,2,1,1995,0,0,0,0,0,0,0,0,0,0
391095,3,1,1995,20,20,20,20,20,20,20,20,20,20
391096,1,1,1995,0,0,0,0,0,0,0,0,0,0
391097,1,1,1995,0,0,0,0,0,0,0,0,0,0
391098,1,1,1995,10,0,0,0,0,0,0,0,0,0
391098,2,1,1995,0,0,0,0,0,0,0,0,0,0
391099,1,1,1995,22,22,22,22,22,22,22,22,22,22
391100,1,1,1995,21,21,21,21,21,21,21,21,21,21
391101,1,1,1995,0,20,0,0,0,9,12,10,0,0
391102,0,1,1995,0,0,0,0,0,0,0,0,0,0
391102,1,1,1995,0,0,0,0,0,0,0,0,0,0
391103,0,1,1995,20,20,20,20,20,20,20,20,20,20
391103,1,1,1995,0,0,0,0,0,0,0,0,0,0
391104,1,1,1995,0,0,0,0,0,0,0,0,0,0
391104,2,1,1995,0,0,0,0,0,0,0,0,0,0
391105,1,1,1995,0,0,0,0,0,0,0,0,0,0
391105,2,1,1995,0,0,0,0,0,0,0,0,0,0
391107,1,1,1995,19,19,19,19,19,19,19,19,19,19
391108,1,1,1995,6,6,6,6,6,6,6,6,6,6
391109,1,1,1995,0,0,19,0,0,0,0,0,0,16
391109,2,1,1995,0,0,0,0,0,12,0,0,0,0
391110,1,1,1995,18,18,18,18,18,18,18,18,18,18
391111,1,1,1995,0,0,0,0,0,0,0,0,0,0
391112,1,1,1995,0,0,0,0,0,24,0,0,0,0
391112,2,1,1995,0,0,0,0,0,0,0,0,0,0
391113,1,1,1995,0,18,0,0,0,0,0,0,0,0
391114,0,1,1995,0,0,0,0,0,0,0,0,0,0
391114,1,1,1995,0,0,0,0,0,0,0,0,0,0
391115,1,1,1995,0,0,0,0,0,0,0,0,10,0
391115,2,1,1995,0,0,0,0,0,0,0,0,0,0
391116,1,1,1995,18,18,18,18,18,18,18,18,18,18
391117,1,1,1995,0,0,0,0,0,0,0,0,0,0
391117,2,1,1995,0,0,0,0,0,0,0,0,0,0
391118,1,1,1995,0,0,0,0,0,0,0,0,0,0
391119,1,1,1995,16,16,16,16,16,16,16,16,16,16
391120,1,1,1995,23,23,23,23,23,23,23,23,23,23
391121,1,1,1995,0,0,0,0,0,0,0,0,0,0
391121,2,1,1995,0,0,0,0,0,0,0,0,0,0
391121,3,1,1995,0,0,0,0,0,0,0,0,0,0
391122,1,1,1995,0,0,7,20,0,0,6,13,0,0
391124,1,1,1995,0,0,0,0,0,0,0,0,0,0
391124,2,1,1995,0,0,0,0,0,0,0,0,0,0
391125,1,1,1995,0,0,0,0,0,0,0,0,0,0
391126,1,1,1995,0,0,0,0,0,0,0,0,0,0
391126,2,1,1995,0,0,0,0,0,0,0,0,0,0
391127,1,1,1995,0,9,0,0,0,0,0,0,0,0
391127,2,1,1995,0,0,0,0,0,0,0,0,0,0
391128,1,1,1995,0,0,0,0,0,0,0,0,0,0
391128,2,1,1995,0,0,0,0,0,0,0,0,0,0
391129,1,1,1995,0,0,0,11,0,0,0,0,0,0
391129,2,1,1995,0,0,0,0,0,0,0,0,0,0
391130,1,1,1995,0,0,0,0,0,0,0,0,0,0
391130,2,1,1995,11,11,11,11,11,11,11,11,11,11
391131,1,1,1995,0,0,0,0,0,0,0,0,0,0
391131,2,1,1995,0,0,0,0,0,0,0,0,0,0
391132,1,1,1995,0,12,0,12,0,0,5,0,0,0
391133,1,1,1995,0,0,0,0,0,0,0,0,0,0
391133,2,1,1995,5,5,5,5,5,5,5,5,5,5
391134,1,1,1995,0,0,0,0,0,0,0,0,0,0
391134,2,1,1995,0,0,0,0,0,0,0,0,0,0
391135,1,1,1995,0,0,0,0,0,0,0,0,0,0
391136,0,1,1995,20,20,20,20,20,20,20,20,20,20
391136,1,1,1995,0,3,0,0,0,18,0,0,0,0
391137,1,1,1995,0,0,0,0,0,0,0,0,0,0
391137,2,1,1995,0,0,0,0,0,0,0,0,0,0
391138,1,1,1995,0,0,0,0,0,0,0,0,0,0
391138,2,1,1995,0,0,0,0,0,0,0,0,0,0
391139,1,1,1995,0,0,6,0,0,0,0,0,0,0
391139,2,1,1995,0,0,0,0,0,0,0,0,0,0
391140,1,1,1995,0,0,0,0,0,0,0,0,0,0
391141,1,1,1995,28,28,28,28,28,28,28,28,28,28
391142,1,1,1995,0,0,0,0,0,0,0,0,0,0
391143,1,1,1995,15,15,15,15,15,15,15,15,15,15
391144,1,1,1995,28,28,28,28,28,28,28,28,28,28
391145,0,1,1995,0,0,0,16,0,0,0,0,0,0
391145,1,1,1995,0,0,0,0,0,0,0,0,0,0
391146,0,1,1995,0,0,0,0,0,0,0,0,0,31
391146,1,1,1995,0,0,0,0,0,0,0,0,0,0
391147,1,1,1995,0,0,0,0,0,0,0,0,0,0
391147,2,1,1995,0,0,0,0,0,0,0,0,0,0
391148,1,1,1995,12,12,12,12,12,12,12,12,12,12
391149,1,1,1995,25,25,25,25,25,25,25,25,25,25
391150,1,1,1995,14,15,18,22,22,29,32,15,10,21
391150,2,1,1995,0,0,0,0,0,0,0,0,0,0
391151,1,1,1995,0,0,0,0,0,0,0,0,0,0
391151,2,1,1995,0,0,0,0,0,0,0,0,0,0
391152,1,1,1995,0,0,0,0,0,0,0,0,0,0
391152,2,1,1995,0,0,0,0,0,0,0,0,0,0
391153,0,1,1995,0,0,0,0,14,0,19,0,0,0
391153,1,1,1995,0,0,0,0,0,0,0,0,0,0
391154,1,1,1995,14,0,0,0,0,0,21,0,0,0
391155,0,1,1995,0,0,0,0,0,0,0,0,0,0
391155,1,1,1995,0,0,0,0,0,0,0,0,0,0
391155,2,1,1995,0,0,0,0,0,0,0,0,0,0
391156,1,1,1995,28,28,28,28,28,28,28,28,28,28
391157,1,1,1995,15,0,0,0,0,0,0,0,0,0
391157,2,1,1995,0,0,0,0,0,0,0,0,0,0
391158,1,1,1995,0,0,0,0,0,0,14,0,0,0
391158,2,1,1995,0,0,0,0,0,0,0,0,0,0
391159,1,1,1995,2,0,0,0,11,8,0,0,0,5
391160,1,1,1995,30,0,0,0,0,0,0,0,0,0
391160,2,1,1995,20,0,0,0,0,0,0,0,0,0
391160,3,1,1995,0,0,0,0,0,0,0,0,0,0
391161,1,1,1995,0,0,0,0,0,0,0,0,0,0
391162,1,1,1995,0,0,0,0,0,0,17,0,0,0
391163,1,1,1995,0,0,0,15,0,0,0,0,0,0
391163,2,1,1995,0,0,0,0,0,0,0,0,4,0
391164,1,1,1995,15,15,15,15,15,15,15,15,15,15
391165,1,1,1995,23,23,23,23,23,23,23,23,23,23
391166,1,1,1995,0,0,0,0,0,0,16,0,0,0
391167,1,1,1995,0,2,0,0,0,0,0,0,0,0
391167,2,1,1995,0,0,0,0,0,0,0,0,0,0
391168,1,1,1995,0,0,0,0,0,0,0,0,0,0
391168,2,1,1995,4,0,0,0,0,0,0,0,0,0
391168,3,1,1995,0,0,0,0,0,0,0,0,13,0
391169,0,1,1995,0,0,0,0,0,0,0,0,0,16
391169,1,1,1995,0,0,0,0,0,0,0,0,0,0
391170,1,1,1995,0,0,0,0,0,0,0,0,0,0
391170,2,1,1995,0,0,0,0,0,0,0,0,0,0
391171,0,1,1995,0,0,0,23,0,0,0,0,0,0
391171,1,1,1995,0,0,0,0,0,0,0,0,0,0
391172,1,1,1995,0,0,0,0,0,0,0,0,0,0
391173,1,1,1995,16,16,16,16,16,16,16,16,16,16
391174,1,1,1995,0,0,0,0,0,0,0,0,0,0
391174,2,1,1995,0,0,0,0,0,0,0,0,0,0
391175,1,1,1995,0,0,0,0,0,0,0,0,0,0
391175,2,1,1995,0,0,0,0,0,0,0,0,0,0
391176,1,1,1995,34,34,34,34,34,34,34,34,34,34
391177,1,1,1995,0,0,0,0,0,0,0,0,28,18
391177,2,1,1995,0,0,0,0,0,0,0,0,0,0
391177,3,1,1995,0,0,0,0,0,0,0,0,0,0
391178,1,1,1995,0,0,0,0,0,0,0,0,0,0
391178,2,1,1995,0,0,0,0,0,0,0,0,0,0
391179,1,1,1995,0,0,0,0,0,0,9,0,0,0
391179,2,1,1995,17,17,17,17,17,17,17,17,17,17
391180,1,1,1995,0,0,0,0,0,0,0,0,0,25
391180,2,1,1995,0,0,0,0,0,0,0,0,0,0
391181,1,1,1995,0,0,0,0,0,0,0,0,0,0
391181,2,1,1995,0,0,0,0,0,0,0,0,0,0
391182,1,1,1995,26,26,26,26,26,26,26,26,26,26
391183,1,1,1995,0,0,0,0,0,0,0,0,0,0
391184,1,1,1995,17,17,17,17,17,17,17,17,17,17
391185,1,1,1995,0,0,0,0,0,0,0,0,0,0
391185,2,1,1995,0,0,0,0,0,0,0,0,0,0
391186,1,1,1995,18,18,18,18,18,18,18,18,18,18
391187,1,1,1995,0,0,0,0,0,0,0,12,0,11
391188,1,1,1995,17,17,17,17,17,17,17,17,17,17
391189,1,1,1995,17,20,0,39,0,0,19,24,10,0
391190,1,1,1995,0,0,0,0,0,0,0,0,2,0
391191,1,1,1995,0,0,0,0,0,0,0,0,0,0
391191,2,1,1995,0,0,0,0,0,0,0,0,0,0
391192,1,1,1995,0,0,0,0,0,0,0,0,0,0
391192,2,1,1995,0,0,0,0,0,0,0,0,0,0
391192,3,1,1995,0,0,8,0,0,0,0,0,0,4
391193,1,1,1995,16,16,16,16,16,16,16,16,16,16
391194,1,1,1995,0,0,0,0,0,0,0,0,0,22
391195,1,1,1995,0,0,0,0,0,0,0,0,0,0
391195,2,1,1995,0,0,0,0,0,0,0,0,0,0
391196,1,1,1995,0,0,0,0,0,0,0,0,0,0
391196,2,1,1995,0,0,0,0,0,0,0,0,0,0
391197,1,1,1995,7,7,7,7,7,7,7,7,7,7
391198,1,1,1995,19,25,27,8,10,20,28,35,20,11
391199,1,1,1995,0,0,0,0,0,0,0,0,0,0
391200,1,1,1995,0,0,0,0,0,0,0,0,0,0
391201,1,1,1995,11,11,11,11,11,11,11,11,11,11
391202,1,1,1995,0,0,0,0,0,0,0,0,0,0
391202,2,1,1995,0,0,0,0,0,0,0,0,0,0
391203,1,1,1995,0,0,0,0,0,0,0,0,0,0
391203,2,1,1995,0,0,0,0,0,0,0,0,0,0
391204,1,1,1995,0,0,0,0,0,0,0,0,0,0
391204,2,1,1995,0,0,0,0,0,0,0,0,0,0
391205,1,1,1995,0,0,0,0,0,0,0,0,0,0
391205,2,1,1995,0,0,0,0,0,0,0,0,0,0
391206,1,1,1995,7,7,7,7,7,7,7,7,7,7
391207,1,1,1995,0,0,0,0,0,0,0,0,0,0
391207,2,1,1995,0,0,0,0,0,0,0,0,0,0
391208,1,1,1995,3,0,14,0,0,0,0,0,0,0
391208,2,1,1995,0,0,0,0,0,0,0,0,12,0
391208,3,1,1995,0,0,0,0,0,0,0,0,0,0
391209,1,1,1995,0,0,0,0,0,0,0,0,0,0
391210,1,1,1995,0,0,0,0,0,0,0,0,0,0
391211,1,1,1995,0,0,0,0,0,0,0,0,0,0
391211,2,1,1995,0,0,0,0,0,0,0,0,0,0
391212,1,1,1995,0,0,0,0,0,0,0,0,0,0
391212,2,1,1995,0,0,0,0,0,0,0,0,0,0
391213,1,1,1995,0,0,0,0,0,0,0,0,0,0
391213,2,1,1995,0,0,0,0,0,0,0,0,0,0
391214,1,1,1995,0,0,0,0,0,0,0,0,0,0
391214,2,1,1995,0,0,0,0,0,0,0,0,0,0
391215,1,1,1995,0,0,0,0,0,0,0,0,0,0
391216,1,1,1995,0,21,0,0,15,0,9,6,0,0
391216,2,1,1995,0,0,0,0,0,0,0,0,0,14
391217,1,1,1995,0,0,0,0,0,0,0,0,0,0
391217,2,1,1995,0,0,0,0,0,0,0,0,0,0
391218,1,1,1995,26,26,26,26,26,26,26,26,26,26
391219,1,1,1995,0,0,0,0,0,0,0,0,0,0
391220,1,1,1995,0,0,0,0,0,0,0,0,0,0
391221,1,1,1995,0,0,0,0,0,0,0,0,0,0
391221,2,1,1995,0,0,0,0,0,0,0,0,0,0
391222,1,1,1995,0,0,0,0,0,0,0,0,0,0
391222,2,1,1995,0,0,0,14,0,0,0,23,0,22
391223,1,1,1995,29,29,29,29,29,29,29,29,29,29
391224,1,1,1995,0,0,0,0,0,0,0,0,0,0
391225,1,1,1995,0,0,0,0,0,0,0,0,0,0
391225,2,1,1995,0,0,0,0,0,0,0,0,0,0
391226,1,1,1995,12,12,12,12,12,12,12,12,12,12
391227,1,1,1995,0,0,0,0,0,0,0,0,0,0
391227,2,1,1995,0,0,0,0,0,0,0,0,0,0
391227,3,1,1995,0,0,0,0,0,0,0,0,0,0
391228,1,1,1995,0,0,0,0,0,0,0,0,0,0
391230,1,1,1995,0,0,0,0,0,0,0,0,0,0
391231,0,1,1995,13,0,0,0,0,0,0,0,0,0
391231,1,1,1995,0,0,0,0,0,0,0,0,0,0
391232,1,1,1995,25,25,25,25,25,25,25,25,25,25
391233,1,1,1995,0,0,0,0,0,0,0,0,0,0
391233,2,1,1995,0,0,0,0,0,0,0,0,0,0
400001,1,1,1995,29,29,29,29,29,29,29,29,29,29
400002,1,1,1995,28,28,28,28,28,28,28,28,28,28
400003,0,1,1995,0,0,0,0,0,0,0,0,0,0
400003,0,2,1995,0,0,0,0,0,0,0,0,0,0
400003,0,3,1995,0,0,0,0,0,0,0,0,0,0
400003,0,4,1995,0,0,0,0,0,0,0,0,0,0
400003,1,1,1995,11,15,17,5,13,17,14,15,13,12
400004,1,1,1995,27,27,27,27,27,27,27,27,27,27
400005,0,3,1995,14,0,8,3,10,24,22,0,0,11
400005,1,1,1995,0,0,0,0,0,0,0,0,0,0
400006,1,1,1995,0,0,0,0,0,0,0,0,0,0
400006,2,1,1995,0,0,0,0,0,0,0,0,0,0
400007,1,1,1995,0,0,0,23,0,0,0,27,35,0
400008,1,1,1995,0,0,0,0,0,0,0,0,0,0
400009,1,1,1995,12,10,13,6,0,9,7,16,4,0
400009,2,1,1995,0,0,0,0,16,0,0,0,0,0
400010,1,1,1995,2,2,2,2,2,2,2,2,2,2
400011,1,1,1995,0,0,0,0,0,0,0,0,0,0
400011,2,1,1995,0,0,6,0,8,0,0,0,0,0
400012,1,1,1995,10,10,10,10,10,10,10,10,10,10
400013,1,1,1995,0,0,0,0,0,0,0,0,0,0
400014,1,1,1995,0,0,0,0,0,0,0,0,0,0
400014,2,1,1995,0,0,0,0,0,0,0,0,0,0
400015,1,1,1995,4,4,4,4,4,4,4,4,4,4
400015,2,1,1995,0,0,0,0,0,0,0,0,0,0
400016,1,1,1995,22,22,22,22,22,22,22,22,22,22
400016,2,1,1995,18,0,0,0,0,0,0,0,0,0
400017,0,1,1995,28,28,28,28,28,28,28,28,28,28
400017,1,1,1995,4,4,4,4,4,4,4,4,4,4
400018,1,1,1995,20,20,20,20,20,20,20,20,20,20
400019,1,1,1995,23,23,23,23,23,23,23,23,23,23
400020,1,1,1995,0,0,0,0,0,0,0,0,0,0
400021,1,1,1995,0,0,0,0,0,0,0,0,0,0
400021,2,1,1995,0,0,0,0,0,0,0,0,0,0
400022,1,1,1995,25,25,25,25,25,25,25,25,25,25
400023,1,1,1995,25,25,25,25,25,25,25,25,25,25
400023,2,1,1995,9,19,0,11,0,21,0,7,17,7
400023,3,1,1995,0,0,0,0,0,0,0,0,0,0
400024,1,1,1995,0,0,0,0,0,0,0,0,0,0
400024,2,1,1995,0,0,0,0,0,0,0,0,0,0
400025,1,1,1995,0,0,0,0,0,0,0,0,0,0
400026,1,1,1995,25,25,25,25,25,25,25,25,25,25
400027,1,1,1995,0,0,0,26,0,0,38,0,29,0
400028,1,1,1995,0,0,0,0,0,0,0,0,0,0
400028,2,1,1995,0,0,0,0,0,0,0,0,0,0
400029,1,1,1995,0,0,0,0,0,0,0,0,0,0
400030,1,1,1995,12,7,11,15,17,14,13,15,23,21
400030,2,1,1995,0,0,0,0,0,0,0,0,0,0
400031,1,1,1995,12,0,0,0,0,0,0,7,0,0
400032,1,1,1995,18,0,0,0,0,0,0,0,0,0
400033,1,1,1995,0,0,3,0,0,0,0,0,0,0
400033,2,1,1995,0,0,0,0,0,0,0,0,0,0
400034,1,1,1995,0,0,0,0,0,0,0,0,0,0
400035,1,1,1995,26,26,26,26,26,26,26,26,26,26
400035,2,1,1995,0,0,0,0,0,0,0,0,0,0
400036,1,1,1995,0,0,0,0,0,0,0,0,0,0
400036,2,1,1995,11,11,11,11,11,11,11,11,11,11
400037,1,1,1995,14,14,14,14,14,14,14,14,14,14
400038,1,1,1995,0,0,0,0,0,0,0,0,0,0
400038,2,1,1995,5,0,0,0,0,0,0,0,0,0
400039,1,1,1995,27,27,27,27,27,27,27,27,27,27
400039,2,1,1995,0,0,0,0,0,0,0,0,0,0
400040,1,1,1995,0,0,0,0,0,0,0,0,0,0
400041,1,1,1995,0,0,0,0,0,0,0,0,0,0
400042,1,1,1995,21,0,0,0,0,0,0,0,0,0
400042,2,1,1995,0,0,0,0,6,0,0,0,17,5
400043,1,1,1995,15,6,0,10,13,14,22,7,9,28
400044,1,1,1995,0,0,0,0,0,0,0,0,0,0
400044,2,1,1995,0,0,0,0,0,0,0,0,0,0
400045,1,1,1995,42,42,42,42,42,42,42,42,42,42
400046,1,1,1995,0,0,0,0,0,0,0,0,0,0
400047,1,1,1995,0,0,0,0,0,0,0,0,0,0
400047,2,1,1995,0,0,0,0,0,0,0,0,0,0
400048,1,1,1995,31,31,31,31,31,31,31,31,31,31
400049,1,1,1995,0,10,0,0,6,45,0,0,0,0
400049,2,1,1995,0,0,0,0,0,0,0,0,0,0
400050,0,1,1995,38,38,38,38,38,38,38,38,38,38
400050,1,1,1995,0,0,0,0,0,0,0,0,0,0
400051,1,1,1995,12,12,12,12,12,12,12,12,12,12
400052,1,1,1995,25,31,22,22,14,18,35,15,0,22
400053,1,1,1995,0,0,0,0,0,0,0,0,0,0
400054,1,1,1995,23,23,23,23,23,23,23,23,23,23
400054,2,1,1995,0,0,0,0,0,0,0,0,0,0
400055,1,1,1995,0,0,0,0,0,0,0,0,0,0
400055,2,1,1995,0,0,0,0,0,0,0,0,0,0
400056,1,1,1995,13,4,0,12,10,7,11,19,0,7
400057,1,1,1995,0,0,0,0,0,0,0,0,0,0
400058,1,1,1995,7,7,7,7,7,7,7,7,7,7
400059,1,1,1995,0,0,0,0,0,0,0,0,0,0