ST_CASE,VEH_NO,PER_NO,YEAR,P1,P2,P3,P4,P5,P6,P7,P8,P9,P10
400351,2,1,1995,0,0,0,0,0,0,0,0,0,0
400352,1,1,1995,0,0,0,0,0,0,0,0,0,0
400353,1,1,1995,0,9,0,0,0,0,0,0,0,7
400354,1,1,1995,0,0,0,0,0,0,0,0,0,0
400354,2,1,1995,0,0,0,0,0,0,0,0,0,0
400355,1,1,1995,0,0,0,0,7,0,0,0,0,0
400356,1,1,1995,0,0,0,0,0,0,0,0,0,0
400356,2,1,1995,0,0,0,0,0,0,0,0,0,0
400357,1,1,1995,26,10,10,28,23,12,13,9,9,12
400359,1,1,1995,0,0,0,0,0,0,0,0,0,0
400360,1,1,1995,0,0,0,0,0,0,0,0,0,0
400360,2,1,1995,0,0,0,0,0,0,0,0,0,0
400361,1,1,1995,0,0,0,0,0,0,0,0,0,0
400361,2,1,1995,0,0,0,0,0,0,0,0,0,0
400361,3,1,1995,0,0,0,0,0,0,0,0,0,0
400362,1,1,1995,0,0,0,0,0,0,0,0,0,0
400362,2,1,1995,0,0,0,0,0,0,0,0,0,0
400363,1,1,1995,0,0,0,0,0,0,0,0,0,0
400364,1,1,1995,26,26,26,26,26,26,26,26,26,26
400364,2,1,1995,0,0,0,0,0,0,0,0,0,0
400365,1,1,1995,0,0,0,0,0,0,0,0,0,0
400365,2,1,1995,0,0,0,0,0,0,0,0,0,0
400366,0,1,1995,0,0,0,0,0,0,0,0,0,0
400366,1,1,1995,0,0,0,0,0,0,0,0,0,0
400366,2,1,1995,0,0,0,0,0,0,0,0,0,0
400367,1,1,1995,0,0,0,0,0,0,0,0,11,0
400367,2,1,1995,0,0,0,0,0,0,0,0,0,0
400368,1,1,1995,8,5,8,11,15,5,9,12,11,7
400368,2,1,1995,0,0,0,0,0,0,0,0,0,0
400369,0,1,1995,0,0,0,0,0,0,0,0,0,0
400369,1,1,1995,0,11,0,0,0,0,0,0,0,0
400370,1,1,1995,13,13,13,13,13,13,13,13,13,13
400370,2,1,1995,12,0,0,0,0,0,0,0,0,0
400371,1,1,1995,0,0,0,0,0,0,0,0,0,0
400371,2,1,1995,0,0,0,0,0,0,0,0,0,0
400372,0,1,1995,28,28,28,28,28,28,28,28,28,28
400372,1,1,1995,7,0,0,30,0,0,0,0,0,0
400373,1,1,1995,0,0,0,0,0,0,0,0,0,0
400373,2,1,1995,0,0,0,0,0,0,0,0,0,0
400374,1,1,1995,31,13,20,29,7,15,24,8,21,19
400375,1,1,1995,22,14,20,18,18,7,40,15,20,33
400376,1,1,1995,0,0,0,0,0,0,0,0,0,0
400376,2,1,1995,0,0,0,0,0,0,0,0,0,0
400377,1,1,1995,0,0,0,0,0,0,0,0,0,0
400377,2,1,1995,11,11,11,11,11,11,11,11,11,11
400377,3,1,1995,0,0,0,0,0,0,0,0,3,0
400378,1,1,1995,0,11,0,0,24,12,0,4,15,15
400379,1,1,1995,0,0,0,0,0,28,0,0,0,0
400380,1,1,1995,0,0,0,0,0,0,0,0,0,0
400381,1,1,1995,0,0,0,0,0,0,0,0,0,0
400381,2,1,1995,0,0,0,0,0,0,0,0,0,0
400382,1,1,1995,0,0,0,0,0,0,0,0,0,0
400382,2,1,1995,0,0,0,0,0,0,0,0,0,0
400383,1,1,1995,0,0,0,0,0,0,0,0,0,0
400384,1,1,1995,18,18,18,18,18,18,18,18,18,18
400385,1,1,1995,0,0,0,0,0,0,0,0,0,0
400386,1,1,1995,10,11,15,0,18,25,38,1,14,10
400387,0,1,1995,29,29,29,29,29,29,29,29,29,29
400387,1,1,1995,7,0,14,0,0,14,39,0,0,0
400387,2,1,1995,0,11,15,36,0,39,16,0,0,12
400388,1,1,1995,8,14,17,24,10,33,13,20,8,16
400389,1,1,1995,0,0,0,0,0,0,0,0,0,0
400389,2,1,1995,0,0,0,0,0,0,0,0,0,0
400389,3,1,1995,0,0,0,0,0,0,0,0,0,0
400390,0,1,1995,0,0,0,0,0,0,25,17,36,42
400390,1,1,1995,0,0,0,0,0,0,0,0,0,0
400391,1,1,1995,0,0,0,0,0,0,0,0,0,0
400392,1,1,1995,0,0,0,0,0,0,0,0,0,0
400392,2,1,1995,0,0,0,0,0,0,0,0,0,0
400393,1,1,1995,8,8,8,8,8,8,8,8,8,8
400393,2,1,1995,0,0,0,0,0,0,0,0,0,0
400394,0,1,1995,0,0,0,0,0,0,0,0,0,0
400394,1,1,1995,0,0,0,0,0,0,0,0,0,0
400395,1,1,1995,0,0,0,0,0,24,0,0,0,0
400395,2,1,1995,0,0,0,0,0,0,0,0,0,0
400396,1,1,1995,0,0,0,0,0,0,0,0,0,0
400396,2,1,1995,0,0,0,0,0,0,0,0,0,0
400397,1,1,1995,0,0,0,0,0,0,0,0,12,0
400398,1,1,1995,0,0,0,0,0,0,0,0,0,0
400399,1,1,1995,15,15,27,30,18,27,24,12,30,14
400399,2,1,1995,0,0,0,0,0,0,0,0,0,0
400400,1,1,1995,0,0,0,0,0,0,0,0,0,0
400401,1,1,1995,0,0,0,0,0,0,0,0,0,0
400401,2,1,1995,0,0,0,0,0,0,0,0,0,0
400402,0,1,1995,22,22,22,22,22,22,22,22,22,22
400402,1,1,1995,0,0,0,0,0,0,0,10,0,12
400402,2,1,1995,0,0,23,0,0,0,0,0,0,0
400403,1,1,1995,0,0,0,0,0,0,0,0,0,0
400404,1,1,1995,0,0,0,0,0,0,0,0,0,0
400405,1,1,1995,0,0,0,0,0,0,0,0,0,0
400405,2,1,1995,0,0,0,0,0,0,0,0,0,0
400405,3,1,1995,0,0,0,0,0,0,0,0,0,0
400406,1,1,1995,0,0,0,0,0,0,0,0,0,0
400407,1,1,1995,24,18,14,22,27,27,21,25,28,11
400408,1,1,1995,23,23,23,23,23,23,23,23,23,23
400409,0,1,1995,4,4,4,4,4,4,4,4,4,4
400409,1,1,1995,0,0,0,0,0,0,0,0,0,0
400410,1,1,1995,0,0,0,0,0,0,0,0,0,0
400410,2,1,1995,0,0,0,0,0,0,0,0,0,0
400411,1,1,1995,11,11,11,11,11,11,11,11,11,11
400411,2,1,1995,0,0,0,0,0,0,0,0,0,0
400412,1,1,1995,0,0,0,0,0,0,0,0,0,0
400412,2,1,1995,0,25,24,18,0,7,0,0,0,0
400413,1,1,1995,2,2,2,2,2,2,2,2,2,2
400413,2,1,1995,0,0,0,0,0,0,0,0,0,0
400414,1,1,1995,0,0,0,0,0,0,0,0,0,0
400414,2,1,1995,0,0,0,0,0,0,0,0,0,0
400415,1,1,1995,10,13,13,14,21,11,15,7,9,9
400416,1,1,1995,0,0,0,0,0,0,0,0,0,0
400417,1,1,1995,0,0,0,0,0,0,0,0,0,0
400418,1,1,1995,0,0,0,0,0,0,0,0,0,0
400418,2,1,1995,0,0,0,0,0,0,0,0,0,0
400419,0,1,1995,15,15,15,15,15,15,15,15,15,15
400419,1,1,1995,7,0,15,10,29,0,26,0,0,16
400420,1,1,1995,0,0,0,0,0,0,0,0,0,0
400420,2,1,1995,0,0,0,6,0,0,0,0,0,0
400421,1,1,1995,0,0,0,0,0,0,0,0,0,0
400421,2,1,1995,0,0,0,0,0,0,0,0,0,0
400422,1,1,1995,0,0,0,0,0,0,0,0,0,0
400423,1,1,1995,16,16,16,16,16,16,16,16,16,16
400423,2,1,1995,0,0,0,0,0,0,0,0,0,0
400423,3,1,1995,0,0,0,0,0,0,0,0,0,0
400423,4,1,1995,0,0,0,0,0,0,0,0,0,0
400424,1,1,1995,0,0,0,0,0,0,0,0,0,0
400424,2,1,1995,0,0,0,0,0,0,0,0,0,0
400424,3,1,1995,0,0,0,0,0,0,15,0,0,0
400425,1,1,1995,0,0,0,0,0,0,0,0,0,0
400425,2,1,1995,0,12,0,0,0,0,0,0,0,0
400426,0,1,1995,0,0,0,0,0,0,0,0,0,0
400426,1,1,1995,0,0,0,0,0,0,0,0,0,0
400427,1,1,1995,0,0,0,0,0,0,0,0,0,0
400428,1,1,1995,0,0,0,0,0,0,0,0,0,0
400428,2,1,1995,0,0,0,0,0,0,0,0,0,0
400429,1,1,1995,20,26,15,17,0,9,15,4,6,16
400429,2,1,1995,0,0,0,0,0,0,0,0,0,0
400430,1,1,1995,0,0,22,0,0,0,0,0,0,0
400430,2,1,1995,20,20,20,20,20,20,20,20,20,20
400431,1,1,1995,0,0,0,0,0,0,0,0,0,0
400432,1,1,1995,32,32,32,32,32,32,32,32,32,32
400432,2,1,1995,12,12,12,12,12,12,12,12,12,12
400433,1,1,1995,21,21,21,21,21,21,21,21,21,21
400434,1,1,1995,0,0,0,0,0,0,0,0,0,0
400435,1,1,1995,15,15,15,15,15,15,15,15,15,15
400435,2,1,1995,0,0,0,0,0,0,0,0,0,0
400436,1,1,1995,0,0,0,0,0,0,0,0,0,0
400437,1,1,1995,33,33,33,33,33,33,33,33,33,33
400437,2,1,1995,0,0,0,24,0,0,0,0,0,0
400437,3,1,1995,0,0,0,0,15,0,0,0,0,0
400437,4,1,1995,0,0,0,0,0,0,0,0,0,0
400438,1,1,1995,0,0,0,0,0,0,0,0,0,0
400439,0,1,1995,0,0,0,0,0,0,0,0,0,0
400439,1,1,1995,0,0,0,0,0,0,0,0,0,0
400440,1,1,1995,0,0,0,0,0,0,0,0,0,0
400440,2,1,1995,0,0,0,0,0,0,0,0,0,0
400441,1,1,1995,0,0,0,0,0,0,0,0,18,0
400441,2,1,1995,21,13,4,8,28,18,4,0,9,9
400442,0,1,1995,0,0,0,0,0,0,0,0,0,0
400442,1,1,1995,0,0,0,0,0,0,0,0,0,0
400443,1,1,1995,21,21,21,21,21,21,21,21,21,21
400443,2,1,1995,0,0,5,0,0,0,0,0,0,0
400444,1,1,1995,12,7,5,27,10,4,20,0,25,11
400444,2,1,1995,0,0,0,0,9,0,0,0,0,0
400445,1,1,1995,33,9,14,15,15,20,10,10,8,16
400446,1,1,1995,23,23,23,23,23,23,23,23,23,23
400447,1,1,1995,0,0,0,0,0,0,0,0,0,0
400447,2,1,1995,0,0,0,0,0,0,0,0,0,0
400448,1,1,1995,0,0,0,0,0,0,0,0,0,0
400448,2,1,1995,0,0,0,0,0,0,0,0,0,0
400449,1,1,1995,0,0,0,0,0,0,0,0,0,0
400450,1,1,1995,0,0,0,0,0,0,0,0,0,0
400450,2,1,1995,0,0,0,0,0,0,0,0,0,0
400451,1,1,1995,0,0,0,0,0,0,0,0,0,0
400451,2,1,1995,0,0,0,0,0,0,0,0,0,0
400452,1,1,1995,7,7,7,7,7,7,7,7,7,7
400453,1,1,1995,10,10,18,17,9,7,9,11,25,7
400454,1,1,1995,27,27,27,27,27,27,27,27,27,27
400455,1,1,1995,19,19,19,19,19,19,19,19,19,19
400456,0,1,1995,0,0,0,0,0,0,0,0,0,0
400456,1,1,1995,0,0,0,0,0,0,0,0,0,0
400457,1,1,1995,11,11,11,11,11,11,11,11,11,11
400458,1,1,1995,0,0,0,0,0,0,0,0,0,0
400458,2,1,1995,0,0,0,0,0,0,0,0,0,0
400459,1,1,1995,0,0,0,0,0,0,0,0,0,0
400460,1,1,1995,9,19,16,9,2,0,14,25,16,0
400460,2,1,1995,14,10,13,11,13,26,11,13,13,13
400461,1,1,1995,28,31,27,32,24,9,36,18,5,15
400462,1,1,1995,13,10,7,17,9,0,0,23,7,7
400463,1,1,1995,21,9,13,24,6,14,14,14,8,15
400463,2,1,1995,0,0,0,0,0,0,0,0,0,0
400464,1,1,1995,0,0,0,0,0,0,0,0,0,0
400465,1,1,1995,31,15,23,25,14,10,18,25,26,3
400466,1,1,1995,31,31,31,31,31,31,31,31,31,31
400466,2,1,1995,0,0,0,0,0,0,0,0,0,0
400467,1,1,1995,0,0,0,0,0,0,0,0,0,0
400468,0,1,1995,7,0,24,0,0,0,0,0,0,0
400468,0,2,1995,0,0,0,0,0,4,0,0,33,23
400468,1,1,1995,0,0,0,0,0,0,0,0,0,0
400469,1,1,1995,0,0,0,0,0,0,0,0,0,0
400469,2,1,1995,0,0,0,0,0,0,0,0,0,0
400470,1,1,1995,0,0,0,0,0,0,0,0,0,0
400471,1,1,1995,0,0,0,0,0,0,0,0,0,0
400472,1,1,1995,0,0,0,0,0,0,0,0,0,0
400473,1,1,1995,16,16,16,16,16,16,16,16,16,16
400474,1,1,1995,20,20,20,20,20,20,20,20,20,20
400475,1,1,1995,17,17,17,17,17,17,17,17,17,17
400476,1,1,1995,0,0,0,0,0,0,0,0,0,0
400476,2,1,1995,0,0,0,0,0,0,0,0,0,0
400477,1,1,1995,24,24,24,24,24,24,24,24,24,24
400478,1,1,1995,0,0,0,0,0,0,0,0,0,0
400479,1,1,1995,0,0,3,0,0,0,0,0,0,0
400480,1,1,1995,17,12,20,9,9,19,20,10,15,19
400481,1,1,1995,18,18,18,18,18,18,18,18,18,18
400482,1,1,1995,0,0,0,0,0,0,0,0,0,0
400482,2,1,1995,0,0,0,0,0,0,0,0,0,0
400483,0,1,1995,0,0,0,0,0,0,0,0,0,0
400483,0,2,1995,0,0,0,0,0,0,0,0,0,0
400483,1,1,1995,0,0,0,0,0,0,0,0,0,0
400484,1,1,1995,0,0,0,0,0,0,0,0,0,0
400484,2,1,1995,0,0,0,0,0,0,0,0,0,0
400485,0,1,1995,0,0,0,0,0,0,0,0,0,0
400485,1,1,1995,0,0,0,0,0,0,0,0,0,0
400486,1,1,1995,0,13,6,0,0,0,0,0,0,27
400486,2,1,1995,0,0,0,0,8,0,0,0,0,14
400487,1,1,1995,9,11,17,6,17,12,20,16,10,20
400488,1,1,1995,11,11,11,11,11,11,11,11,11,11
400488,2,1,1995,0,0,0,0,0,0,0,0,0,0
400489,0,1,1995,0,0,0,0,0,0,0,0,0,0
400489,1,1,1995,0,0,0,0,0,0,0,0,0,0
400490,1,1,1995,0,0,0,0,0,0,0,18,0,0
400491,1,1,1995,0,0,0,0,0,0,0,0,0,0
400491,2,1,1995,0,0,0,0,0,0,0,0,0,0
400492,1,1,1995,0,0,0,0,0,0,0,0,0,0
400492,2,1,1995,0,0,0,0,0,0,0,0,0,0
400493,1,1,1995,11,11,11,11,11,11,11,11,11,11
400494,1,1,1995,35,35,35,35,35,35,35,35,35,35
400495,1,1,1995,0,0,0,0,0,0,0,0,0,0
400496,1,1,1995,0,0,0,0,0,0,0,0,0,0
400497,1,1,1995,0,0,0,0,0,0,0,0,0,0
400497,2,1,1995,0,0,0,0,0,0,0,0,0,0
400499,1,1,1995,0,0,0,0,0,0,0,0,0,0
400499,2,1,1995,0,0,0,0,0,0,0,0,0,0
400500,1,1,1995,0,0,0,0,0,0,0,0,0,0
400500,2,1,1995,0,0,0,0,0,0,0,0,0,0
400501,1,1,1995,0,0,0,0,0,0,0,0,0,0
400502,1,1,1995,26,26,26,26,26,26,26,26,26,26
400503,1,1,1995,0,0,0,0,0,0,0,0,0,8
400504,1,1,1995,23,23,23,23,23,23,23,23,23,23
400505,1,1,1995,0,0,0,0,0,0,0,0,0,0
400505,2,1,1995,0,0,0,0,0,0,0,0,0,0
400506,1,1,1995,0,0,0,0,0,0,0,0,0,0
400506,2,1,1995,0,0,0,0,0,0,0,0,0,0
400507,1,1,1995,0,0,12,0,19,0,20,0,0,3
400508,1,1,1995,0,0,0,0,0,0,0,0,0,0
400508,2,1,1995,0,0,0,0,0,0,0,0,0,0
400509,1,1,1995,10,10,10,10,10,10,10,10,10,10
400509,2,1,1995,0,0,0,0,0,0,16,0,0,0
400510,0,1,1995,0,0,0,0,0,0,0,0,0,0
400510,1,1,1995,0,0,0,0,0,0,0,0,0,0
400511,0,1,1995,0,0,0,0,0,0,0,0,0,0
400511,1,1,1995,0,0,0,0,0,0,0,0,0,0
400512,1,1,1995,0,0,0,0,0,0,0,0,0,0
400512,2,1,1995,0,0,0,0,0,0,0,0,0,0
400513,1,1,1995,0,0,0,0,0,0,0,19,0,0
400513,2,1,1995,0,0,0,0,0,0,0,0,0,0
400513,3,1,1995,0,0,0,0,0,0,0,0,0,0
400514,1,1,1995,0,0,0,0,0,0,0,0,0,0
400514,2,1,1995,18,7,2,14,19,23,25,22,36,9
400515,1,1,1995,0,0,0,0,0,0,0,0,0,0
400516,1,1,1995,0,0,0,0,0,0,0,0,0,0
400517,1,1,1995,0,0,0,0,0,0,0,17,0,0
400517,2,1,1995,0,0,0,0,0,0,0,0,0,0
400518,0,1,1995,18,0,0,21,0,0,41,0,0,32
400518,0,2,1995,0,0,0,0,0,0,0,0,0,0
400518,1,1,1995,19,33,9,19,20,36,15,26,18,15
400519,1,1,1995,0,0,0,0,0,0,0,0,0,0
400520,1,1,1995,8,6,0,0,0,19,14,0,10,0
400521,1,1,1995,0,0,0,0,0,0,0,0,0,0
400521,2,1,1995,0,0,0,0,0,0,0,0,0,0
400522,1,1,1995,0,0,0,0,0,0,0,0,0,0
400523,0,1,1995,0,0,0,0,0,0,0,0,0,0
400523,1,1,1995,0,0,0,0,0,0,0,0,0,0
400524,1,1,1995,0,0,0,0,0,0,0,0,0,0
400524,2,1,1995,0,0,0,0,0,0,0,0,0,0
400525,1,1,1995,0,0,0,0,0,0,0,0,0,0
400526,0,1,1995,21,21,21,21,21,21,21,21,21,21
400526,1,1,1995,0,0,0,0,0,0,0,0,0,0
400527,1,1,1995,8,8,8,8,8,8,8,8,8,8
400528,1,1,1995,0,0,0,0,0,0,0,0,0,0
400528,2,1,1995,0,0,14,0,0,0,0,0,22,8
400529,1,1,1995,17,17,17,17,17,17,17,17,17,17
400530,0,1,1995,0,0,0,0,0,0,0,0,0,0
400530,1,1,1995,0,0,0,0,0,0,0,0,15,0
400531,1,1,1995,0,0,0,0,0,5,0,0,0,0
400531,2,1,1995,0,0,0,0,0,0,0,0,0,0
400532,1,1,1995,20,27,21,18,26,30,13,8,16,18
400533,1,1,1995,29,29,29,29,29,29,29,29,29,29
400533,2,1,1995,0,0,0,0,0,0,0,0,0,0
400534,1,1,1995,17,17,17,17,17,17,17,17,17,17
400534,2,1,1995,0,0,0,0,0,0,0,0,0,0
400535,1,1,1995,40,21,42,14,23,26,21,33,23,10
400536,1,1,1995,9,0,0,0,0,15,0,0,0,0
400536,2,1,1995,0,0,0,0,0,0,0,0,0,0
400537,1,1,1995,0,0,0,0,0,0,0,0,0,0
400538,1,1,1995,12,12,12,12,12,12,12,12,12,12
400539,1,1,1995,10,10,10,10,10,10,10,10,10,10
400540,1,1,1995,0,0,0,0,0,0,0,0,0,0
400540,2,1,1995,0,0,0,0,0,0,0,0,0,0
400541,0,1,1995,0,0,0,0,0,0,0,0,0,0
400541,1,1,1995,0,0,0,0,0,0,0,0,0,0
400542,1,1,1995,27,27,27,27,27,27,27,27,27,27
400543,1,1,1995,0,0,0,0,0,0,0,0,0,0
400544,0,1,1995,0,0,0,0,0,0,0,0,0,0
400544,1,1,1995,0,0,0,0,0,0,0,0,0,0
400545,1,1,1995,24,12,23,12,28,18,17,24,27,40
400546,1,1,1995,17,17,17,17,17,17,17,17,17,17
400547,1,1,1995,19,19,19,19,19,19,19,19,19,19
400548,1,1,1995,0,0,0,0,0,0,0,0,0,0
400548,2,1,1995,0,0,0,0,0,0,0,0,0,0
400548,3,1,1995,16,0,0,0,0,0,0,0,0,0
400549,1,1,1995,8,8,8,8,8,8,8,8,8,8
400550,1,1,1995,15,16,15,7,9,26,14,26,8,17
400550,2,1,1995,0,0,0,0,0,0,0,0,0,0
400551,1,1,1995,0,0,0,0,0,0,0,0,0,0
400552,1,1,1995,15,15,15,15,15,15,15,15,15,15
400552,2,1,1995,0,0,0,0,0,0,0,0,0,0
400553,1,1,1995,0,0,0,0,0,0,0,0,0,0
400554,1,1,1995,31,31,31,31,31,31,31,31,31,31
400555,1,1,1995,0,0,0,0,0,0,0,0,0,0
400555,2,1,1995,0,0,0,0,0,0,0,0,0,0
400556,0,1,1995,20,20,20,20,20,20,20,20,20,20
400556,1,1,1995,0,0,0,0,0,0,0,0,0,0
400557,1,1,1995,0,0,0,0,0,0,0,0,0,0
400557,2,1,1995,0,0,0,0,0,0,0,0,0,0
400558,1,1,1995,0,0,0,0,0,0,0,0,0,0
400558,2,1,1995,0,0,0,0,0,0,0,0,0,0
400559,1,1,1995,0,0,0,0,0,0,0,0,0,0
400559,2,1,1995,0,0,0,0,0,0,0,0,0,12
400560,1,1,1995,0,0,0,0,0,0,0,0,0,0
400560,2,1,1995,14,26,20,11,15,23,22,18,15,10
400561,1,1,1995,7,21,19,18,13,18,13,21,18,15
400561,2,1,1995,0,0,0,0,0,0,0,0,0,0
400562,1,1,1995,27,11,14,5,8,17,8,9,13,7
400562,2,1,1995,0,0,0,0,0,0,0,0,0,0
400563,1,1,1995,7,7,7,7,7,7,7,7,7,7
400564,1,1,1995,0,0,0,0,0,0,0,0,0,0
400564,2,1,1995,0,0,0,0,0,0,0,0,0,0
400565,1,1,1995,41,41,41,41,41,41,41,41,41,41
400566,1,1,1995,0,0,0,0,0,0,0,0,0,0
400567,0,1,1995,0,0,0,0,0,0,0,0,0,0
400567,1,1,1995,0,0,0,0,0,0,0,0,0,0
400568,1,1,1995,9,13,13,17,23,16,14,24,25,0
400569,1,1,1995,0,0,0,0,0,0,0,0,0,0
400569,2,1,1995,0,0,0,0,0,0,0,0,0,0
400570,0,1,1995,0,0,0,0,0,0,0,0,0,0
400570,1,1,1995,0,0,0,0,0,0,0,0,0,0
400571,1,1,1995,6,6,6,6,6,6,6,6,6,6
400571,2,1,1995,0,0,0,0,0,0,0,0,0,0
400572,1,1,1995,0,0,0,0,0,0,0,0,0,0
400572,2,1,1995,0,0,0,0,0,0,0,0,0,0
400573,1,1,1995,0,0,0,0,0,0,0,0,0,0
400573,2,1,1995,0,0,0,0,0,0,0,0,0,0
400574,1,1,1995,0,0,0,0,0,0,0,0,0,0
400574,2,1,1995,0,0,0,0,0,0,0,0,0,0
400575,1,1,1995,29,29,29,29,29,29,29,29,29,29
400575,2,1,1995,0,0,0,0,0,0,0,0,0,0
400576,1,1,1995,7,7,7,7,7,7,7,7,7,7
400577,1,1,1995,0,0,0,0,0,0,0,0,0,0
400577,2,1,1995,0,0,0,0,0,0,0,0,0,0
400578,1,1,1995,17,17,17,17,17,17,17,17,17,17
400579,1,1,1995,16,16,16,16,16,16,16,16,16,16
400579,2,1,1995,0,0,0,0,0,0,0,0,0,0
400580,1,1,1995,0,0,0,0,0,0,0,0,0,0
400581,1,1,1995,0,0,0,0,0,0,0,0,0,0
400582,1,1,1995,0,0,0,0,0,0,0,0,0,0
400582,2,1,1995,0,0,17,0,0,0,0,0,0,0
400583,1,1,1995,9,9,9,9,9,9,9,9,9,9
400584,1,1,1995,0,0,0,0,0,0,0,0,0,0
400584,2,1,1995,0,0,0,0,0,0,0,0,0,0
400585,1,1,1995,0,0,0,0,0,0,0,0,0,0
400585,2,1,1995,0,0,0,0,0,0,0,0,3,0
400586,1,1,1995,22,22,22,22,22,22,22,22,22,22
400586,2,1,1995,0,0,0,0,0,0,0,0,0,0
400587,1,1,1995,0,0,0,0,0,0,0,0,0,0
400587,2,1,1995,0,0,0,0,0,0,0,0,0,0
400588,1,1,1995,0,0,0,0,0,0,0,0,0,0
400588,2,1,1995,0,0,0,0,0,0,0,0,0,0
400589,1,1,1995,0,0,0,0,0,0,0,0,0,0
400589,2,1,1995,0,0,0,0,0,0,0,0,0,0
400590,1,1,1995,0,0,0,0,0,0,0,0,0,0
400590,2,1,1995,0,0,0,0,0,0,0,0,0,0
400591,1,1,1995,0,30,0,27,0,0,20,0,0,0
400592,1,1,1995,12,20,12,5,15,6,23,18,14,6
400593,1,1,1995,0,0,0,0,0,0,0,0,0,0
400593,2,1,1995,0,0,0,0,0,0,0,0,0,0
400594,1,1,1995,9,17,16,24,12,3,16,18,2,7
400595,1,1,1995,0,0,0,0,0,0,0,0,0,0
400595,2,1,1995,0,0,0,0,0,0,0,0,0,0
400596,1,1,1995,0,0,0,0,0,0,0,0,0,0
400597,1,1,1995,20,20,20,20,20,20,20,20,20,20
400598,1,1,1995,16,19,28,19,19,7,22,11,24,14
400598,2,1,1995,0,0,0,0,0,0,0,0,0,0
400600,1,1,1995,5,5,5,5,5,5,5,5,5,5
400600,2,1,1995,0,0,0,0,0,0,0,0,0,0
400601,1,1,1995,0,0,0,0,0,0,0,0,0,0
400601,2,1,1995,0,0,0,0,0,0,0,0,0,2
400601,3,1,1995,0,0,0,0,0,0,0,0,0,0
400602,1,1,1995,11,11,11,11,11,11,11,11,11,11
400604,1,1,1995,0,0,0,0,0,0,0,0,0,0
410001,0,1,1995,0,0,0,0,0,0,0,0,0,0
410001,1,1,1995,0,0,0,0,0,28,0,18,14,0
410001,2,1,1995,0,0,0,28,0,0,11,30,6,0
410002,1,1,1995,0,0,0,0,0,0,0,0,0,0
410002,2,1,1995,0,0,0,0,0,0,0,0,0,0
410003,1,1,1995,5,5,5,5,5,5,5,5,5,5
410003,2,1,1995,0,0,0,0,0,0,0,0,0,0
410004,1,1,1995,0,0,0,0,0,0,0,0,0,0
410004,2,1,1995,0,0,0,0,0,0,0,0,0,0
410005,1,1,1995,2,2,2,2,2,2,2,2,2,2
410005,2,1,1995,23,23,23,23,23,23,23,23,23,23
410005,3,1,1995,0,0,0,0,0,0,0,0,0,0
410006,1,1,1995,0,0,0,0,0,0,0,0,0,0
410007,1,1,1995,0,0,0,0,0,0,0,0,0,0
410007,2,1,1995,0,0,0,0,0,0,0,0,0,0
410008,1,1,1995,0,0,0,0,0,0,0,0,0,0
410008,2,1,1995,0,0,0,0,0,0,0,0,0,0
410009,1,1,1995,21,21,21,21,21,21,21,21,21,21
410010,1,1,1995,0,0,0,0,0,0,0,0,0,0
410011,1,1,1995,0,0,0,0,0,0,0,0,0,0
410012,1,1,1995,10,10,10,10,10,10,10,10,10,10
410013,0,1,1995,0,0,0,0,0,0,0,0,0,0
410013,1,1,1995,0,0,0,0,0,0,0,0,0,0
410014,1,1,1995,26,26,26,26,26,26,26,26,26,26
410015,1,1,1995,0,0,0,0,0,0,0,0,0,0
410015,2,1,1995,0,0,0,0,0,0,0,0,0,0
410016,1,1,1995,0,0,0,0,0,0,0,0,0,0
410016,2,1,1995,0,0,0,0,0,0,0,0,0,0
410017,0,1,1995,0,0,0,0,0,0,0,0,0,0
410017,1,1,1995,0,0,0,0,0,0,0,0,0,0
410018,1,1,1995,24,24,24,24,24,24,24,24,24,24
410018,2,1,1995,0,0,0,0,0,0,0,0,0,0
410019,0,1,1995,18,18,18,18,18,18,18,18,18,18
410019,1,1,1995,0,0,0,0,0,0,0,0,0,0
410020,1,1,1995,0,0,0,0,0,0,0,0,0,0
410020,2,1,1995,0,0,0,0,0,0,0,0,0,0
410021,1,1,1995,0,0,0,0,0,0,0,0,0,0
410022,1,1,1995,0,0,0,0,0,0,0,0,0,0
410023,1,1,1995,17,17,17,17,17,17,17,17,17,17
410023,2,1,1995,0,0,2,0,0,0,0,0,0,0
410024,1,1,1995,0,0,0,0,0,0,0,0,0,0
410024,2,1,1995,0,0,0,0,0,0,0,0,0,0
410025,1,1,1995,21,21,21,21,21,21,21,21,21,21
410026,1,1,1995,0,0,0,0,0,0,0,0,0,18
410026,2,1,1995,0,0,0,0,0,0,0,0,0,0
410027,1,1,1995,20,20,20,20,20,20,20,20,20,20
410028,1,1,1995,18,18,18,18,18,18,18,18,18,18
410028,2,1,1995,0,0,0,0,0,0,0,0,0,0
410029,1,1,1995,0,0,0,0,0,0,0,0,0,0
410029,2,1,1995,0,0,0,0,0,0,0,0,0,0
410030,1,1,1995,0,0,0,0,0,0,0,0,0,0
410030,2,1,1995,0,0,0,0,0,0,0,0,0,0
410031,1,1,1995,18,18,18,18,18,18,18,18,18,18