ST_CASE,VEH_NO,PER_NO,YEAR,P1,P2,P3,P4,P5,P6,P7,P8,P9,P10
420896,1,1,1995,0,0,0,0,0,0,0,0,0,0
420897,1,1,1995,0,0,0,0,0,0,0,0,0,0
420897,2,1,1995,0,0,0,0,0,0,0,0,0,0
420898,1,1,1995,5,5,5,5,5,5,5,5,5,5
420899,1,1,1995,20,20,20,20,20,20,20,20,20,20
420900,0,1,1995,0,28,0,0,0,0,0,0,0,0
420900,1,1,1995,0,0,0,0,0,0,0,0,0,0
420901,1,1,1995,19,19,19,19,19,19,19,19,19,19
420902,1,1,1995,18,18,18,18,18,18,18,18,18,18
420903,1,1,1995,0,0,0,0,0,0,0,0,0,0
420903,2,1,1995,8,19,12,0,19,3,0,39,37,0
420904,1,1,1995,0,0,0,0,0,0,0,0,0,0
420905,1,1,1995,0,0,0,0,0,0,0,0,0,0
420906,1,1,1995,0,0,0,0,0,0,0,0,0,0
420906,2,1,1995,0,0,0,0,0,0,0,0,0,0
420907,1,1,1995,9,9,9,9,9,9,9,9,9,9
420908,1,1,1995,0,0,0,0,0,0,0,0,0,0
420909,1,1,1995,23,23,23,23,23,23,23,23,23,23
420910,1,1,1995,26,26,26,26,26,26,26,26,26,26
420911,1,1,1995,11,11,11,11,11,11,11,11,11,11
420911,2,1,1995,0,0,0,0,0,0,0,18,0,19
420912,1,1,1995,0,0,0,0,0,0,0,0,0,0
420913,1,1,1995,27,27,27,27,27,27,27,27,27,27
420914,1,1,1995,18,18,18,18,18,18,18,18,18,18
420914,2,1,1995,0,0,0,0,0,0,0,0,0,0
420915,1,1,1995,0,0,0,0,0,0,0,0,0,0
420915,2,1,1995,0,0,0,0,0,0,0,0,0,0
420915,3,1,1995,0,0,0,0,0,0,0,0,0,0
420916,1,1,1995,0,0,0,0,0,0,0,0,0,0
420916,2,1,1995,0,0,0,0,0,0,0,0,0,0
420917,1,1,1995,0,0,0,0,0,0,0,0,0,0
420918,0,1,1995,11,8,0,0,0,24,14,0,0,0
420918,1,1,1995,15,10,7,0,0,0,0,22,11,0
420919,1,1,1995,17,8,0,15,0,0,0,0,0,0
420920,1,1,1995,1,1,1,1,1,1,1,1,1,1
420920,2,1,1995,0,0,0,0,0,0,0,0,0,0
420921,0,1,1995,0,0,0,0,0,0,0,0,0,0
420921,1,1,1995,0,0,0,0,0,0,0,0,0,0
420922,1,1,1995,0,0,0,0,0,0,0,0,0,0
420923,1,1,1995,1,1,1,1,1,1,1,1,1,1
420924,1,1,1995,12,12,12,12,12,12,12,12,12,12
420924,2,1,1995,8,0,0,0,0,0,0,0,0,0
420925,1,1,1995,0,0,0,0,0,0,0,0,0,0
420925,2,1,1995,0,0,0,0,0,0,0,0,0,0
420926,1,1,1995,0,0,0,0,0,0,0,0,0,0
420926,2,1,1995,0,0,0,0,0,0,0,0,0,0
420927,0,1,1995,33,33,33,33,33,33,33,33,33,33
420927,1,1,1995,0,0,0,0,0,0,0,0,0,0
420928,1,1,1995,0,0,20,0,0,0,0,0,0,0
420929,1,1,1995,0,0,0,0,0,0,0,0,0,0
420929,2,1,1995,0,0,0,0,0,0,0,0,0,0
420929,3,1,1995,0,0,0,0,0,0,0,0,0,0
420929,4,1,1995,0,0,0,0,0,0,0,0,0,0
420930,0,1,1995,0,0,0,0,16,0,0,0,0,0
420930,1,1,1995,15,19,0,6,21,0,6,0,0,0
420931,1,1,1995,12,12,12,12,12,12,12,12,12,12
420932,1,1,1995,0,0,0,0,0,0,0,0,0,0
420932,2,1,1995,0,0,0,0,0,0,0,0,0,0
420932,3,1,1995,0,0,0,0,0,0,0,0,0,0
420933,1,1,1995,22,22,22,22,22,22,22,22,22,22
420933,2,1,1995,0,0,0,0,0,0,0,0,0,0
420934,1,1,1995,0,0,0,0,0,0,0,0,0,0
420934,2,1,1995,0,0,0,0,0,0,0,0,0,0
420935,1,1,1995,0,0,0,0,0,0,0,0,0,0
420935,2,1,1995,0,0,0,0,0,0,0,0,0,0
420936,1,1,1995,0,0,3,0,0,0,0,0,0,0
420936,2,1,1995,0,0,13,0,0,0,0,0,0,6
420937,1,1,1995,0,0,0,0,0,18,0,3,0,0
420937,2,1,1995,0,0,0,0,0,0,0,0,0,0
420938,1,1,1995,0,0,0,0,0,0,0,0,0,0
420939,1,1,1995,31,11,11,1,10,4,12,13,7,25
420940,0,1,1995,0,0,0,0,0,0,0,0,0,0
420940,1,1,1995,0,0,0,0,0,0,0,0,0,0
420941,1,1,1995,0,0,0,0,0,0,0,0,0,0
420942,1,1,1995,11,11,11,11,11,11,11,11,11,11
420943,1,1,1995,0,0,0,0,0,0,0,0,0,0
420944,1,1,1995,0,0,0,0,0,0,0,0,0,0
420944,2,1,1995,0,0,0,0,0,0,0,0,0,0
420945,1,1,1995,0,0,0,0,0,0,0,0,0,0
420945,2,1,1995,0,0,0,0,0,0,0,0,0,0
420946,1,1,1995,0,0,0,0,0,0,0,0,0,0
420947,1,1,1995,25,25,25,25,25,25,25,25,25,25
420947,2,1,1995,0,0,0,0,0,0,0,0,0,0
420948,1,1,1995,0,0,0,0,0,0,0,0,0,0
420949,1,1,1995,15,15,15,15,15,15,15,15,15,15
420950,1,1,1995,21,21,21,21,21,21,21,21,21,21
420951,1,1,1995,0,0,0,0,0,0,0,0,0,0
420952,1,1,1995,0,0,0,0,0,0,0,0,0,0
420952,2,1,1995,6,6,6,6,6,6,6,6,6,6
420953,1,1,1995,3,3,3,3,3,3,3,3,3,3
420954,1,1,1995,12,14,21,17,8,14,11,13,15,14
420955,0,1,1995,0,0,0,0,0,0,0,0,0,0
420955,1,1,1995,0,0,0,0,0,0,0,0,0,5
420956,0,1,1995,0,0,0,0,0,0,0,0,0,0
420956,1,1,1995,0,0,0,0,0,0,7,0,0,0
420957,0,1,1995,22,0,0,0,0,0,0,0,0,0
420957,1,1,1995,0,0,0,0,0,0,0,5,0,0
420958,1,1,1995,13,13,13,13,13,13,13,13,13,13
420959,1,1,1995,0,0,0,0,0,0,0,0,0,0
420959,2,1,1995,0,0,0,0,0,0,0,0,0,0
420960,1,1,1995,0,0,0,0,0,0,0,0,0,0
420961,0,1,1995,0,0,0,0,0,0,0,0,0,0
420961,1,1,1995,0,0,0,0,0,0,0,0,0,0
420962,1,1,1995,0,0,0,11,0,0,8,15,0,21
420963,1,1,1995,0,0,0,0,0,0,0,0,0,0
420963,2,1,1995,11,11,11,11,11,11,11,11,11,11
420964,1,1,1995,0,0,0,0,0,0,0,0,0,0
420965,1,1,1995,0,0,0,0,0,0,0,0,0,0
420965,2,1,1995,0,0,0,0,0,0,0,0,0,0
420966,1,1,1995,4,4,4,4,4,4,4,4,4,4
420967,1,1,1995,0,0,0,0,0,0,0,0,0,0
420967,2,1,1995,0,0,0,0,0,0,0,0,0,0
420968,1,1,1995,4,4,4,4,4,4,4,4,4,4
420968,2,1,1995,0,0,0,0,0,0,0,0,0,0
420969,1,1,1995,0,0,0,0,0,0,0,0,0,0
420970,1,1,1995,0,0,0,0,0,0,0,0,0,0
420970,2,1,1995,0,0,0,0,0,0,0,0,0,0
420971,1,1,1995,0,0,0,14,0,0,0,0,0,0
420971,2,1,1995,0,0,0,0,0,0,0,0,0,0
420972,0,1,1995,0,0,0,0,0,0,0,0,0,0
420972,1,1,1995,0,0,0,0,0,0,0,0,0,0
420973,1,1,1995,21,11,22,17,0,0,11,18,32,21
420974,1,1,1995,0,0,0,0,0,0,0,0,0,0
420974,2,1,1995,0,0,0,0,0,0,0,0,0,0
420975,1,1,1995,0,0,0,0,0,0,0,0,0,0
420975,2,1,1995,0,0,0,0,0,0,0,0,0,0
420976,1,1,1995,11,11,11,11,11,11,11,11,11,11
420977,1,1,1995,16,16,16,16,16,16,16,16,16,16
420978,1,1,1995,5,5,5,5,5,5,5,5,5,5
420978,2,1,1995,0,0,5,0,13,14,0,0,10,26
420979,1,1,1995,25,25,25,25,25,25,25,25,25,25
420980,1,1,1995,29,29,29,29,29,29,29,29,29,29
420980,2,1,1995,0,0,0,0,24,34,0,0,0,0
420981,1,1,1995,21,21,21,21,21,21,21,21,21,21
420981,2,1,1995,0,0,0,0,0,0,0,0,0,0
420982,1,1,1995,24,24,24,24,24,24,24,24,24,24
420983,1,1,1995,0,0,0,0,0,0,0,0,0,0
420983,2,1,1995,0,0,0,0,0,0,0,0,0,0
420984,1,1,1995,0,0,60,0,22,0,0,23,0,18
420985,1,1,1995,0,0,0,0,0,0,0,0,0,0
420986,1,1,1995,0,0,0,0,0,0,0,0,0,0
420987,0,1,1995,0,0,0,0,0,0,0,0,0,0
420987,1,1,1995,0,0,0,0,0,0,0,0,0,0
420988,1,1,1995,2,2,2,2,2,2,2,2,2,2
420988,2,1,1995,9,0,14,0,9,17,38,18,10,14
420989,0,1,1995,0,0,0,0,0,0,0,0,0,0
420989,0,2,1995,0,0,0,0,0,0,0,0,0,0
420989,1,1,1995,0,0,0,0,0,0,0,0,0,0
420990,1,1,1995,0,18,13,25,9,7,14,18,15,17
420991,1,1,1995,0,0,0,0,0,0,0,0,0,0
420991,2,1,1995,0,0,0,0,0,0,0,0,5,0
420992,1,1,1995,25,8,5,12,17,17,23,19,15,12
420993,1,1,1995,3,19,10,13,18,27,12,20,14,9
420994,0,1,1995,0,0,0,0,0,0,0,20,0,0
420994,1,1,1995,0,0,0,0,0,0,0,0,0,0
420995,1,1,1995,0,8,0,0,15,0,15,14,7,0
420995,2,1,1995,0,0,0,0,0,0,0,0,0,0
420996,1,1,1995,24,24,24,24,24,24,24,24,24,24
420997,0,1,1995,0,0,0,0,0,0,0,0,0,0
420997,1,1,1995,0,0,0,0,0,0,0,0,0,0
420998,0,1,1995,0,0,0,0,0,0,0,0,0,0
420998,1,1,1995,0,0,0,0,0,0,0,0,0,0
420999,1,1,1995,15,15,15,15,15,15,15,15,15,15
421000,1,1,1995,28,28,28,28,28,28,28,28,28,28
421001,1,1,1995,23,23,23,23,23,23,23,23,23,23
421001,2,1,1995,0,0,0,0,0,0,0,0,0,0
421002,1,1,1995,0,0,0,0,0,0,0,0,0,0
421002,2,1,1995,0,0,0,0,0,0,0,0,0,0
421003,1,1,1995,0,0,0,0,0,0,0,0,0,0
421003,2,1,1995,0,0,0,0,0,0,0,0,0,0
421004,1,1,1995,0,0,0,0,0,0,0,0,0,0
421004,2,1,1995,0,0,0,0,0,0,0,0,0,0
421005,0,1,1995,17,0,0,17,0,0,12,17,0,0
421005,1,1,1995,2,16,23,16,0,0,14,0,0,0
421006,0,1,1995,0,0,0,0,0,0,0,0,0,0
421006,1,1,1995,0,0,0,0,0,0,0,0,0,0
421007,1,1,1995,22,22,22,22,22,22,22,22,22,22
421008,1,1,1995,12,12,12,12,12,12,12,12,12,12
421008,2,1,1995,9,9,9,9,9,9,9,9,9,9
421009,1,1,1995,10,13,0,0,11,10,24,12,3,9
421009,2,1,1995,0,0,0,0,0,0,0,0,0,0
421010,0,1,1995,0,0,8,12,0,0,10,0,0,0
421010,0,2,1995,0,0,0,0,0,0,0,0,0,0
421010,0,3,1995,0,0,0,0,0,0,0,0,0,0
421010,1,1,1995,0,0,0,0,0,0,0,0,0,0
421011,0,1,1995,0,5,0,0,0,0,0,0,0,0
421011,1,1,1995,0,0,8,0,0,25,0,0,0,0
421012,1,1,1995,0,0,0,0,0,0,0,0,0,0
421013,1,1,1995,0,0,0,0,0,0,0,0,0,0
421014,1,1,1995,8,0,0,0,0,0,0,0,5,0
421014,2,1,1995,0,0,0,15,0,0,0,0,0,0
421015,1,1,1995,0,0,0,0,0,0,0,0,0,0
421015,2,1,1995,0,0,0,0,0,0,0,0,0,0
421016,1,1,1995,0,0,0,0,0,0,0,0,0,0
421016,2,1,1995,0,0,0,0,0,0,0,0,0,0
421017,1,1,1995,24,0,0,0,0,0,19,0,0,9
421017,2,1,1995,0,0,0,0,0,0,0,0,0,0
421018,1,1,1995,39,39,39,39,39,39,39,39,39,39
421019,1,1,1995,0,0,0,0,0,0,0,0,0,0
421019,2,1,1995,0,0,0,0,0,0,0,0,0,0
421020,1,1,1995,0,0,0,0,0,0,0,0,0,0
421020,2,1,1995,0,0,0,0,0,0,0,0,0,8
421021,0,1,1995,16,16,16,16,16,16,16,16,16,16
421021,1,1,1995,0,0,0,0,0,0,0,0,0,0
421022,1,1,1995,26,12,7,24,22,20,10,19,10,8
421023,1,1,1995,16,16,16,16,16,16,16,16,16,16
421023,2,1,1995,0,0,0,0,0,0,0,0,0,0
421024,1,1,1995,0,0,0,0,0,0,0,0,0,0
421024,2,1,1995,0,0,0,0,0,0,0,0,0,0
421025,1,1,1995,0,0,0,0,0,0,0,0,0,0
421025,2,1,1995,0,0,0,0,0,0,0,0,0,0
421025,3,1,1995,0,0,0,0,0,0,0,0,0,0
421026,1,1,1995,0,0,0,0,0,0,0,0,0,0
421027,1,1,1995,21,21,21,21,21,21,21,21,21,21
421028,0,1,1995,37,0,0,13,0,0,0,0,0,0
421028,1,1,1995,0,0,0,0,0,0,0,0,0,0
421029,0,1,1995,0,0,0,0,0,0,0,0,0,0
421029,1,1,1995,0,0,0,0,0,0,0,0,0,0
421030,1,1,1995,0,0,0,0,0,0,0,0,0,0
421030,2,1,1995,0,0,0,0,0,0,0,0,0,0
421031,1,1,1995,0,0,0,0,0,14,4,21,0,0
421031,2,1,1995,0,0,0,0,0,0,0,0,0,0
421032,1,1,1995,18,18,18,18,18,18,18,18,18,18
421033,1,1,1995,14,35,18,27,0,0,16,26,0,29
421034,0,1,1995,0,0,0,0,0,0,0,0,0,0
421034,1,1,1995,0,0,0,0,0,0,0,0,0,0
421035,0,1,1995,0,0,0,0,0,0,0,0,0,0
421035,1,1,1995,0,0,0,12,18,8,0,0,0,5
421036,1,1,1995,16,16,16,16,16,16,16,16,16,16
421037,1,1,1995,11,11,11,11,11,11,11,11,11,11
421037,2,1,1995,5,9,16,0,22,20,0,0,7,0
421038,1,1,1995,0,0,0,0,0,0,0,0,0,0
421038,2,1,1995,0,0,0,0,0,0,0,0,0,0
421038,3,1,1995,0,0,0,0,0,0,0,0,0,0
421038,4,1,1995,4,4,4,4,4,4,4,4,4,4
421038,5,1,1995,0,0,0,0,0,0,0,0,0,0
421039,1,1,1995,0,0,0,0,0,0,0,0,0,0
421040,1,1,1995,0,3,2,17,0,0,0,0,3,0
421041,1,1,1995,20,20,20,20,20,20,20,20,20,20
421042,1,1,1995,11,22,17,0,30,18,21,18,31,15
421043,0,1,1995,4,4,4,4,4,4,4,4,4,4
421043,1,1,1995,0,0,0,0,0,0,0,0,16,0
421044,1,1,1995,0,0,0,0,0,0,0,0,0,0
421044,2,1,1995,0,0,0,19,0,0,0,6,0,0
421045,1,1,1995,0,0,7,0,0,0,0,0,20,14
421045,2,1,1995,0,0,0,13,0,0,0,0,10,30
421045,3,1,1995,0,0,16,0,0,0,0,0,7,0
421045,4,1,1995,0,0,0,0,0,0,0,0,0,0
421046,0,1,1995,0,0,0,0,0,0,0,0,0,0
421046,1,1,1995,0,0,0,0,0,0,0,0,0,0
421047,1,1,1995,0,0,0,0,0,0,0,0,0,0
421047,2,1,1995,0,21,0,0,0,0,0,0,0,0
421048,1,1,1995,0,0,0,0,0,0,0,0,0,0
421048,2,1,1995,0,0,0,0,0,0,0,0,0,0
421049,1,1,1995,0,11,0,0,0,0,0,0,0,0
421049,2,1,1995,0,0,0,0,0,0,0,0,0,0
421050,1,1,1995,0,0,0,0,0,0,0,0,0,0
421051,1,1,1995,0,0,0,0,0,0,0,0,0,0
421051,2,1,1995,0,0,0,0,0,0,0,0,0,0
421052,1,1,1995,0,0,0,0,0,0,0,0,0,0
421052,2,1,1995,0,0,0,0,0,0,0,0,0,0
421052,3,1,1995,0,0,0,0,0,0,0,0,0,0
421053,0,1,1995,0,0,0,0,0,0,0,0,0,0
421053,1,1,1995,0,0,0,0,0,0,0,0,0,0
421054,1,1,1995,12,7,0,9,0,0,9,0,17,18
421054,2,1,1995,0,0,0,0,0,0,0,0,0,0
421055,1,1,1995,0,0,0,0,0,0,0,0,0,0
421055,2,1,1995,0,0,0,0,0,0,0,0,0,0
421056,1,1,1995,16,16,16,16,16,16,16,16,16,16
421057,1,1,1995,0,0,0,0,0,0,0,0,0,0
421058,1,1,1995,10,10,10,10,10,10,10,10,10,10
421059,1,1,1995,11,11,11,11,11,11,11,11,11,11
421060,1,1,1995,11,11,11,11,11,11,11,11,11,11
421061,1,1,1995,0,0,0,0,0,0,0,0,0,0
421061,2,1,1995,0,0,0,0,0,0,0,0,0,0
421062,1,1,1995,0,0,30,0,0,28,0,22,16,22
421063,1,1,1995,2,2,2,2,2,2,2,2,2,2
421064,0,1,1995,0,0,0,0,0,0,0,0,0,0
421064,0,2,1995,7,0,0,13,0,0,0,0,4,19
421064,1,1,1995,0,0,0,0,0,0,0,0,0,0
421065,1,1,1995,0,0,0,0,0,0,0,0,0,0
421065,2,1,1995,0,0,0,0,0,0,0,0,0,0
421066,1,1,1995,0,0,0,0,0,0,0,0,0,0
421066,2,1,1995,0,0,0,0,0,0,0,0,15,0
421067,1,1,1995,34,34,34,34,34,34,34,34,34,34
421067,2,1,1995,0,0,0,0,0,0,15,0,0,0
421068,1,1,1995,12,12,12,12,12,12,12,12,12,12
421069,1,1,1995,0,0,0,0,0,0,14,0,0,0
421069,2,1,1995,0,0,0,0,0,0,0,0,0,0
421070,1,1,1995,0,0,0,0,0,0,0,0,0,0
421071,0,1,1995,0,0,0,27,13,0,0,0,0,0
421071,1,1,1995,0,0,0,0,0,0,0,0,0,0
421072,1,1,1995,12,12,12,12,12,12,12,12,12,12
421073,1,1,1995,15,15,15,15,15,15,15,15,15,15
421074,1,1,1995,0,0,0,0,0,0,0,0,0,0
421074,2,1,1995,7,18,17,15,20,24,0,0,21,13
421075,1,1,1995,0,0,0,0,0,0,0,0,0,0
421075,2,1,1995,0,0,0,0,0,0,0,0,0,0
421076,1,1,1995,27,25,9,14,24,11,26,18,24,21
421076,2,1,1995,0,7,38,0,0,11,0,8,18,16
421077,1,1,1995,22,22,22,22,22,22,22,22,22,22
421078,1,1,1995,0,0,0,0,0,0,0,0,0,0
421078,2,1,1995,0,0,0,0,0,9,0,0,0,0
421079,1,1,1995,0,0,0,0,0,0,0,0,0,0
421080,1,1,1995,0,0,0,0,0,0,0,0,0,0
421081,0,1,1995,0,0,0,0,0,0,0,0,0,0
421081,1,1,1995,0,0,0,0,0,0,0,0,0,0
421082,1,1,1995,15,15,15,15,15,15,15,15,15,15
421082,3,1,1995,0,0,0,0,0,0,0,0,0,0
421083,0,1,1995,0,0,0,14,33,0,0,0,19,0
421083,0,2,1995,0,0,0,0,0,0,0,0,0,0
421083,1,1,1995,0,0,0,0,0,0,0,0,0,0
421083,2,1,1995,0,0,0,0,0,0,0,0,0,0
421084,1,1,1995,0,0,0,0,0,0,0,0,0,0
421085,1,1,1995,0,0,0,0,0,0,0,0,0,0
421085,2,1,1995,0,0,0,0,0,0,0,0,0,0
421086,1,1,1995,34,34,34,34,34,34,34,34,34,34
421086,2,1,1995,0,0,0,0,0,0,0,0,0,0
421087,1,1,1995,0,0,0,0,0,0,0,0,0,0
421087,2,1,1995,0,0,0,0,0,0,0,0,0,0
421088,0,1,1995,20,20,20,20,20,20,20,20,20,20
421088,1,1,1995,0,0,0,0,0,0,0,0,0,0
421089,1,1,1995,0,0,0,0,0,0,0,0,0,0
421090,1,1,1995,32,32,32,32,32,32,32,32,32,32
421091,1,1,1995,0,0,0,0,0,0,0,0,0,0
421092,1,1,1995,0,0,0,0,0,0,0,0,0,0
421093,1,1,1995,0,0,0,7,0,0,0,0,0,0
421094,0,1,1995,21,25,52,0,14,0,0,0,0,0
421094,1,1,1995,0,0,0,0,0,0,0,0,0,0
421095,1,1,1995,0,0,0,0,0,0,0,0,0,0
421095,2,1,1995,0,0,0,0,0,0,0,0,0,0
421096,1,1,1995,0,0,0,0,0,0,0,0,0,0
421096,2,1,1995,0,0,0,0,0,0,0,0,0,0
421096,3,1,1995,0,0,0,0,0,0,0,0,0,0
421097,1,1,1995,0,0,0,0,0,0,0,0,0,0
421097,2,1,1995,0,0,0,0,0,0,0,0,0,0
421098,0,1,1995,0,0,0,0,0,0,0,27,0,0
421098,1,1,1995,0,0,0,0,0,0,0,0,0,4
421099,1,1,1995,0,0,0,0,0,0,0,0,0,0
421099,2,1,1995,0,0,0,0,0,0,0,0,0,0
421100,0,1,1995,0,0,0,0,0,0,0,0,0,0
421100,1,1,1995,0,0,0,0,0,0,0,0,0,0
421101,1,1,1995,0,0,0,0,0,0,0,0,0,0
421102,1,1,1995,13,6,11,8,10,6,20,7,7,19
421103,0,1,1995,0,0,0,0,0,0,0,0,0,0
421103,1,1,1995,0,0,4,0,5,15,0,9,0,0
421104,1,1,1995,11,11,11,11,11,11,11,11,11,11
421105,0,1,1995,0,0,18,0,0,0,0,0,0,0
421105,1,1,1995,0,0,0,0,0,0,0,0,0,0
421106,1,1,1995,24,24,24,24,24,24,24,24,24,24
421107,1,1,1995,0,0,0,0,0,0,0,0,0,0
421107,2,1,1995,0,0,0,0,0,0,0,0,0,0
421108,1,1,1995,0,0,0,0,0,0,0,0,0,0
421109,1,1,1995,22,22,22,22,22,22,22,22,22,22
421110,1,1,1995,0,0,0,0,0,0,0,0,0,0
421110,2,1,1995,0,0,0,0,0,0,0,0,0,0
421111,1,1,1995,0,0,0,0,0,0,0,0,0,0
421111,2,1,1995,0,0,0,0,0,0,0,0,0,0
421111,3,1,1995,0,0,0,0,0,0,0,0,0,0
421112,0,1,1995,0,0,0,0,0,0,0,0,0,0
421112,1,1,1995,0,0,0,0,0,0,0,0,0,0
421113,1,1,1995,0,0,0,0,0,0,0,0,0,0
421113,2,1,1995,0,0,0,0,0,0,0,0,0,0
421114,0,1,1995,13,13,13,13,13,13,13,13,13,13
421114,1,1,1995,0,0,0,0,0,0,0,0,0,0
421115,1,1,1995,0,0,0,0,0,0,0,0,0,0
421115,2,1,1995,0,0,0,0,0,0,0,0,0,0
421115,3,1,1995,0,0,0,0,0,0,0,0,0,0
421116,1,1,1995,0,0,0,0,0,0,0,0,0,0
421117,1,1,1995,26,26,26,26,26,26,26,26,26,26
421117,2,1,1995,0,0,0,0,0,0,0,0,0,0
421118,1,1,1995,0,0,0,0,0,0,0,0,0,0
421118,2,1,1995,0,0,0,0,0,0,0,0,0,0
421119,1,1,1995,0,0,0,0,0,0,0,0,0,0
421119,2,1,1995,0,0,0,0,0,0,0,0,0,0
421120,1,1,1995,0,0,0,0,0,0,0,0,0,0
421120,2,1,1995,0,0,0,0,0,0,0,0,0,0
421121,1,1,1995,0,0,0,0,0,0,0,0,0,0
421122,1,1,1995,0,0,0,0,0,0,0,0,0,0
421123,1,1,1995,16,16,16,16,16,16,16,16,16,16
421123,2,1,1995,0,0,0,0,0,0,0,0,7,0
421123,3,1,1995,1,1,1,1,1,1,1,1,1,1
421124,1,1,1995,0,0,0,0,0,0,0,0,0,0
421124,2,1,1995,0,0,0,0,0,0,0,0,0,0
421124,3,1,1995,2,2,2,2,2,2,2,2,2,2
421125,1,1,1995,0,0,0,0,0,0,0,0,0,0
421126,1,1,1995,0,0,0,0,0,0,0,0,0,0
421126,2,1,1995,0,0,0,0,0,0,0,0,0,0
421127,0,1,1995,0,0,0,0,0,0,0,0,0,0
421127,1,1,1995,0,0,0,14,0,0,0,0,0,0
421128,0,1,1995,10,10,10,10,10,10,10,10,10,10
421128,1,1,1995,0,0,0,0,0,0,0,0,0,0
421129,1,1,1995,0,0,0,0,0,0,0,0,0,0
421129,2,1,1995,0,0,0,0,0,0,0,0,0,0
421130,1,1,1995,12,12,12,12,12,12,12,12,12,12
421130,2,1,1995,0,0,0,0,0,0,0,0,0,0
421130,3,1,1995,0,0,0,0,0,0,0,0,0,0
421131,1,1,1995,0,0,0,0,0,0,0,0,0,0
421131,2,1,1995,0,0,0,0,0,0,0,0,0,0
421132,1,1,1995,0,0,0,0,0,0,0,0,0,0
421132,2,1,1995,0,0,0,0,0,0,0,0,0,0
421133,1,1,1995,0,0,0,0,0,0,0,0,0,0
421133,2,1,1995,0,0,0,0,0,0,0,0,17,0
421134,1,1,1995,17,17,17,17,17,17,17,17,17,17
421135,1,1,1995,14,14,14,14,14,14,14,14,14,14
421136,0,1,1995,2,2,2,2,2,2,2,2,2,2
421136,0,2,1995,0,0,0,13,0,0,19,0,32,0
421136,1,1,1995,0,0,9,6,0,0,9,0,0,26
421137,1,1,1995,0,0,0,0,0,0,0,0,0,0
421137,2,1,1995,0,9,0,0,0,0,0,0,0,0
421138,1,1,1995,0,0,0,0,0,0,0,0,0,0
421138,2,1,1995,0,0,0,0,0,0,0,0,0,0
421138,3,1,1995,0,0,0,0,0,0,0,0,0,0
421139,0,1,1995,0,0,0,0,0,0,0,0,0,0
421139,1,1,1995,0,0,0,0,0,0,0,0,0,0
421140,1,1,1995,0,16,26,13,0,15,16,16,16,10
421141,1,1,1995,0,0,0,0,6,0,0,0,25,0
421141,2,1,1995,0,0,0,0,0,0,0,0,0,0
421142,0,1,1995,0,0,0,0,0,0,0,0,0,0
421142,1,1,1995,0,0,0,0,0,0,0,0,0,0
421143,1,1,1995,11,0,0,0,7,0,0,22,0,0
421144,1,1,1995,0,0,0,0,0,0,0,0,0,0
421144,2,1,1995,0,0,0,0,0,0,0,0,0,0
421145,1,1,1995,0,0,0,0,0,0,0,25,0,0
421146,0,1,1995,0,0,0,28,0,0,0,0,0,0
421146,1,1,1995,0,0,0,0,0,0,0,0,0,0
421147,1,1,1995,0,0,0,0,0,0,0,0,0,0
421148,1,1,1995,13,13,13,13,13,13,13,13,13,13
421149,1,1,1995,21,36,22,24,17,24,0,27,12,26
421150,0,1,1995,0,0,0,0,0,0,0,0,0,0
421150,1,1,1995,0,23,12,0,0,0,0,0,0,0
421151,0,1,1995,11,11,11,11,11,11,11,11,11,11
421151,1,1,1995,0,0,0,0,0,0,0,0,0,0
421152,1,1,1995,37,37,37,37,37,37,37,37,37,37
421153,1,1,1995,0,0,0,0,0,0,0,0,0,0
421153,2,1,1995,1,1,1,1,1,1,1,1,1,1
421153,3,1,1995,0,0,0,0,0,0,0,0,0,0
421154,1,1,1995,35,35,35,35,35,35,35,35,35,35
421155,1,1,1995,13,15,22,0,0,0,0,0,0,0
421156,1,1,1995,6,28,9,0,18,0,6,0,0,18
421157,0,1,1995,0,0,0,0,0,0,0,0,0,0
421157,1,1,1995,0,0,0,0,0,0,0,0,0,0
421158,0,1,1995,13,13,13,13,13,13,13,13,13,13
421158,1,1,1995,0,12,0,8,6,0,0,16,0,0
421159,1,1,1995,0,0,0,0,0,0,0,0,0,0
421160,1,1,1995,0,0,0,0,0,0,0,0,0,0
421160,2,1,1995,0,0,0,0,0,0,0,0,0,0
421161,0,1,1995,22,0,3,19,8,7,17,15,0,25
421161,1,1,1995,9,0,8,0,12,13,23,12,6,3
421162,0,1,1995,0,22,20,16,15,16,0,23,14,0
421162,1,1,1995,0,0,0,0,0,0,0,0,0,18
421162,4,1,1995,0,0,0,0,0,0,0,0,0,0
421163,1,1,1995,0,0,0,0,0,0,0,0,0,0
421163,2,1,1995,0,0,0,0,0,0,0,0,0,0
421164,1,1,1995,0,0,0,0,0,0,0,0,0,0
421164,2,1,1995,8,8,8,8,8,8,8,8,8,8
421165,1,1,1995,0,0,0,19,0,0,0,0,0,0
421165,2,1,1995,3,3,3,3,3,3,3,3,3,3
421166,1,1,1995,0,0,0,0,0,0,0,0,0,0
421166,2,1,1995,0,0,0,0,0,0,0,0,0,0
421167,0,1,1995,19,19,19,19,19,19,19,19,19,19
421167,1,1,1995,0,0,7,13,0,0,0,9,6,0