ST_CASE,VEH_NO,PER_NO,YEAR,P1,P2,P3,P4,P5,P6,P7,P8,P9,P10
470269,1,1,1995,21,21,21,21,21,21,21,21,21,21
470270,1,1,1995,13,13,13,13,13,13,13,13,13,13
470271,1,1,1995,1,1,1,1,1,1,1,1,1,1
470272,1,1,1995,0,0,0,0,0,0,0,0,0,0
470272,2,1,1995,0,0,0,0,0,0,0,0,0,0
470273,1,1,1995,0,0,0,0,0,0,0,0,0,0
470274,1,1,1995,0,0,0,0,0,0,0,0,0,0
470274,2,1,1995,0,0,0,14,0,25,0,0,0,0
470274,3,1,1995,0,0,0,0,0,0,0,0,0,0
470274,4,1,1995,0,0,0,0,0,0,0,0,0,0
470275,1,1,1995,0,0,0,0,0,0,0,0,0,0
470275,2,1,1995,0,0,0,0,0,0,0,0,0,0
470276,0,1,1995,33,33,33,33,33,33,33,33,33,33
470276,1,1,1995,0,0,0,0,0,0,0,0,0,0
470277,1,1,1995,0,0,0,0,0,0,13,0,0,0
470277,2,1,1995,0,0,0,0,0,0,0,0,0,0
470278,0,1,1995,0,0,0,0,0,0,0,0,0,0
470278,1,1,1995,5,5,5,5,5,5,5,5,5,5
470279,1,1,1995,0,0,0,0,12,0,0,0,0,0
470280,1,1,1995,0,0,0,0,0,0,0,0,0,0
470280,2,1,1995,0,0,0,0,0,0,0,0,0,0
470281,1,1,1995,0,0,0,0,19,0,0,0,0,0
470282,1,1,1995,0,0,0,0,0,0,0,0,0,0
470282,2,1,1995,0,0,0,0,0,0,0,0,0,0
470283,1,1,1995,18,18,18,18,18,18,18,18,18,18
470284,1,1,1995,0,0,0,0,0,0,0,0,0,0
470285,1,1,1995,0,0,0,0,0,0,0,0,0,0
470285,2,1,1995,0,0,0,0,0,0,0,0,0,0
470286,1,1,1995,24,24,24,24,24,24,24,24,24,24
470286,2,1,1995,0,0,0,0,0,0,0,0,0,0
470287,1,1,1995,18,18,18,18,18,18,18,18,18,18
470288,1,1,1995,5,5,5,5,5,5,5,5,5,5
470289,0,1,1995,24,24,24,24,24,24,24,24,24,24
470289,1,1,1995,0,0,0,0,0,0,0,0,0,0
470290,1,1,1995,16,16,16,16,16,16,16,16,16,16
470291,1,1,1995,14,14,14,14,14,14,14,14,14,14
470292,1,1,1995,27,0,0,9,20,9,18,0,0,10
470293,1,1,1995,16,16,16,16,16,16,16,16,16,16
470294,1,1,1995,23,23,23,23,23,23,23,23,23,23
470295,1,1,1995,23,23,23,23,23,23,23,23,23,23
470295,2,1,1995,0,0,0,0,0,0,0,0,0,0
470296,1,1,1995,0,0,0,0,0,0,0,0,0,0
470296,2,1,1995,0,0,0,0,0,0,0,0,0,0
470297,1,1,1995,0,22,0,30,19,0,0,0,0,0
470298,1,1,1995,0,0,0,0,0,0,0,0,0,0
470298,2,1,1995,0,0,0,0,0,0,0,0,0,0
470299,1,1,1995,29,29,29,29,29,29,29,29,29,29
470300,1,1,1995,0,0,0,0,0,0,0,0,0,0
470300,2,1,1995,0,0,0,0,0,0,0,0,0,0
470301,1,1,1995,3,3,3,3,3,3,3,3,3,3
470302,1,1,1995,0,0,0,0,0,0,8,7,0,0
470303,1,1,1995,23,8,18,28,16,18,12,14,16,0
470304,1,1,1995,0,0,0,0,0,0,0,0,0,0
470305,1,1,1995,0,0,0,0,0,0,0,0,0,0
470306,1,1,1995,0,0,0,0,0,0,0,0,0,0
470307,1,1,1995,0,0,0,0,0,0,0,0,0,0
470307,2,1,1995,0,0,0,0,0,0,0,0,0,0
470307,3,1,1995,0,0,0,0,0,0,0,0,0,0
470308,1,1,1995,0,0,0,0,0,0,0,0,0,0
470308,2,1,1995,0,0,0,0,0,0,0,0,0,0
470309,1,1,1995,0,0,0,0,0,0,0,0,0,0
470310,1,1,1995,0,0,0,0,0,0,0,0,0,0
470311,1,1,1995,0,0,0,0,0,0,0,0,0,0
470311,2,1,1995,0,0,0,0,0,0,0,0,0,0
470312,1,1,1995,0,0,0,0,0,0,0,0,0,0
470312,2,1,1995,0,0,0,0,0,0,0,0,0,0
470313,1,1,1995,0,0,0,0,0,0,0,0,0,0
470313,2,1,1995,0,0,0,0,0,0,0,0,0,0
470314,1,1,1995,11,11,11,11,11,11,11,11,11,11
470315,1,1,1995,0,0,0,0,0,0,0,0,0,0
470315,2,1,1995,0,0,0,0,0,0,0,0,0,0
470316,1,1,1995,0,0,0,0,0,0,0,0,0,0
470317,1,1,1995,0,0,0,0,0,0,0,0,0,0
470318,1,1,1995,0,0,0,0,0,0,0,0,0,0
470319,1,1,1995,0,0,12,0,0,0,0,0,0,0
470320,1,1,1995,1,1,1,1,1,1,1,1,1,1
470321,1,1,1995,0,0,0,0,0,0,0,0,0,0
470321,2,1,1995,7,7,7,7,7,7,7,7,7,7
470322,1,1,1995,0,0,0,0,0,0,0,0,0,0
470323,1,1,1995,0,0,0,0,0,0,0,0,0,0
470323,2,1,1995,0,0,0,19,0,0,0,0,0,0
470324,1,1,1995,4,4,4,4,4,4,4,4,4,4
470324,2,1,1995,0,15,0,0,0,0,0,0,9,0
470325,1,1,1995,0,0,0,0,0,0,0,0,0,0
470325,2,1,1995,0,0,0,0,0,0,0,0,0,0
470326,0,1,1995,0,0,0,0,0,0,0,0,0,0
470326,1,1,1995,0,0,0,0,0,0,0,0,0,0
470327,1,1,1995,0,0,0,0,0,0,0,0,0,0
470327,2,1,1995,0,0,0,0,0,0,0,0,0,0
470328,1,1,1995,0,0,0,0,0,0,0,0,0,0
470329,1,1,1995,0,0,0,0,0,0,0,0,0,0
470329,2,1,1995,0,0,0,0,0,0,0,0,0,0
470330,1,1,1995,0,0,0,0,0,0,0,0,0,0
470330,2,1,1995,0,0,0,0,0,0,0,0,0,0
470331,1,1,1995,26,14,22,25,13,25,24,18,12,8
470332,1,1,1995,0,0,0,0,0,0,0,0,0,0
470333,0,1,1995,35,35,35,35,35,35,35,35,35,35
470333,1,1,1995,0,0,0,0,0,0,0,0,0,0
470334,1,1,1995,0,0,0,0,0,0,0,0,0,0
470334,2,1,1995,0,20,0,0,0,0,0,0,0,0
470335,1,1,1995,23,23,23,23,23,23,23,23,23,23
470335,2,1,1995,0,0,0,0,0,0,0,0,0,0
470336,1,1,1995,20,20,20,20,20,20,20,20,20,20
470337,1,1,1995,0,0,0,0,0,0,0,0,0,0
470337,2,1,1995,12,0,26,0,0,0,0,0,0,0
470338,1,1,1995,0,0,0,0,0,0,0,0,0,0
470338,2,1,1995,0,0,0,0,0,0,0,0,0,0
470339,1,1,1995,0,0,0,0,0,0,0,0,0,0
470339,2,1,1995,0,0,0,0,0,0,0,0,0,0
470340,1,1,1995,0,0,0,0,0,0,0,0,0,0
470340,2,1,1995,0,0,0,0,0,0,0,0,0,0
470341,1,1,1995,0,0,0,0,0,0,0,0,0,0
470342,1,1,1995,0,0,0,0,0,0,0,0,0,0
470342,2,1,1995,0,0,0,0,0,0,0,0,0,0
470343,1,1,1995,0,0,0,0,0,0,0,0,0,0
470343,2,1,1995,0,0,0,0,0,0,0,0,0,0
470344,1,1,1995,0,0,0,0,0,0,0,0,0,0
470344,2,1,1995,0,0,0,0,0,0,0,0,0,0
470345,1,1,1995,0,0,0,0,0,0,0,0,0,0
470345,2,1,1995,0,0,0,0,0,0,0,0,0,0
470346,1,1,1995,24,24,24,24,24,24,24,24,24,24
470347,1,1,1995,16,16,16,16,16,16,16,16,16,16
470348,1,1,1995,20,20,20,20,20,20,20,20,20,20
470349,1,1,1995,14,14,14,14,14,14,14,14,14,14
470350,1,1,1995,32,32,32,32,32,32,32,32,32,32
470351,1,1,1995,0,0,0,0,0,0,0,0,0,0
470351,2,1,1995,0,0,0,0,0,0,0,0,0,0
470352,1,1,1995,3,3,3,3,3,3,3,3,3,3
470352,2,1,1995,0,0,0,0,0,0,0,0,0,0
470353,1,1,1995,3,3,3,3,3,3,3,3,3,3
470354,1,1,1995,0,0,0,0,0,0,0,0,0,0
470355,0,1,1995,0,0,0,0,0,0,0,0,0,0
470355,1,1,1995,0,0,0,0,0,0,0,0,0,0
470356,1,1,1995,0,0,0,0,0,0,0,0,0,0
470356,2,1,1995,0,0,0,0,0,0,0,0,0,0
470357,1,1,1995,21,21,21,21,21,21,21,21,21,21
470358,1,1,1995,0,0,0,0,0,0,0,0,0,0
470358,2,1,1995,0,0,0,0,0,0,0,0,0,0
470358,3,1,1995,0,0,0,0,0,0,0,0,0,0
470359,1,1,1995,0,0,0,0,0,0,0,0,0,0
470359,2,1,1995,0,0,0,0,0,0,0,0,0,0
470361,1,1,1995,11,11,11,11,11,11,11,11,11,11
470362,1,1,1995,0,0,0,0,0,0,0,0,0,0
470362,2,1,1995,0,0,0,0,0,0,0,0,0,0
470362,3,1,1995,0,0,0,0,0,0,0,0,0,0
470362,4,1,1995,0,0,0,0,0,0,0,0,0,0
470363,1,1,1995,0,0,0,0,0,0,0,0,0,0
470363,2,1,1995,0,0,0,0,7,0,0,0,0,0
470364,1,1,1995,0,0,0,0,0,0,0,0,0,0
470364,2,1,1995,0,0,0,0,0,0,0,0,0,0
470365,1,1,1995,0,0,0,0,0,0,0,0,0,0
470365,2,1,1995,23,23,23,23,23,23,23,23,23,23
470366,1,1,1995,10,10,10,10,10,10,10,10,10,10
470366,2,1,1995,0,0,0,0,0,0,0,0,0,0
470367,1,1,1995,0,0,0,0,0,0,0,0,0,0
470367,2,1,1995,0,0,0,0,0,0,0,0,0,0
470368,1,1,1995,32,32,32,32,32,32,32,32,32,32
470369,1,1,1995,39,39,39,39,39,39,39,39,39,39
470370,1,1,1995,27,27,27,27,27,27,27,27,27,27
470371,1,1,1995,0,0,0,0,0,0,0,0,0,0
470371,2,1,1995,0,0,0,0,0,0,0,0,0,0
470372,1,1,1995,0,0,0,0,0,0,0,9,0,13
470372,2,1,1995,0,0,0,0,0,0,0,0,0,0
470373,1,1,1995,28,0,18,7,18,16,20,0,28,0
470374,0,1,1995,0,0,0,0,0,0,0,0,0,0
470374,1,1,1995,0,0,0,0,0,0,0,0,0,0
470375,1,1,1995,27,27,27,27,27,27,27,27,27,27
470375,2,1,1995,0,0,0,0,0,0,0,0,0,0
470375,3,1,1995,0,0,0,0,0,0,0,0,0,0
470376,0,1,1995,8,0,12,20,40,13,0,13,0,9
470376,1,1,1995,0,0,0,0,0,0,0,0,0,18
470377,1,1,1995,0,0,0,0,0,0,0,0,0,0
470378,0,1,1995,0,0,0,0,0,0,0,0,0,0
470378,1,1,1995,7,14,14,16,17,17,20,22,22,9
470380,1,1,1995,0,0,0,0,0,0,0,0,0,0
470380,2,1,1995,0,0,0,0,0,0,0,0,0,0
470381,1,1,1995,0,0,0,0,0,0,0,0,0,0
470382,0,1,1995,13,13,13,13,13,13,13,13,13,13
470382,1,1,1995,0,0,0,0,0,0,0,0,0,0
470383,0,4,1995,0,0,0,0,0,0,0,0,0,0
470383,1,1,1995,0,0,0,0,0,0,0,0,0,0
470384,1,1,1995,0,0,0,0,0,0,0,0,0,0
470384,2,1,1995,0,0,0,0,0,0,0,0,0,0
470385,1,1,1995,0,0,0,0,0,0,0,0,0,0
470386,1,1,1995,14,14,14,14,14,14,14,14,14,14
470387,1,1,1995,0,0,0,0,0,0,0,0,0,0
470388,1,1,1995,0,10,0,0,0,0,0,0,0,0
470388,2,1,1995,0,0,0,0,0,0,0,0,0,0
470389,1,1,1995,25,25,25,25,25,25,25,25,25,25
470389,2,1,1995,16,16,16,16,16,16,16,16,16,16
470390,1,1,1995,4,4,4,4,4,4,4,4,4,4
470391,1,1,1995,0,0,0,0,0,0,0,0,0,0
470393,1,1,1995,0,0,0,0,0,0,0,0,0,0
470394,1,1,1995,0,0,0,0,0,0,0,0,0,0
470394,2,1,1995,0,0,0,0,0,0,0,0,0,0
470394,3,1,1995,0,0,0,0,0,0,0,0,0,0
470395,1,1,1995,13,13,13,13,13,13,13,13,13,13
470396,1,1,1995,0,0,0,0,0,0,0,0,0,0
470396,2,1,1995,0,0,0,0,0,0,0,0,0,0
470397,1,1,1995,0,0,0,0,0,0,0,0,0,0
470398,1,1,1995,0,0,0,0,0,0,0,0,0,0
470398,2,1,1995,0,0,0,0,0,0,0,0,0,0
470399,1,1,1995,0,0,0,0,0,0,0,0,0,0
470400,1,1,1995,0,0,0,0,0,0,0,0,0,0
470400,2,1,1995,0,15,0,0,10,0,0,0,0,0
470401,1,1,1995,0,0,0,0,0,0,0,0,0,0
470401,2,1,1995,0,0,0,0,0,0,0,0,0,0
470402,1,1,1995,0,0,0,0,0,0,0,0,0,0
470402,2,1,1995,0,0,0,0,0,0,0,0,0,0
470402,3,1,1995,0,0,0,0,0,0,0,0,0,0
470403,1,1,1995,0,0,0,0,0,0,0,0,0,0
470403,2,1,1995,0,0,0,0,0,0,0,0,0,0
470404,1,1,1995,0,0,0,0,0,0,0,0,0,0
470404,2,1,1995,0,0,0,0,0,0,0,0,0,0
470405,1,1,1995,0,0,0,0,0,0,0,0,0,0
470406,1,1,1995,0,0,0,0,0,0,0,0,0,0
470406,2,1,1995,0,0,0,0,0,0,0,0,0,0
470407,1,1,1995,0,0,0,0,0,0,0,0,0,0
470408,1,1,1995,0,0,0,0,0,0,0,0,0,0
470408,2,1,1995,0,0,0,0,0,0,0,0,0,0
470409,1,1,1995,22,22,22,22,22,22,22,22,22,22
470409,2,1,1995,0,0,0,0,0,0,0,0,0,0
470410,1,1,1995,0,0,0,0,0,0,0,0,0,0
470410,2,1,1995,0,0,0,0,0,0,0,0,0,0
470411,0,1,1995,0,0,0,0,0,0,0,0,0,0
470411,1,1,1995,0,0,0,0,0,0,0,0,0,0
470412,1,1,1995,0,0,0,0,0,0,0,0,0,16
470412,2,1,1995,0,0,0,0,0,0,0,0,0,0
470413,1,1,1995,0,0,0,0,0,0,0,0,0,0
470414,1,1,1995,0,0,0,0,0,0,0,0,0,0
470415,1,1,1995,0,0,0,0,0,0,0,0,0,0
470415,2,1,1995,0,0,0,0,0,0,0,0,0,0
470416,1,1,1995,0,15,0,16,0,0,0,0,0,0
470417,0,1,1995,0,0,0,0,0,0,0,0,18,0
470417,1,1,1995,3,0,0,0,0,0,0,0,0,0
470418,0,1,1995,0,0,0,0,0,0,0,22,0,20
470418,1,1,1995,0,0,0,0,0,0,0,0,0,0
470419,1,1,1995,0,6,19,0,7,7,22,16,23,15
470421,0,1,1995,0,0,0,0,0,0,0,0,0,0
470421,0,2,1995,0,0,0,0,0,0,0,0,0,0
470421,1,1,1995,0,0,0,20,0,13,0,0,0,26
470422,1,1,1995,0,0,0,0,0,15,0,0,0,0
470422,2,1,1995,0,0,0,0,0,0,0,0,0,0
470423,1,1,1995,25,25,25,25,25,25,25,25,25,25
470424,1,1,1995,0,0,0,0,0,0,0,0,0,0
470424,2,1,1995,0,12,0,0,0,0,0,0,0,0
470425,1,1,1995,0,0,0,0,0,0,0,0,0,0
470425,2,1,1995,0,0,0,0,0,0,0,0,0,0
470426,1,1,1995,0,0,0,7,0,0,0,0,0,0
470426,2,1,1995,0,9,0,0,0,0,0,0,0,0
470427,1,1,1995,20,20,20,20,20,20,20,20,20,20
470428,1,1,1995,0,0,0,0,0,0,17,0,0,0
470430,1,1,1995,0,0,0,0,0,0,0,0,0,0
470430,2,1,1995,11,11,11,11,11,11,11,11,11,11
470432,0,1,1995,0,0,25,0,0,0,0,0,26,12
470432,1,1,1995,0,0,0,0,0,0,0,0,0,0
470433,0,1,1995,0,0,0,0,0,0,0,0,0,0
470433,1,1,1995,18,18,18,18,18,18,18,18,18,18
470434,1,1,1995,0,0,0,0,0,0,0,0,0,0
470435,1,1,1995,24,24,24,24,24,24,24,24,24,24
470436,1,1,1995,14,14,14,14,14,14,14,14,14,14
470437,1,1,1995,6,6,6,6,6,6,6,6,6,6
470438,1,1,1995,14,14,14,14,14,14,14,14,14,14
470439,1,1,1995,0,0,0,0,0,0,0,0,0,0
470439,2,1,1995,0,0,0,0,0,0,0,0,0,0
470440,1,1,1995,17,17,17,17,17,17,17,17,17,17
470441,1,1,1995,17,17,17,17,17,17,17,17,17,17
470442,1,1,1995,18,18,18,18,18,18,18,18,18,18
470443,1,1,1995,19,19,19,19,19,19,19,19,19,19
470444,1,1,1995,0,0,0,0,0,0,0,0,0,0
470444,2,1,1995,13,13,13,13,13,13,13,13,13,13
470445,1,1,1995,0,0,0,0,0,0,0,9,0,5
470446,1,1,1995,17,35,0,21,25,18,29,0,27,18
470447,1,1,1995,0,0,0,0,0,0,0,0,0,0
470447,2,1,1995,0,0,0,0,0,0,0,0,0,0
470448,1,1,1995,28,28,28,28,28,28,28,28,28,28
470449,1,1,1995,0,0,0,0,0,0,0,0,0,0
470449,2,1,1995,0,0,0,0,0,0,0,0,0,0
470450,1,1,1995,21,21,21,21,21,21,21,21,21,21
470451,1,1,1995,0,0,0,0,0,0,0,0,0,0
470451,2,1,1995,0,0,0,0,35,0,0,0,0,0
470453,1,1,1995,17,17,17,17,17,17,17,17,17,17
470454,1,1,1995,0,0,0,0,0,0,0,0,0,0
470454,2,1,1995,0,0,0,0,0,0,0,0,0,0
470455,1,1,1995,0,0,0,0,0,0,0,0,0,0
470456,1,1,1995,0,0,0,0,0,0,0,0,0,0
470456,2,1,1995,0,0,0,0,0,0,0,0,0,27
470456,3,1,1995,0,0,0,0,0,0,0,0,0,0
470456,4,1,1995,0,0,0,0,0,0,0,0,0,0
470457,0,1,1995,0,0,0,0,0,0,0,0,0,0
470457,1,1,1995,0,9,0,0,0,0,0,0,0,5
470457,2,1,1995,0,0,0,0,0,0,0,0,0,0
470457,3,1,1995,18,18,18,18,18,18,18,18,18,18
470458,1,1,1995,0,13,0,0,0,0,0,0,0,11
470458,2,1,1995,10,8,0,17,14,25,12,8,3,4
470458,3,1,1995,0,0,0,0,0,0,0,0,0,0
470459,1,1,1995,7,7,7,7,7,7,7,7,7,7
470460,1,1,1995,10,10,10,10,10,10,10,10,10,10
470460,2,1,1995,0,0,0,0,0,0,0,0,0,0
470461,1,1,1995,0,0,0,0,0,0,0,0,0,0
470461,2,1,1995,0,8,0,0,0,0,0,0,0,0
470462,1,1,1995,0,0,0,0,0,0,0,0,0,0
470463,1,1,1995,0,0,0,0,0,0,0,0,0,0
470463,2,1,1995,0,0,0,0,0,0,0,0,0,0
470463,3,1,1995,0,0,0,0,0,0,0,0,0,0
470464,1,1,1995,27,27,27,27,27,27,27,27,27,27
470465,1,1,1995,0,0,0,0,0,0,0,0,0,0
470466,1,1,1995,0,0,0,0,0,0,0,0,0,0
470466,2,1,1995,23,23,23,23,23,23,23,23,23,23
470466,3,1,1995,0,0,0,0,0,0,0,0,0,0
470467,1,1,1995,0,0,0,0,0,0,0,0,0,0
470467,2,1,1995,0,0,0,0,0,0,0,0,0,0
470468,1,1,1995,0,0,0,0,0,0,0,0,0,0
470468,2,1,1995,0,0,0,0,0,0,0,0,0,0
470469,1,1,1995,0,0,0,0,0,0,0,0,0,0
470469,2,1,1995,0,0,0,0,0,0,0,0,0,0
470470,1,1,1995,0,0,0,0,0,0,0,0,0,0
470470,2,1,1995,0,0,0,0,0,0,0,0,0,0
470471,1,1,1995,0,0,0,0,0,0,0,0,0,0
470472,0,1,1995,0,0,0,0,0,0,0,0,0,0
470472,1,1,1995,0,0,0,0,0,0,0,0,0,0
470474,1,1,1995,0,0,0,0,0,0,0,0,0,0
470474,2,1,1995,0,0,0,0,0,0,0,0,0,0
470475,1,1,1995,0,0,0,0,0,0,0,0,0,0
470476,1,1,1995,16,16,16,16,16,16,16,16,16,16
470477,1,1,1995,0,0,0,0,0,0,0,0,0,0
470477,2,1,1995,0,0,0,0,0,0,0,0,0,0
470478,1,1,1995,15,23,11,21,8,21,9,23,14,22
470479,0,1,1995,0,0,0,0,0,0,0,0,0,0
470479,1,1,1995,0,0,0,0,0,0,0,0,0,0
470480,1,1,1995,0,0,0,0,0,0,0,0,0,0
470480,2,1,1995,0,0,0,0,0,0,0,0,0,0
470481,1,1,1995,0,0,0,0,0,0,0,0,0,0
470482,1,1,1995,13,13,13,13,13,13,13,13,13,13
470483,1,1,1995,0,0,0,0,0,0,0,0,0,0
470483,2,1,1995,0,0,0,0,0,0,0,0,0,0
470484,1,1,1995,7,7,7,7,7,7,7,7,7,7
470485,1,1,1995,0,0,0,0,0,0,0,0,0,0
470486,1,1,1995,13,13,13,13,13,13,13,13,13,13
470487,1,1,1995,0,0,0,0,0,0,0,0,0,0
470487,2,1,1995,0,0,0,0,0,0,0,0,0,0
470488,1,1,1995,28,28,28,28,28,28,28,28,28,28
470489,1,1,1995,0,0,0,9,0,13,4,0,12,0
470489,2,1,1995,18,18,18,18,18,18,18,18,18,18
470490,1,1,1995,0,0,0,0,0,0,0,0,0,0
470491,1,1,1995,0,0,0,0,0,0,0,0,3,0
470491,2,1,1995,0,0,0,0,0,0,0,0,0,0
470492,1,1,1995,12,12,12,12,12,12,12,12,12,12
470492,2,1,1995,0,0,0,0,0,0,0,0,0,0
470493,1,1,1995,6,23,5,7,6,22,19,17,8,11
470494,1,1,1995,18,18,18,18,18,18,18,18,18,18
470495,1,1,1995,9,9,9,9,9,9,9,9,9,9
470495,2,1,1995,0,0,0,0,0,0,0,0,0,0
470496,1,1,1995,27,22,13,17,10,0,15,20,0,23
470497,1,1,1995,15,15,0,11,11,3,2,4,9,19
470498,1,1,1995,0,0,0,0,0,9,0,0,0,0
470498,2,1,1995,8,14,19,20,20,30,16,21,20,14
470499,1,1,1995,0,5,21,11,24,8,8,9,11,10
470500,1,1,1995,0,0,0,0,0,0,0,0,0,0
470500,2,1,1995,0,0,0,0,0,0,0,0,0,0
470500,3,1,1995,0,0,0,0,0,0,0,0,0,0
470501,1,1,1995,0,0,0,0,0,0,0,0,0,0
470502,1,1,1995,0,0,0,0,0,0,0,0,0,0
470503,1,1,1995,0,0,0,31,0,0,0,14,8,0
470503,2,1,1995,0,0,0,0,0,0,0,0,0,0
470504,1,1,1995,7,7,7,7,7,7,7,7,7,7
470505,1,1,1995,0,0,0,0,0,0,0,0,0,0
470506,1,1,1995,0,0,0,0,0,0,0,0,0,0
470507,1,1,1995,0,0,0,0,0,0,0,0,0,0
470508,1,1,1995,0,0,0,0,0,0,0,0,0,0
470508,2,1,1995,0,0,7,0,0,0,0,0,0,0
470509,1,1,1995,24,12,22,17,25,21,25,18,17,12
470509,2,1,1995,0,0,0,0,0,0,0,0,0,0
470510,1,1,1995,19,19,19,19,19,19,19,19,19,19
470511,1,1,1995,14,14,14,14,14,14,14,14,14,14
470512,1,2,1995,26,26,19,14,41,14,24,25,18,0
470513,1,1,1995,15,15,15,15,15,15,15,15,15,15
470514,1,1,1995,17,17,17,17,17,17,17,17,17,17
470515,1,1,1995,22,22,22,22,22,22,22,22,22,22
470516,1,1,1995,0,0,0,0,0,0,0,0,0,0
470516,2,1,1995,0,0,0,0,0,0,0,0,0,0
470517,1,1,1995,0,0,0,0,0,0,0,0,0,0
470517,2,1,1995,0,0,0,0,0,0,0,0,0,0
470518,0,1,1995,27,27,27,27,27,27,27,27,27,27
470518,1,1,1995,23,5,0,0,0,30,21,0,11,0
470519,1,1,1995,0,0,0,0,0,0,0,0,0,0
470520,1,1,1995,0,0,0,0,0,0,0,0,0,0
470520,2,1,1995,0,0,0,0,0,0,0,0,0,0
470522,1,1,1995,6,6,6,6,6,6,6,6,6,6
470523,1,1,1995,28,28,28,28,28,28,28,28,28,28
470524,1,1,1995,0,0,0,0,0,0,0,0,0,0
470524,2,1,1995,0,0,6,0,0,0,0,0,0,0
470525,1,1,1995,0,0,0,0,0,0,0,0,0,0
470526,1,1,1995,0,0,16,0,0,0,12,0,0,0
470526,2,1,1995,0,0,0,0,0,0,0,0,0,0
470527,0,1,1995,0,0,0,0,0,0,0,0,0,0
470527,1,1,1995,0,0,0,0,0,0,0,0,0,0
470528,0,1,1995,0,0,0,0,0,0,0,0,0,0
470528,1,1,1995,0,0,0,0,0,0,0,0,0,0
470529,1,1,1995,0,0,0,0,0,0,0,0,0,0
470530,1,1,1995,0,0,0,0,0,0,0,0,0,0
470531,1,1,1995,35,35,35,35,35,35,35,35,35,35
470532,1,1,1995,0,0,0,0,0,0,0,0,0,0
470532,2,1,1995,0,0,0,0,0,0,0,0,0,0
470533,1,1,1995,9,13,10,17,0,11,6,7,46,21
470534,1,1,1995,31,21,32,30,12,24,12,31,23,26
470535,1,1,1995,10,22,17,0,21,24,0,28,0,0
470536,0,1,1995,0,0,0,0,0,0,0,0,0,0
470536,1,1,1995,0,0,0,0,5,0,0,0,0,0
470537,1,1,1995,26,0,11,22,34,11,17,0,29,18
470538,1,1,1995,12,12,12,12,12,12,12,12,12,12
470538,2,1,1995,0,0,0,0,0,0,0,0,0,0
470539,1,1,1995,0,0,0,0,0,0,0,0,0,0
470540,1,1,1995,0,0,0,0,0,0,0,0,0,0
470540,2,1,1995,0,0,0,0,0,0,0,0,0,0
470541,1,1,1995,0,0,0,0,0,0,0,0,0,0
470541,2,1,1995,31,31,31,31,31,31,31,31,31,31
470542,1,1,1995,0,13,0,8,0,0,0,25,25,15
470543,1,1,1995,12,12,12,12,12,12,12,12,12,12
470544,1,1,1995,34,24,17,12,11,9,7,25,16,20
470545,1,1,1995,26,20,33,29,16,7,23,21,22,29
470546,1,1,1995,0,0,0,0,0,0,0,0,0,0
470546,2,1,1995,0,0,0,0,0,0,0,0,0,0
470547,1,1,1995,0,0,0,0,0,0,0,0,0,0
470548,1,1,1995,7,21,29,0,0,9,0,25,17,0
470549,1,1,1995,21,21,21,21,21,21,21,21,21,21
470550,1,1,1995,0,0,0,0,0,0,0,0,0,0
470550,2,1,1995,0,0,0,0,0,0,0,0,0,0
470550,3,1,1995,0,0,0,0,0,0,0,0,0,0
470550,4,1,1995,0,0,0,0,0,0,0,0,0,0
470551,1,1,1995,16,16,16,16,16,16,16,16,16,16
470552,1,1,1995,0,4,0,0,0,0,0,0,0,0
470552,2,1,1995,14,30,17,19,30,36,16,29,12,26
470553,1,1,1995,15,15,15,15,15,15,15,15,15,15
470554,1,1,1995,0,0,0,0,0,0,0,0,0,0
470554,2,1,1995,0,0,0,0,0,0,0,0,0,0
470555,0,1,1995,0,0,0,0,0,0,0,0,0,0
470555,0,2,1995,0,0,26,0,0,0,0,12,0,0
470555,1,1,1995,0,0,0,0,0,0,0,0,0,0
470556,0,1,1995,27,27,27,27,27,27,27,27,27,27
470556,1,1,1995,0,0,0,0,0,0,0,0,0,0
470556,2,1,1995,0,0,0,0,0,0,0,0,0,0
470557,1,1,1995,0,0,0,0,0,0,0,0,0,0
470558,1,1,1995,18,18,18,18,18,18,18,18,18,18
470559,1,1,1995,0,0,0,0,0,0,0,0,0,0
470559,2,1,1995,0,0,0,0,0,0,0,0,0,0
470560,1,1,1995,57,57,57,57,57,57,57,57,57,57
470561,1,1,1995,33,33,33,33,33,33,33,33,33,33
470562,1,1,1995,0,0,0,0,0,0,0,0,0,0
470563,1,1,1995,0,0,0,0,0,0,0,0,0,0
470563,2,1,1995,0,0,0,0,0,0,0,0,0,0
470563,3,1,1995,0,0,0,0,0,0,0,0,0,0
470564,1,1,1995,0,0,0,0,0,0,0,0,0,0
470565,1,1,1995,13,13,13,38,19,28,34,13,25,9
470566,0,1,1995,0,0,0,0,0,0,0,0,0,0
470566,0,2,1995,0,0,0,11,0,0,0,0,26,0
470566,1,1,1995,0,0,0,0,0,0,0,0,0,0
470567,1,1,1995,0,0,0,0,0,0,0,0,0,0
470567,2,1,1995,0,0,0,0,0,0,0,0,0,0
470568,1,1,1995,16,16,16,16,16,16,16,16,16,16