ST_CASE,VEH_NO,PER_NO,YEAR,P1,P2,P3,P4,P5,P6,P7,P8,P9,P10
470569,1,1,1995,16,13,0,0,0,0,0,2,0,0
470570,1,1,1995,0,0,0,0,0,0,0,0,0,0
470570,2,1,1995,19,19,19,19,19,19,19,19,19,19
470571,1,1,1995,21,21,21,21,21,21,21,21,21,21
470572,1,1,1995,12,14,12,16,18,0,19,16,20,0
470573,1,1,1995,0,0,0,0,0,0,0,0,0,0
470574,0,1,1995,9,9,9,9,9,9,9,9,9,9
470574,1,1,1995,3,0,15,4,5,13,0,10,0,0
470575,1,1,1995,0,0,0,0,0,0,0,0,0,0
470575,2,1,1995,0,0,0,0,0,0,0,0,0,0
470576,1,1,1995,0,0,0,0,0,0,0,0,0,0
470577,1,1,1995,13,13,13,13,13,13,13,13,13,13
470578,1,1,1995,0,0,0,0,0,0,0,0,0,0
470579,1,1,1995,2,2,2,2,2,2,2,2,2,2
470579,2,1,1995,10,10,10,10,10,10,10,10,10,10
470580,1,1,1995,0,0,0,0,0,0,0,0,0,0
470580,2,1,1995,0,0,0,0,0,0,0,0,0,0
470580,3,1,1995,0,0,0,0,0,0,0,0,0,0
470581,1,1,1995,0,0,0,0,0,0,0,0,0,0
470581,2,1,1995,0,0,0,0,0,0,0,0,0,0
470582,1,1,1995,0,0,0,0,0,0,0,0,0,0
470582,2,1,1995,0,0,0,0,0,0,0,0,0,0
470583,0,1,1995,0,0,0,0,0,0,0,0,0,0
470583,1,1,1995,0,0,0,0,0,0,0,0,0,0
470584,0,1,1995,0,0,0,0,0,0,0,0,0,0
470584,1,1,1995,8,8,8,8,8,8,8,8,8,8
470585,1,1,1995,9,9,9,9,9,9,9,9,9,9
470586,1,1,1995,3,3,3,3,3,3,3,3,3,3
470587,1,1,1995,0,0,0,0,0,0,0,0,0,0
470588,1,1,1995,0,0,0,0,6,0,0,0,0,0
470588,2,1,1995,0,0,0,0,0,0,0,0,0,0
470589,1,1,1995,0,0,0,0,0,0,0,0,0,0
470589,2,1,1995,0,0,0,0,0,0,0,0,0,0
470590,1,1,1995,16,16,16,16,16,16,16,16,16,16
470591,1,1,1995,18,18,18,18,18,18,18,18,18,18
470591,2,1,1995,0,0,0,0,0,0,0,0,0,0
470592,1,1,1995,19,19,19,19,19,19,19,19,19,19
470592,2,1,1995,0,0,0,0,0,0,0,0,0,0
470593,1,1,1995,12,12,12,12,12,12,12,12,12,12
470594,1,1,1995,0,0,0,0,0,0,0,0,0,0
470595,1,1,1995,0,0,0,0,0,0,0,0,0,0
470595,2,1,1995,0,0,0,0,0,0,0,0,0,0
470596,0,1,1995,21,21,21,21,21,21,21,21,21,21
470596,1,1,1995,0,0,0,0,0,0,0,0,0,0
470597,1,1,1995,23,23,23,23,23,23,23,23,23,23
470597,2,1,1995,0,0,0,0,0,0,0,0,0,10
470598,1,1,1995,0,0,0,0,0,0,0,0,0,0
470600,1,1,1995,27,0,0,15,0,10,7,0,14,14
470601,1,1,1995,14,14,14,14,14,14,14,14,14,14
470602,1,1,1995,0,0,3,9,0,0,5,0,0,11
470603,1,1,1995,0,0,0,0,0,0,0,8,0,0
470604,1,1,1995,27,27,27,27,27,27,27,27,27,27
470604,2,1,1995,0,0,0,0,0,0,0,0,0,0
470605,0,1,1995,0,0,0,0,0,0,0,0,0,0
470605,1,1,1995,0,0,0,0,0,0,0,0,0,0
470606,1,1,1995,0,0,0,0,0,0,0,0,0,0
470606,2,1,1995,0,0,4,0,0,0,7,0,0,0
470607,0,1,1995,0,0,0,0,0,0,0,0,0,0
470607,1,1,1995,0,0,0,12,20,5,12,13,18,23
470608,1,1,1995,0,0,0,0,0,0,0,0,0,0
470608,2,1,1995,0,0,0,0,0,0,0,0,0,0
470609,0,1,1995,0,0,0,0,0,0,0,0,0,0
470609,1,1,1995,26,26,26,26,26,26,26,26,26,26
470611,1,1,1995,15,15,15,15,15,15,15,15,15,15
470612,0,1,1995,0,0,0,0,0,0,0,0,0,0
470612,1,1,1995,0,0,0,0,0,0,0,0,0,0
470613,1,1,1995,7,7,7,7,7,7,7,7,7,7
470614,0,1,1995,15,15,15,15,15,15,15,15,15,15
470614,1,1,1995,9,9,9,9,9,9,9,9,9,9
470615,1,1,1995,9,9,9,9,9,9,9,9,9,9
470616,1,1,1995,20,20,20,20,20,20,20,20,20,20
470617,1,1,1995,0,0,0,0,0,0,0,0,0,0
470617,2,1,1995,0,0,0,0,0,0,0,0,0,0
470618,1,1,1995,20,16,13,18,0,11,11,12,34,29
470619,1,1,1995,0,0,0,0,0,0,0,0,0,0
470619,2,1,1995,0,0,0,0,0,0,0,0,0,0
470620,1,1,1995,0,0,0,0,0,0,0,0,0,0
470620,2,1,1995,0,0,0,0,0,0,0,0,0,0
470621,1,1,1995,24,24,24,24,24,24,24,24,24,24
470622,1,1,1995,0,0,0,0,0,0,0,0,0,0
470623,1,1,1995,0,0,10,3,0,0,11,4,20,23
470623,2,1,1995,0,0,0,0,0,0,0,0,0,0
470623,3,1,1995,0,0,10,0,0,0,0,0,0,0
470624,1,1,1995,29,29,29,29,29,29,29,29,29,29
470625,1,1,1995,0,0,0,0,0,0,0,0,0,0
470625,2,1,1995,0,0,0,0,0,0,0,0,0,0
470626,1,1,1995,10,10,10,10,10,10,10,10,10,10
470627,1,1,1995,19,19,19,19,19,19,19,19,19,19
470628,1,1,1995,0,0,0,0,0,0,0,0,0,0
470629,1,1,1995,0,0,0,0,0,0,0,0,0,0
470629,2,1,1995,0,0,0,0,0,0,0,0,0,0
470630,0,1,1995,0,0,0,0,0,0,0,0,0,0
470630,1,1,1995,0,0,0,0,0,0,0,0,0,0
470631,1,1,1995,0,0,0,0,0,0,0,0,0,0
470632,1,1,1995,0,21,0,0,0,0,0,9,14,0
470633,1,1,1995,21,21,21,21,21,21,21,21,21,21
470634,1,1,1995,23,23,23,23,23,23,23,23,23,23
470635,1,1,1995,0,0,0,0,0,0,0,0,0,0
470636,1,1,1995,1,1,1,1,1,1,1,1,1,1
470636,2,1,1995,0,0,0,0,0,0,0,0,0,0
470637,1,1,1995,8,8,8,8,8,8,8,8,8,8
470638,1,1,1995,11,11,11,11,11,11,11,11,11,11
470639,1,1,1995,28,28,28,28,28,28,28,28,28,28
470640,1,1,1995,20,20,20,20,20,20,20,20,20,20
470641,1,1,1995,0,0,0,0,0,0,0,0,0,0
470642,1,1,1995,16,16,16,16,16,16,16,16,16,16
470643,1,1,1995,0,0,0,0,0,0,0,0,0,0
470643,2,1,1995,0,0,0,0,0,0,0,0,0,0
470644,1,1,1995,0,0,0,0,0,0,0,0,0,0
470646,1,1,1995,0,0,0,0,0,0,0,0,0,0
470646,2,1,1995,0,0,0,0,0,0,0,0,0,0
470647,1,1,1995,0,0,0,0,0,0,0,0,0,0
470647,2,1,1995,0,0,0,0,0,0,0,12,0,0
470648,1,1,1995,0,0,0,0,0,0,0,0,0,0
470649,1,1,1995,0,0,0,0,0,0,0,0,0,0
470649,2,1,1995,0,0,0,0,0,0,0,0,0,0
470649,3,1,1995,0,0,0,0,0,0,0,0,0,0
470650,1,1,1995,13,13,13,13,13,13,13,13,13,13
470650,2,1,1995,0,20,0,0,0,0,0,0,0,0
470651,1,1,1995,0,0,0,0,0,0,0,0,0,0
470652,1,1,1995,0,24,20,0,0,0,0,0,0,0
470652,2,1,1995,17,10,0,0,0,0,16,0,0,0
470653,1,1,1995,20,20,20,20,20,20,20,20,20,20
470654,0,1,1995,0,0,0,0,0,0,0,0,0,0
470654,1,1,1995,0,0,0,0,0,2,0,0,0,0
470655,1,1,1995,0,0,0,0,0,0,0,0,0,0
470655,2,1,1995,0,0,0,0,0,0,0,0,0,0
470655,3,1,1995,0,0,0,0,0,0,0,0,0,0
470656,1,1,1995,0,0,0,0,0,0,0,0,0,0
470656,2,1,1995,0,0,0,0,0,0,0,0,0,0
470657,1,1,1995,0,0,0,0,0,0,0,0,0,0
470658,1,1,1995,19,19,19,19,19,19,19,19,19,19
470659,1,1,1995,20,20,20,20,20,20,20,20,20,20
470659,2,1,1995,0,0,0,0,0,0,0,0,0,5
470660,1,1,1995,13,15,2,18,5,0,8,9,0,6
470660,2,1,1995,10,10,10,10,10,10,10,10,10,10
470661,1,1,1995,0,0,0,0,0,0,0,0,0,0
470662,1,1,1995,0,0,0,0,0,0,0,0,0,0
470662,2,1,1995,0,0,0,0,0,0,0,0,0,0
470663,1,1,1995,0,0,0,0,0,0,0,0,0,0
470663,2,1,1995,0,0,0,0,0,0,0,0,0,0
470664,1,1,1995,0,0,0,0,0,0,0,0,0,0
470664,2,1,1995,0,0,0,0,0,0,0,0,0,0
470665,1,1,1995,16,0,0,0,7,0,0,0,0,0
470666,1,1,1995,0,12,0,10,0,10,0,20,8,10
470667,1,1,1995,12,20,27,15,10,9,8,0,18,15
470667,2,1,1995,0,0,0,0,0,0,26,0,0,0
470668,1,1,1995,0,0,0,0,8,14,0,0,0,14
470668,2,1,1995,0,0,0,0,0,0,0,0,10,0
470669,1,1,1995,0,0,0,0,0,0,0,0,0,0
470670,1,1,1995,0,0,0,0,0,0,0,0,0,0
470671,1,1,1995,0,0,0,0,0,0,0,0,0,0
470671,2,1,1995,0,0,0,0,0,0,0,0,0,0
470672,1,1,1995,22,22,22,22,22,22,22,22,22,22
470672,2,1,1995,15,15,15,15,15,15,15,15,15,15
470673,1,1,1995,0,0,0,0,0,0,0,0,0,0
470673,2,1,1995,0,0,0,0,0,0,0,0,0,0
470673,3,1,1995,0,0,0,0,0,0,0,0,0,0
470674,1,1,1995,0,0,0,0,0,0,0,0,0,0
470675,1,1,1995,23,23,23,23,23,23,23,23,23,23
470675,2,1,1995,0,0,0,0,0,0,0,0,0,0
470675,3,1,1995,0,0,0,0,0,0,0,0,0,0
470676,0,1,1995,0,0,0,24,0,0,0,0,0,0
470676,0,2,1995,0,0,0,0,0,0,0,0,0,0
470676,1,1,1995,0,0,0,0,0,0,0,0,0,0
470677,0,1,1995,0,0,0,16,0,20,0,0,0,0
470677,1,1,1995,0,0,0,0,0,0,0,0,0,0
470678,1,1,1995,0,0,0,0,0,0,0,0,0,0
470678,2,1,1995,0,0,0,0,0,0,0,0,0,0
470679,1,1,1995,0,0,0,0,0,0,0,0,0,0
470680,0,1,1995,0,0,0,0,0,0,0,0,0,0
470680,1,1,1995,28,28,28,28,28,28,28,28,28,28
470681,1,1,1995,0,0,0,0,0,0,0,0,0,0
470681,2,1,1995,0,0,0,0,0,0,0,0,0,0
470682,1,1,1995,0,0,0,0,0,0,0,0,0,0
470683,1,1,1995,0,0,0,0,17,12,0,0,0,0
470683,2,1,1995,0,0,0,0,0,0,0,0,0,0
470683,3,1,1995,0,0,0,0,0,0,0,0,0,0
470684,0,1,1995,0,0,0,0,0,0,0,0,0,0
470684,0,2,1995,0,0,0,0,0,0,0,0,0,0
470684,1,1,1995,0,0,0,0,0,0,0,0,0,0
470685,1,1,1995,12,12,12,12,12,12,12,12,12,12
470686,1,1,1995,20,20,20,20,20,20,20,20,20,20
470687,1,1,1995,0,0,0,0,0,0,0,0,0,0
470687,2,1,1995,20,20,20,20,20,20,20,20,20,20
470688,1,1,1995,11,11,11,11,11,11,11,11,11,11
470689,1,1,1995,16,16,16,16,16,16,16,16,16,16
470690,1,1,1995,0,0,0,0,0,0,0,0,0,0
470690,2,1,1995,0,0,0,0,0,0,0,0,0,0
470690,3,1,1995,8,0,0,0,0,0,0,0,0,0
470691,0,1,1995,41,41,41,41,41,41,41,41,41,41
470691,1,1,1995,0,0,4,0,0,0,0,0,14,0
470692,1,1,1995,11,11,11,11,11,11,11,11,11,11
470693,1,1,1995,8,8,8,8,8,8,8,8,8,8
470694,1,1,1995,0,0,0,0,15,0,0,0,0,0
470694,2,1,1995,0,0,0,12,0,0,0,0,0,0
470695,1,1,1995,0,0,0,0,0,0,0,0,0,0
470695,2,1,1995,0,0,0,0,0,0,0,0,0,0
470696,1,1,1995,24,0,10,13,18,9,13,32,12,0
470697,1,1,1995,0,0,0,0,0,0,0,0,0,0
470698,1,1,1995,17,17,17,17,17,17,17,17,17,17
470699,1,1,1995,17,17,17,17,17,17,17,17,17,17
470700,1,1,1995,0,0,25,0,9,0,0,0,0,0
470700,2,1,1995,0,0,0,0,0,0,0,0,0,0
470701,0,1,1995,0,0,0,0,0,0,0,0,0,0
470701,1,1,1995,0,0,0,0,0,0,0,0,0,0
470702,0,1,1995,0,0,0,0,0,0,0,11,0,0
470702,1,1,1995,0,0,0,0,0,0,0,0,0,0
470703,0,1,1995,3,3,3,3,3,3,3,3,3,3
470703,1,1,1995,0,0,0,0,0,0,0,0,0,0
470704,1,1,1995,0,0,0,0,0,0,0,0,0,0
470705,1,1,1995,0,0,0,0,0,0,0,0,0,0
470706,1,1,1995,0,0,0,0,0,0,0,0,0,0
470706,2,1,1995,0,0,0,0,0,0,0,0,0,0
470707,0,1,1995,20,20,20,20,20,20,20,20,20,20
470707,1,1,1995,0,0,0,0,0,0,0,0,0,0
470708,1,1,1995,29,29,29,29,29,29,29,29,29,29
470709,1,1,1995,0,0,0,0,0,0,0,0,0,0
470709,2,1,1995,0,0,0,0,0,0,0,0,0,0
470710,1,1,1995,0,0,0,0,0,0,0,0,0,0
470710,2,1,1995,0,0,0,0,0,0,0,0,0,0
470712,1,1,1995,0,0,0,0,0,0,0,0,0,0
470713,1,1,1995,0,0,0,0,0,0,0,0,0,0
470713,2,1,1995,0,0,0,0,0,0,0,0,0,0
470715,1,1,1995,0,0,0,0,0,0,0,0,0,0
470715,2,1,1995,0,0,0,0,0,0,0,0,0,0
470716,1,1,1995,26,26,26,26,26,26,26,26,26,26
470717,1,1,1995,0,0,0,0,0,0,0,0,0,0
470717,2,1,1995,0,0,0,0,0,0,0,0,0,0
470718,1,1,1995,11,0,18,26,18,26,10,23,0,10
470719,1,1,1995,15,15,15,15,15,15,15,15,15,15
470719,2,1,1995,0,0,0,0,0,0,0,0,0,0
470720,1,1,1995,0,0,0,0,0,0,0,0,0,0
470720,2,1,1995,10,10,10,10,10,10,10,10,10,10
470721,1,1,1995,0,0,0,0,0,0,9,0,0,0
470721,2,1,1995,0,0,0,0,0,0,0,0,0,0
470722,1,1,1995,0,0,0,0,0,0,0,0,0,0
470722,2,1,1995,0,0,0,0,16,0,12,0,0,0
470723,1,1,1995,0,0,0,0,0,0,0,0,0,0
470723,2,1,1995,0,0,0,0,0,0,0,0,0,0
470724,1,1,1995,0,0,0,0,0,0,0,0,0,0
470724,2,1,1995,0,0,0,11,0,0,16,0,0,0
470725,1,1,1995,0,0,0,0,0,0,0,0,0,0
470726,1,1,1995,0,0,0,0,0,0,0,0,0,0
470727,1,1,1995,0,0,0,0,0,0,0,0,0,0
470727,2,1,1995,0,0,0,0,0,0,0,0,0,0
470728,1,1,1995,0,0,0,0,0,0,0,0,0,0
470728,2,1,1995,0,0,0,0,0,0,0,0,0,0
470729,1,1,1995,17,17,17,17,17,17,17,17,17,17
470729,2,1,1995,0,0,0,0,0,0,0,0,0,0
470730,1,1,1995,0,0,0,0,0,0,0,0,0,0
470731,1,1,1995,0,0,19,0,0,0,0,0,0,0
470732,1,1,1995,0,0,0,0,0,0,0,0,0,0
470732,2,1,1995,0,0,0,0,0,0,0,0,0,0
470733,1,1,1995,13,13,13,13,13,13,13,13,13,13
470734,1,1,1995,0,0,0,0,0,0,0,0,0,0
470734,2,1,1995,0,0,0,0,0,0,0,0,0,0
470735,1,1,1995,5,5,5,5,5,5,5,5,5,5
470735,2,1,1995,16,0,25,18,26,35,25,0,18,18
470736,1,1,1995,0,0,0,0,0,0,0,0,0,0
470737,1,1,1995,0,0,0,0,0,0,0,0,0,0
470738,1,1,1995,8,8,8,8,8,8,8,8,8,8
470739,0,1,1995,0,0,0,18,0,0,0,0,0,0
470739,1,1,1995,0,0,0,0,0,0,0,0,0,0
470740,1,1,1995,0,0,0,0,0,0,0,0,0,0
470741,0,1,1995,8,15,16,8,24,0,0,25,14,27
470741,0,2,1995,0,0,0,0,0,0,0,0,0,0
470741,1,1,1995,0,6,7,0,0,10,0,0,0,0
470742,2,1,1995,0,14,15,0,16,0,0,15,0,23
470743,1,1,1995,0,0,0,0,0,0,0,0,0,0
470743,2,1,1995,0,0,0,0,0,0,0,0,0,0
470744,1,1,1995,0,0,0,0,0,0,0,0,0,0
470744,2,1,1995,0,0,0,0,0,0,0,0,0,0
470744,3,1,1995,0,0,0,0,0,0,0,0,0,0
470745,1,1,1995,28,28,28,28,28,28,28,28,28,28
470746,1,1,1995,0,0,0,0,0,0,0,0,0,0
470746,2,1,1995,0,0,0,0,0,0,0,0,0,0
470747,1,1,1995,0,0,0,0,0,0,0,0,0,0
470748,1,1,1995,0,0,0,0,0,0,0,0,0,0
470748,2,1,1995,0,0,0,0,0,0,0,0,0,0
470749,0,1,1995,0,0,0,0,0,0,0,0,0,0
470749,1,1,1995,0,0,0,0,0,0,0,0,0,0
470750,1,1,1995,0,0,0,0,0,0,0,0,0,0
470750,2,1,1995,0,0,0,0,0,0,0,0,0,0
470751,0,1,1995,22,22,22,22,22,22,22,22,22,22
470751,1,1,1995,0,0,0,0,0,0,0,0,0,0
470752,1,1,1995,25,25,25,25,25,25,25,25,25,25
470753,1,1,1995,20,20,20,20,20,20,20,20,20,20
470754,1,1,1995,0,0,0,0,0,0,0,0,0,0
470755,1,1,1995,8,0,9,2,6,11,20,5,6,14
470756,1,1,1995,8,8,8,8,8,8,8,8,8,8
470756,2,1,1995,0,14,0,0,0,0,12,27,0,0
470757,1,1,1995,0,0,0,0,0,0,0,0,0,0
470758,1,1,1995,22,0,28,30,12,16,0,13,21,25
470759,1,1,1995,27,27,27,27,27,27,27,27,27,27
470759,2,1,1995,0,0,0,0,0,0,0,0,0,0
470760,1,1,1995,27,27,27,27,27,27,27,27,27,27
470761,0,1,1995,29,29,29,29,29,29,29,29,29,29
470761,1,1,1995,31,11,9,15,0,9,7,0,0,5
470762,1,1,1995,0,0,0,0,0,0,0,0,0,0
470762,2,1,1995,0,0,0,0,0,0,0,10,0,0
470763,1,1,1995,0,0,0,0,0,0,0,0,0,0
470763,2,1,1995,0,0,0,0,0,0,0,0,0,0
470764,1,1,1995,26,26,26,26,26,26,26,26,26,26
470764,2,1,1995,0,0,0,0,0,2,0,0,0,0
470764,3,1,1995,0,0,0,0,0,0,0,0,0,0
470765,1,1,1995,0,0,0,0,0,0,0,0,0,0
470766,1,1,1995,32,17,14,24,0,24,0,25,23,18
470767,1,1,1995,0,0,0,0,0,0,0,0,0,0
470767,2,1,1995,28,0,0,0,0,0,0,0,9,0
470768,1,1,1995,0,0,0,0,0,0,0,0,0,0
470769,1,1,1995,0,0,0,0,0,0,0,0,10,6
470770,1,1,1995,0,0,0,0,0,0,0,0,0,0
470772,1,1,1995,0,0,0,0,0,0,0,0,0,0
470773,1,1,1995,0,0,0,0,0,0,0,0,0,0
470773,2,1,1995,0,0,0,0,0,0,0,0,0,0
470774,1,1,1995,0,0,0,0,0,0,0,0,0,0
470775,0,1,1995,0,0,0,0,0,0,0,0,0,0
470775,1,1,1995,0,0,0,0,0,0,0,0,0,0
470776,1,1,1995,10,10,10,10,10,10,10,10,10,10
470777,1,1,1995,0,0,0,0,0,0,0,0,0,0
470777,2,1,1995,0,0,0,0,0,0,0,0,0,0
470778,1,1,1995,0,0,0,0,0,0,0,0,0,0
470778,2,1,1995,0,0,0,0,0,0,0,0,0,0
470779,1,1,1995,0,0,0,0,0,0,0,0,0,0
470779,2,1,1995,0,0,0,0,0,0,0,0,0,0
470780,1,1,1995,26,26,26,26,26,26,26,26,26,26
470781,1,1,1995,17,17,17,17,17,17,17,17,17,17
470782,1,1,1995,0,0,0,0,0,0,0,0,0,0
470782,2,1,1995,0,0,0,0,0,0,0,0,0,0
470783,1,1,1995,0,0,0,0,10,0,0,0,0,0
470783,2,1,1995,0,0,0,0,0,0,0,0,0,0
470783,3,1,1995,0,0,0,0,0,0,0,0,0,0
470784,1,1,1995,12,12,12,12,12,12,12,12,12,12
470785,1,1,1995,0,0,0,0,0,0,0,0,0,0
470785,2,1,1995,0,0,0,0,0,0,0,0,0,0
470786,1,1,1995,0,0,0,0,0,0,0,0,0,0
470786,2,1,1995,0,0,0,0,0,0,0,0,0,0
470787,1,1,1995,0,0,0,0,0,0,0,0,0,0
470788,0,1,1995,0,0,0,0,0,0,0,0,0,0
470788,1,1,1995,0,0,0,0,0,0,0,0,0,0
470789,1,1,1995,0,0,0,0,0,0,0,0,0,0
470789,2,1,1995,10,10,10,10,10,10,10,10,10,10
470790,1,1,1995,0,0,0,0,0,0,0,0,0,0
470791,1,1,1995,6,6,6,6,6,6,6,6,6,6
470791,2,1,1995,3,3,3,3,3,3,3,3,3,3
470792,1,1,1995,24,24,24,24,24,24,24,24,24,24
470793,1,1,1995,14,14,14,14,14,14,14,14,14,14
470794,1,1,1995,0,0,0,0,0,0,0,0,0,0
470794,2,1,1995,0,0,0,0,0,0,0,0,0,0
470795,1,1,1995,0,0,0,0,0,0,0,0,0,0
470795,2,1,1995,0,0,0,0,0,0,0,0,0,0
470796,1,1,1995,0,0,0,0,0,0,0,0,0,0
470796,2,1,1995,0,0,0,0,0,0,0,0,0,0
470797,1,1,1995,11,11,11,11,11,11,11,11,11,11
470798,1,1,1995,13,13,13,13,13,13,13,13,13,13
470799,0,1,1995,27,27,27,27,27,27,27,27,27,27
470799,1,1,1995,0,0,0,0,0,0,0,0,0,0
470800,1,1,1995,0,0,0,0,0,0,0,0,0,0
470800,2,1,1995,23,28,12,18,8,21,13,20,19,14
470801,1,1,1995,13,13,13,13,13,13,13,13,13,13
470802,1,1,1995,0,0,0,0,0,0,0,0,0,0
470803,1,1,1995,0,15,23,0,10,28,21,0,0,0
470804,1,1,1995,0,0,0,0,0,0,0,0,0,0
470805,1,1,1995,0,0,0,0,0,0,0,0,0,0
470807,1,1,1995,0,0,0,0,0,0,0,0,0,0
470808,1,1,1995,0,0,0,0,0,0,0,0,0,0
470808,2,1,1995,0,0,0,0,0,0,0,0,0,0
470808,3,1,1995,0,0,0,0,0,0,0,0,0,0
470809,1,1,1995,12,12,12,12,12,12,12,12,12,12
470810,1,1,1995,0,0,0,0,0,0,0,0,0,0
470810,2,1,1995,0,0,0,0,0,0,0,0,0,0
470811,0,1,1995,16,16,16,16,16,16,16,16,16,16
470811,1,1,1995,0,0,0,0,0,0,0,0,0,0
470812,1,1,1995,0,0,0,0,0,0,0,0,0,0
470812,2,1,1995,0,0,0,0,0,14,0,0,0,0
470813,1,1,1995,0,0,0,0,0,0,0,0,0,0
470813,2,1,1995,31,31,31,31,31,31,31,31,31,31
470814,1,1,1995,0,12,20,0,0,25,0,0,0,0
470815,1,1,1995,14,0,0,23,24,0,0,30,4,23
470817,1,1,1995,18,18,18,18,18,18,18,18,18,18
470818,1,1,1995,0,0,0,0,0,0,0,0,0,0
470818,2,1,1995,0,0,0,0,0,0,0,0,0,0
470819,0,1,1995,0,23,12,21,15,0,15,23,26,2
470819,1,1,1995,0,0,0,0,0,0,0,0,0,0
470820,1,1,1995,0,0,0,0,0,0,0,0,0,0
470820,2,1,1995,0,0,0,0,0,0,0,0,0,0
470821,1,1,1995,0,0,0,0,0,0,0,0,0,0
470821,2,1,1995,0,0,0,0,0,0,0,0,0,0
470821,3,1,1995,0,0,0,0,0,0,0,0,0,0
470822,1,1,1995,20,20,20,20,20,20,20,20,20,20
470823,0,1,1995,14,16,21,20,26,20,13,7,21,19
470823,1,1,1995,0,0,0,0,0,0,0,0,0,0
470824,1,1,1995,26,26,26,26,26,26,26,26,26,26
470825,0,1,1995,0,0,0,0,0,0,0,0,0,0
470825,1,1,1995,0,0,0,0,0,0,0,0,0,0
470826,1,1,1995,0,0,0,0,0,0,0,0,0,0
470826,2,1,1995,0,0,0,0,0,0,0,0,0,0
470827,1,1,1995,0,0,0,0,0,0,0,0,0,0
470827,2,1,1995,19,19,19,19,19,19,19,19,19,19
470827,3,1,1995,0,0,0,0,0,0,0,0,0,0
470828,1,1,1995,0,0,0,0,0,0,0,0,0,0
470828,2,1,1995,0,0,0,0,0,0,0,0,0,0
470829,1,1,1995,0,0,0,0,0,0,0,0,0,0
470829,2,1,1995,0,0,0,0,0,0,0,0,0,0
470830,1,1,1995,2,2,2,2,2,2,2,2,2,2
470831,1,1,1995,0,0,0,0,0,0,0,0,0,0
470832,1,1,1995,0,0,0,0,0,0,0,0,0,0
470833,1,1,1995,0,0,0,0,0,0,0,0,0,0
470833,2,1,1995,0,0,0,0,0,0,0,0,0,0
470834,0,1,1995,0,0,0,0,0,0,0,0,0,0
470834,1,1,1995,0,0,0,0,0,0,0,0,0,0
470835,1,1,1995,0,0,21,0,0,0,0,0,0,0
470835,2,1,1995,0,0,0,0,0,0,0,0,0,0
470836,1,1,1995,0,0,0,0,0,0,0,0,0,0
470836,2,1,1995,0,0,0,0,0,0,0,0,0,0
470837,1,1,1995,0,0,0,0,0,0,0,0,0,0
470837,2,1,1995,0,0,0,0,0,0,0,0,0,0
470837,3,1,1995,0,0,0,0,0,0,0,0,0,0
470837,4,1,1995,0,0,0,0,0,0,0,0,0,0
470839,1,1,1995,0,0,0,0,0,0,0,0,0,0
470841,1,1,1995,0,0,0,0,0,0,0,0,0,0
470841,2,1,1995,0,0,0,0,0,0,0,0,0,0
470842,1,1,1995,0,0,0,0,0,19,0,0,0,0
470842,2,1,1995,0,0,0,0,0,0,0,0,0,0
470843,1,1,1995,29,29,29,29,29,29,29,29,29,29
470843,2,1,1995,0,0,0,0,0,0,0,0,0,0
470843,3,1,1995,0,0,0,0,0,0,0,0,0,0
470844,0,1,1995,0,0,0,0,0,0,0,0,0,0
470844,1,1,1995,0,0,0,0,0,0,0,0,0,0
470845,1,1,1995,37,37,37,37,37,37,37,37,37,37
470846,1,1,1995,0,0,0,0,0,0,0,0,0,0
470846,2,1,1995,0,0,0,0,0,0,0,0,0,0
470847,1,1,1995,0,0,0,0,0,0,0,0,0,0
470847,2,1,1995,0,0,0,0,0,0,0,0,0,0
470848,1,1,1995,0,0,0,0,0,0,0,0,0,0
470848,2,1,1995,0,0,0,0,0,0,0,0,0,0
470849,1,1,1995,20,20,20,20,20,20,20,20,20,20
470850,1,1,1995,0,0,0,0,0,0,0,0,0,0
470850,2,1,1995,0,0,0,0,0,0,0,0,0,0
470851,0,1,1995,0,0,0,0,0,0,0,0,0,0
470851,1,1,1995,0,0,0,0,0,0,0,0,0,0
470852,1,1,1995,0,0,0,0,0,0,0,0,0,0
470853,1,1,1995,18,18,18,18,18,18,18,18,18,18
470854,1,1,1995,34,34,34,34,34,34,34,34,34,34
470854,2,1,1995,0,0,0,0,0,0,0,0,0,0
470854,3,1,1995,0,0,0,0,0,0,0,0,0,0
470855,1,1,1995,17,16,28,11,17,14,20,17,19,17
470856,1,1,1995,0,0,0,0,0,0,0,0,0,0
470857,1,1,1995,0,0,0,0,0,0,0,0,0,0
470858,1,1,1995,0,0,0,0,0,0,0,0,0,0
470859,1,1,1995,0,0,0,8,0,17,0,0,0,0
470859,2,1,1995,0,0,0,0,0,0,0,0,0,0
470859,3,1,1995,0,0,0,0,0,0,0,0,0,0
470859,4,1,1995,0,0,0,0,0,0,0,0,0,0
470859,5,1,1995,0,0,0,0,0,0,0,0,0,0
470859,6,1,1995,17,0,0,0,0,0,0,0,0,0
470859,7,1,1995,0,0,0,0,0,0,0,0,0,0
470859,8,1,1995,0,0,0,0,0,0,0,0,0,0
470860,1,1,1995,0,0,0,0,0,0,0,0,0,0