ST_CASE,VEH_NO,PER_NO,YEAR,P1,P2,P3,P4,P5,P6,P7,P8,P9,P10
481807,1,1,1995,0,0,0,0,0,0,0,0,0,38
481808,1,1,1995,0,0,0,0,0,0,0,0,0,0
481809,1,1,1995,9,19,6,12,16,17,23,9,7,6
481809,2,1,1995,0,0,0,0,0,0,0,0,0,0
481810,1,1,1995,0,0,10,0,0,0,0,0,0,0
481810,2,1,1995,0,0,0,0,0,0,0,0,0,0
481811,1,1,1995,8,18,8,6,13,8,7,0,16,10
481811,2,1,1995,0,0,23,0,0,0,0,0,14,0
481812,1,1,1995,9,0,23,0,0,22,3,0,0,0
481813,1,1,1995,0,0,0,0,0,0,0,0,0,0
481814,1,1,1995,13,17,0,0,0,0,17,0,0,0
481814,2,1,1995,0,0,0,0,0,31,0,0,16,0
481815,1,1,1995,13,13,13,13,13,13,13,13,13,13
481815,2,1,1995,11,11,11,11,11,11,11,11,11,11
481816,1,1,1995,16,16,16,16,16,16,16,16,16,16
481817,1,1,1995,0,0,0,0,5,0,0,0,0,0
481817,2,1,1995,16,0,6,0,27,27,0,27,18,22
481818,1,1,1995,17,0,27,20,16,27,7,28,26,0
481818,2,1,1995,0,0,0,0,0,0,0,0,0,0
481819,1,1,1995,0,0,0,0,0,0,0,0,0,0
481820,1,1,1995,0,0,0,0,0,0,0,0,0,0
481820,2,1,1995,0,0,0,0,0,0,0,0,0,0
481821,1,1,1995,19,11,10,14,16,19,14,25,22,34
481821,2,1,1995,9,0,0,19,29,27,0,0,0,13
481822,1,1,1995,11,8,15,20,16,0,55,26,23,19
481823,1,1,1995,0,0,0,0,0,0,0,0,0,0
481824,1,1,1995,0,0,0,0,0,0,0,0,0,0
481825,1,1,1995,13,13,13,13,13,13,13,13,13,13
481825,2,1,1995,0,0,0,0,0,0,0,0,0,0
481826,1,1,1995,8,0,5,0,0,0,0,0,6,0
481826,2,1,1995,0,12,0,0,0,0,0,0,0,0
481826,3,1,1995,0,0,0,0,0,0,0,0,0,0
481826,4,1,1995,0,0,0,0,0,0,0,0,0,0
481826,5,1,1995,0,0,0,0,0,0,0,0,0,0
481826,6,1,1995,0,0,5,0,0,0,0,0,0,0
481827,1,1,1995,0,0,0,0,0,7,0,0,0,0
481827,2,1,1995,8,0,0,0,0,0,0,0,0,11
481827,3,1,1995,0,0,0,0,6,0,0,0,0,0
481828,0,1,1995,37,0,0,0,0,0,0,11,0,0
481828,1,1,1995,0,0,0,0,0,0,0,0,0,0
481829,1,1,1995,0,0,0,0,0,0,0,0,0,0
481830,1,1,1995,0,0,0,0,0,0,0,0,0,0
481830,2,1,1995,0,0,0,0,0,0,0,0,0,0
481831,1,1,1995,33,33,33,33,33,33,33,33,33,33
481831,2,1,1995,0,0,0,0,0,0,0,0,0,0
481831,3,1,1995,0,0,22,0,0,0,0,0,0,0
481832,1,1,1995,0,0,0,0,0,0,0,0,0,0
481832,2,1,1995,0,0,0,0,0,0,0,0,0,0
481833,1,1,1995,0,0,0,0,0,0,0,0,0,0
481834,1,1,1995,13,0,0,0,0,0,0,0,0,25
481835,0,1,1995,14,15,36,21,19,9,19,32,19,43
481835,1,1,1995,0,10,0,10,0,0,0,0,0,0
481836,1,1,1995,0,19,0,14,0,0,18,4,0,20
481836,2,1,1995,0,12,0,14,0,0,0,0,0,6
481837,0,1,1995,0,0,0,0,0,0,0,0,0,0
481837,1,1,1995,13,13,13,13,13,13,13,13,13,13
481838,1,1,1995,2,2,2,2,2,2,2,2,2,2
481839,1,1,1995,0,0,5,0,0,0,16,11,0,0
481839,2,1,1995,0,0,0,0,0,0,0,0,33,0
481840,2,1,1995,0,0,0,0,0,0,0,0,0,0
481841,1,1,1995,26,26,26,26,26,26,26,26,26,26
481841,2,1,1995,0,0,0,0,0,0,0,0,0,0
481842,1,1,1995,9,11,3,4,4,25,4,24,26,22
481842,2,1,1995,18,16,14,11,21,33,21,39,18,30
481843,1,1,1995,19,10,19,19,29,3,25,11,14,16
481843,2,1,1995,9,0,0,0,18,0,0,12,7,0
481843,3,1,1995,0,0,0,0,0,18,0,0,0,0
481844,1,1,1995,0,0,0,0,0,0,0,0,0,0
481844,2,1,1995,7,7,7,7,7,7,7,7,7,7
481845,1,1,1995,29,29,29,29,29,29,29,29,29,29
481846,0,1,1995,0,0,0,0,0,0,0,0,0,17
481846,1,1,1995,0,13,18,21,7,21,28,19,40,14
481847,1,1,1995,0,0,0,0,0,17,0,0,0,0
481847,2,1,1995,0,0,0,0,0,11,0,0,0,14
481848,0,1,1995,0,0,0,0,0,0,0,0,0,0
481848,1,1,1995,13,13,13,13,13,13,13,13,13,13
481849,1,1,1995,0,0,16,0,0,0,0,0,0,0
481849,2,1,1995,16,16,16,16,16,16,16,16,16,16
481850,0,1,1995,0,0,0,0,0,0,0,0,0,0
481850,1,1,1995,0,0,0,0,0,0,0,0,0,0
481851,1,1,1995,0,0,0,0,0,0,0,0,0,0
481851,2,1,1995,0,0,0,0,0,0,0,0,0,0
481852,1,1,1995,7,7,7,7,7,7,7,7,7,7
481853,1,1,1995,22,18,27,11,26,18,0,26,10,15
481854,1,1,1995,5,5,5,5,5,5,5,5,5,5
481854,2,1,1995,0,0,0,0,0,0,0,0,0,0
481855,1,1,1995,22,22,22,22,22,22,22,22,22,22
481856,1,1,1995,13,3,15,12,28,26,14,15,17,12
481857,1,1,1995,0,23,0,0,7,0,0,0,0,11
481858,1,1,1995,16,16,16,16,16,16,16,16,16,16
481859,1,1,1995,21,21,21,21,21,21,21,21,21,21
481859,2,1,1995,0,0,0,0,0,0,0,0,0,0
481860,1,1,1995,16,0,0,0,6,0,0,0,0,0
481861,1,1,1995,0,0,0,0,0,0,0,0,0,0
481861,2,1,1995,0,0,0,12,0,0,0,0,5,0
481862,1,1,1995,30,30,30,30,30,30,30,30,30,30
481862,2,1,1995,0,0,0,0,0,0,0,0,0,0
481863,1,1,1995,0,0,0,0,0,0,0,0,0,0
481863,2,1,1995,0,0,0,0,0,0,0,0,0,0
481863,3,1,1995,0,0,28,0,0,0,0,0,0,0
481863,4,1,1995,0,0,0,0,0,0,0,0,0,0
481864,0,1,1995,0,0,0,0,0,0,0,0,0,0
481864,1,1,1995,10,23,0,0,0,0,0,0,0,0
481865,1,1,1995,0,11,33,0,0,0,15,0,15,0
481865,2,1,1995,0,17,0,0,0,0,13,0,0,15
481865,3,1,1995,8,8,8,8,8,8,8,8,8,8
481866,1,1,1995,0,0,0,0,0,0,0,0,0,0
481866,2,1,1995,0,0,0,0,0,0,0,0,0,0
481866,3,1,1995,0,7,0,0,0,0,0,0,0,10
481867,1,1,1995,10,10,10,10,10,10,10,10,10,10
481868,1,1,1995,3,3,3,3,3,3,3,3,3,3
481868,2,1,1995,0,0,0,0,0,0,0,0,0,0
481869,1,1,1995,0,0,0,0,0,20,0,0,0,0
481869,2,1,1995,0,0,0,0,0,0,0,0,0,0
481870,0,1,1995,0,0,0,0,0,0,0,0,0,0
481870,1,1,1995,0,0,0,0,0,0,0,0,0,0
481871,0,1,1995,0,0,0,0,15,0,0,0,0,0
481871,1,1,1995,0,0,0,0,0,0,7,0,0,0
481872,1,1,1995,0,0,0,0,42,0,0,0,0,0
481873,1,1,1995,0,0,0,11,0,0,0,0,0,0
481874,1,1,1995,25,0,26,30,29,27,12,23,29,22
481875,1,1,1995,0,0,0,0,0,0,0,0,0,0
481875,2,1,1995,0,0,0,0,0,0,9,0,0,6
481876,1,1,1995,17,17,17,17,17,17,17,17,17,17
481876,2,1,1995,21,21,21,21,21,21,21,21,21,21
481877,1,1,1995,0,0,24,23,26,21,0,0,19,0
481878,1,1,1995,0,12,0,0,0,0,0,8,0,0
481878,2,1,1995,22,0,5,24,12,14,11,14,19,4
481878,3,1,1995,0,0,0,0,12,22,0,0,0,0
481879,1,1,1995,27,27,27,27,27,27,27,27,27,27
481879,2,1,1995,0,17,0,0,0,8,15,0,0,0
481880,1,1,1995,17,17,17,17,17,17,17,17,17,17
481881,0,1,1995,0,0,6,0,0,0,0,16,0,0
481881,0,2,1995,0,15,0,25,15,19,35,21,13,6
481881,1,1,1995,0,0,0,0,0,0,20,0,0,0
481882,1,1,1995,11,30,14,3,26,0,0,0,12,0
481882,2,1,1995,0,0,0,0,0,0,0,19,0,0
481883,1,1,1995,13,13,13,13,13,13,13,13,13,13
481883,2,1,1995,16,16,16,16,16,16,16,16,16,16
481884,1,1,1995,4,4,4,4,4,4,4,4,4,4
481884,2,1,1995,0,0,12,0,18,0,0,17,15,0
481885,1,1,1995,16,16,16,16,16,16,16,16,16,16
481885,2,1,1995,0,0,0,0,0,0,0,0,0,0
481886,1,1,1995,26,26,26,26,26,26,26,26,26,26
481887,1,1,1995,0,0,3,0,0,0,0,0,0,13
481887,2,1,1995,0,0,0,0,0,0,0,0,0,0
481888,1,1,1995,41,41,41,41,41,41,41,41,41,41
481889,1,1,1995,0,0,0,0,0,0,0,0,0,0
481889,2,1,1995,0,0,0,0,0,0,0,0,0,0
481890,1,1,1995,15,15,15,15,15,15,15,15,15,15
481891,1,1,1995,0,0,0,0,0,0,0,0,0,0
481891,2,1,1995,0,0,0,0,4,0,0,0,0,0
481891,3,1,1995,0,0,0,0,17,0,0,0,0,0
481891,4,1,1995,0,0,0,0,0,0,14,0,0,0
481891,5,1,1995,0,0,0,0,0,0,0,0,0,0
481892,1,1,1995,0,7,8,0,0,0,0,7,0,0
481893,1,1,1995,0,0,0,17,8,0,0,15,0,0
481893,2,1,1995,5,0,30,8,18,11,0,0,10,0
481894,1,1,1995,0,0,0,0,0,0,0,0,0,0
481895,1,1,1995,24,24,24,24,24,24,24,24,24,24
481895,2,1,1995,0,0,0,0,0,0,0,0,0,0
481896,1,1,1995,0,0,0,0,0,0,0,7,0,0
481896,2,1,1995,0,0,0,0,0,0,0,0,0,0
481897,0,1,1995,0,0,0,0,0,0,0,0,0,0
481897,1,1,1995,0,0,0,0,0,0,0,0,0,0
481898,1,1,1995,21,21,21,21,21,21,21,21,21,21
481899,1,1,1995,0,0,0,0,0,0,0,0,0,0
481899,2,1,1995,0,16,0,9,0,0,0,0,9,0
481900,1,1,1995,8,8,8,8,8,8,8,8,8,8
481900,2,1,1995,0,0,0,0,0,0,0,0,0,0
481901,1,1,1995,24,24,24,24,24,24,24,24,24,24
481902,1,1,1995,0,0,0,0,0,0,0,0,0,0
481903,1,1,1995,0,0,0,0,0,0,0,0,0,0
481903,2,1,1995,0,0,0,0,0,0,0,0,0,0
481904,1,1,1995,0,0,0,0,0,0,0,0,0,0
481904,2,1,1995,0,0,0,0,0,0,0,0,0,0
481905,1,1,1995,17,17,17,17,17,17,17,17,17,17
481905,2,1,1995,0,0,0,0,0,0,0,0,0,0
481906,1,1,1995,0,2,0,0,0,0,0,0,0,0
481906,2,1,1995,18,18,18,18,18,18,18,18,18,18
481907,1,1,1995,0,0,0,0,0,0,0,0,0,0
481908,1,1,1995,0,0,0,0,0,0,0,0,0,0
481909,1,1,1995,0,0,0,0,0,0,0,0,0,0
481910,1,1,1995,19,19,19,19,19,19,19,19,19,19
481911,1,1,1995,0,0,0,4,0,0,0,0,0,0
481912,0,1,1995,0,0,15,0,0,0,0,0,0,0
481912,1,1,1995,0,0,0,0,0,0,0,0,0,0
481913,1,1,1995,10,10,10,10,10,10,10,10,10,10
481914,1,1,1995,0,0,0,0,0,0,0,0,0,0
481915,1,1,1995,8,0,12,33,28,15,0,0,0,0
481916,1,1,1995,0,0,0,0,0,0,0,0,0,0
481916,2,1,1995,0,23,19,0,23,13,24,20,35,18
481917,1,1,1995,0,0,4,20,13,12,18,24,18,22
481918,1,1,1995,0,24,21,0,30,0,0,0,0,9
481919,1,1,1995,0,0,0,0,0,0,0,0,0,0
481920,1,1,1995,0,0,18,0,23,0,0,0,0,23
481920,2,1,1995,0,0,0,0,0,0,14,0,10,0
481921,1,1,1995,25,25,25,25,25,25,25,25,25,25
481922,1,1,1995,0,0,0,10,0,0,13,23,10,0
481922,2,1,1995,26,19,11,16,13,0,0,16,21,13
481923,1,1,1995,2,2,2,2,2,2,2,2,2,2
481923,2,1,1995,0,0,0,0,0,0,0,0,0,0
481924,1,1,1995,5,5,5,5,5,5,5,5,5,5
481925,1,1,1995,26,11,0,0,0,0,21,0,0,0
481926,1,1,1995,0,0,0,0,0,0,0,0,0,0
481926,2,1,1995,0,38,8,0,0,33,0,6,21,19
481927,1,1,1995,0,0,13,0,0,0,0,0,0,0
481927,2,1,1995,14,0,29,0,0,13,17,12,7,0
481928,1,1,1995,0,0,0,0,0,0,0,0,0,0
481928,2,1,1995,0,0,0,0,0,0,0,0,0,0
481929,1,1,1995,0,0,0,0,0,0,0,0,0,0
481929,2,1,1995,0,0,0,0,0,0,0,0,0,0
481930,1,1,1995,0,0,0,0,0,0,9,0,0,0
481931,1,1,1995,28,28,28,28,28,28,28,28,28,28
481932,1,1,1995,16,16,16,16,16,16,16,16,16,16
481933,1,1,1995,17,17,17,17,17,17,17,17,17,17
481934,1,1,1995,0,0,0,0,10,0,0,0,8,0
481934,2,1,1995,0,0,0,0,0,0,11,0,0,0
481935,1,1,1995,12,12,12,12,12,12,12,12,12,12
481936,1,1,1995,0,0,17,0,0,0,0,11,24,0
481936,2,1,1995,0,0,0,0,7,0,0,0,0,13
481937,1,1,1995,0,0,0,0,0,0,0,0,0,0
481937,2,1,1995,4,4,4,4,4,4,4,4,4,4
481938,1,1,1995,8,8,8,8,8,8,8,8,8,8
481939,1,1,1995,0,34,0,0,7,0,0,0,0,8
481940,1,1,1995,0,0,0,0,0,0,0,25,0,0
481940,2,1,1995,0,0,0,0,0,0,0,0,0,0
481941,1,1,1995,0,0,0,0,16,0,0,0,17,0
481941,2,1,1995,0,0,0,0,0,0,0,0,6,0
481942,0,1,1995,0,37,6,8,5,0,0,0,0,0
481942,1,1,1995,0,0,0,10,0,0,0,0,0,0
481943,1,1,1995,0,0,0,0,0,0,0,0,0,0
481943,2,1,1995,20,21,9,18,0,0,17,9,12,0
481944,1,1,1995,0,0,0,0,0,0,0,0,0,0
481945,1,1,1995,8,8,8,8,8,8,8,8,8,8
481946,1,1,1995,0,0,0,18,0,0,0,0,0,0
481947,1,1,1995,0,0,0,0,0,0,0,0,0,0
481948,1,1,1995,0,0,0,12,0,0,22,0,21,0
481949,1,1,1995,0,11,29,3,9,10,4,5,9,8
481949,2,1,1995,0,0,0,0,0,0,0,5,0,0
481949,3,1,1995,0,0,0,0,0,0,0,0,0,0
481950,1,1,1995,0,0,0,0,0,10,0,0,0,0
481950,2,1,1995,0,0,0,0,0,0,0,0,0,0
481951,1,1,1995,3,3,3,3,3,3,3,3,3,3
481952,1,1,1995,25,0,0,25,12,9,0,0,15,14
481953,0,1,1995,0,0,0,0,0,0,0,0,0,0
481953,1,1,1995,0,0,0,0,0,0,0,0,0,0
481954,1,1,1995,0,0,0,13,0,0,0,0,0,0
481954,2,1,1995,0,0,0,0,0,0,0,0,0,0
481955,1,1,1995,0,0,12,14,0,16,11,36,7,24
481956,1,1,1995,0,0,0,0,0,0,0,0,0,0
481956,2,1,1995,0,0,0,0,0,11,0,0,0,0
481957,1,1,1995,0,0,0,0,0,0,0,0,0,0
481957,2,1,1995,0,0,0,0,0,0,0,0,0,0
481958,0,1,1995,42,0,19,14,32,36,0,0,30,0
481958,1,1,1995,0,14,0,0,0,0,0,0,0,0
481959,1,1,1995,17,7,26,16,24,0,15,4,0,18
481959,2,1,1995,0,0,0,0,0,0,0,0,0,18
481960,1,1,1995,41,33,10,13,9,19,14,14,17,27
481961,1,1,1995,0,0,0,0,0,0,0,0,0,0
481961,2,1,1995,0,0,0,0,0,0,0,0,0,0
481962,1,1,1995,0,0,0,0,0,0,0,0,0,0
481963,1,1,1995,0,0,0,0,0,0,0,0,0,0
481963,2,1,1995,0,0,0,0,0,0,0,0,0,0
481964,1,1,1995,17,12,14,0,10,0,21,20,0,15
481964,2,1,1995,19,19,19,19,19,19,19,19,19,19
481965,0,1,1995,0,0,0,0,0,0,0,0,0,0
481965,1,1,1995,0,0,0,0,0,0,0,0,0,0
481966,1,1,1995,14,0,0,0,0,0,0,0,0,0
481966,2,1,1995,0,0,0,0,0,0,0,0,0,0
481967,1,1,1995,0,0,11,20,0,0,0,26,0,0
481968,1,1,1995,0,0,0,0,0,0,0,0,0,0
481968,2,1,1995,0,0,0,0,0,0,0,0,0,0
481969,0,1,1995,14,14,14,14,14,14,14,14,14,14
481969,1,1,1995,0,0,10,0,0,14,0,0,3,0
481969,2,1,1995,0,0,0,0,0,0,0,0,0,0
481969,3,1,1995,0,6,0,0,13,0,7,0,0,0
481969,4,1,1995,0,0,0,0,0,0,6,11,0,0
481970,1,1,1995,0,0,18,20,0,26,15,18,10,7
481971,1,1,1995,16,16,16,16,16,16,16,16,16,16
481972,1,1,1995,20,20,20,20,20,20,20,20,20,20
481973,0,2,1995,0,0,0,0,0,0,0,0,0,0
481973,1,1,1995,0,0,0,0,0,0,0,3,0,7
481974,1,1,1995,0,0,0,0,0,0,0,0,0,0
481975,1,1,1995,17,14,16,0,0,0,0,0,28,0
481976,1,1,1995,12,12,12,12,12,12,12,12,12,12
481977,1,1,1995,14,14,14,14,14,14,14,14,14,14
481978,1,1,1995,0,0,0,0,0,0,0,0,0,0
481978,2,1,1995,14,14,14,14,14,14,14,14,14,14
481979,0,1,1995,0,0,19,0,9,0,3,23,23,26
481979,1,1,1995,32,0,0,11,29,0,0,12,0,42
481980,1,1,1995,0,0,0,0,0,15,0,0,0,0
481980,2,1,1995,0,0,0,0,0,0,0,0,0,0
481981,0,1,1995,13,0,27,0,0,14,0,0,13,16
481981,1,1,1995,0,21,11,0,6,0,10,14,6,0
481982,1,1,1995,8,0,0,0,0,0,0,0,0,0
481982,2,1,1995,0,0,0,28,0,0,0,13,0,0
481983,1,1,1995,0,0,0,0,0,0,0,0,0,0
481983,2,1,1995,0,0,0,0,0,0,0,0,0,0
481984,1,1,1995,11,11,11,11,11,11,11,11,11,11
481985,1,1,1995,0,9,14,28,16,28,15,25,0,9
481986,0,1,1995,0,0,18,0,20,0,0,0,0,0
481986,1,1,1995,0,0,0,0,0,0,0,0,0,0
481986,2,1,1995,0,0,0,0,0,0,0,0,0,0
481987,1,1,1995,0,0,0,0,0,0,0,0,0,0
481988,1,1,1995,0,0,0,0,0,0,0,0,0,0
481988,2,1,1995,0,0,0,21,0,11,0,0,11,0
481988,3,1,1995,0,0,0,0,0,0,0,0,0,0
481989,1,1,1995,17,17,17,17,17,17,17,17,17,17
481989,2,1,1995,0,0,0,0,0,0,0,0,0,0
481990,0,1,1995,25,18,21,0,16,21,0,4,38,0
481990,1,1,1995,9,0,0,0,0,0,27,8,0,0
481991,0,1,1995,0,0,0,0,0,0,0,0,0,0
481991,1,1,1995,0,0,0,0,0,0,0,0,0,0
481992,1,1,1995,12,20,19,11,17,28,6,13,25,0
481992,2,1,1995,20,0,0,0,0,11,16,6,0,14
481993,1,1,1995,21,21,21,21,21,21,21,21,21,21
481994,0,1,1995,0,0,0,0,0,0,0,0,0,0
481994,0,2,1995,13,0,10,0,26,0,27,0,0,7
481994,1,1,1995,0,0,0,0,0,0,0,0,0,0
481994,2,1,1995,0,0,16,18,0,0,17,5,0,0
481995,1,1,1995,0,0,17,0,0,15,0,0,0,0
481996,0,1,1995,23,15,24,0,0,10,0,0,0,0
481996,1,1,1995,0,0,0,0,0,0,0,0,0,0
481997,1,1,1995,0,0,0,0,0,0,0,0,0,0
481997,2,1,1995,0,0,0,34,0,0,0,14,0,10
481998,1,1,1995,0,0,4,0,0,0,0,0,0,0
481998,2,1,1995,0,10,15,0,0,0,0,0,0,0
481999,1,1,1995,0,0,0,0,0,0,0,0,0,0
481999,2,1,1995,0,0,0,0,0,0,0,0,8,0
482000,1,1,1995,17,0,0,11,21,7,0,6,0,0
482001,1,1,1995,0,0,0,0,22,23,0,0,0,0
482001,2,1,1995,0,0,0,0,0,0,0,0,0,0
482002,1,1,1995,0,0,0,0,0,0,0,0,0,0
482002,2,1,1995,0,0,0,0,0,2,0,0,0,0
482002,3,1,1995,0,0,0,0,16,0,0,0,0,0
482003,1,1,1995,10,5,21,19,6,17,19,17,6,6
482004,0,1,1995,9,23,36,26,0,12,8,0,43,20
482004,1,1,1995,42,34,7,9,0,13,0,0,7,0
482005,1,1,1995,0,0,15,0,0,0,7,13,42,0
482005,2,1,1995,0,0,0,0,0,0,0,0,0,0
482006,1,1,1995,0,7,0,0,0,0,0,0,0,0
482006,2,1,1995,16,0,0,0,0,0,0,0,0,0
482007,0,1,1995,29,29,29,29,29,29,29,29,29,29
482007,1,1,1995,17,21,6,0,0,18,0,0,10,6
482008,0,1,1995,0,0,0,0,2,0,16,0,0,0
482008,0,2,1995,28,5,19,16,0,0,0,16,10,0
482008,1,1,1995,0,0,0,0,0,0,0,0,0,0
482009,1,1,1995,0,0,18,0,6,0,9,0,0,0
482010,1,1,1995,0,0,0,0,0,0,0,0,0,0
482010,2,1,1995,0,0,0,0,0,0,0,0,0,0
482011,1,1,1995,18,18,18,18,18,18,18,18,18,18
482012,1,1,1995,6,6,6,6,6,6,6,6,6,6
482013,1,1,1995,0,0,0,0,0,0,0,0,0,0
482013,2,1,1995,0,0,0,0,0,0,0,0,0,0
482014,0,1,1995,0,0,0,0,0,0,0,0,0,16
482014,1,1,1995,0,0,0,0,0,0,0,0,0,0
482015,1,1,1995,0,0,0,0,0,0,0,0,0,0
482015,2,1,1995,0,0,0,0,0,0,0,0,0,0
482016,1,1,1995,0,0,0,0,0,0,0,0,0,0
482016,2,1,1995,3,3,3,3,3,3,3,3,3,3
482017,1,1,1995,22,12,16,15,0,23,18,24,17,43
482018,1,1,1995,0,21,0,10,22,27,0,0,0,14
482018,2,1,1995,10,0,0,0,5,0,0,0,0,0
482019,1,1,1995,0,0,0,0,0,0,0,0,0,0
482020,1,1,1995,9,9,9,9,9,9,9,9,9,9
482021,1,1,1995,0,0,0,0,0,0,0,0,0,0
482021,2,1,1995,0,0,0,0,0,0,0,0,0,0
482022,1,1,1995,0,0,0,0,11,0,0,0,0,0
482022,2,1,1995,0,0,0,0,0,0,0,0,0,0
482023,0,1,1995,29,0,0,0,0,0,0,0,0,0
482023,1,1,1995,12,6,18,25,15,13,40,15,17,5
482024,1,1,1995,0,0,0,0,0,0,0,0,0,0
482024,2,1,1995,0,14,5,0,0,0,0,0,12,15
482025,0,1,1995,19,20,2,0,0,23,19,22,7,28
482025,1,1,1995,0,4,0,14,10,27,15,0,17,13
482025,2,1,1995,9,0,0,0,0,7,0,0,0,0
482026,1,1,1995,0,13,0,0,0,0,0,0,0,0
482026,2,1,1995,0,14,5,0,0,15,0,0,0,0
482027,1,1,1995,23,15,0,0,16,0,0,0,18,0
482027,2,1,1995,0,0,0,0,0,0,0,0,0,0
482028,1,1,1995,7,0,0,0,0,0,0,0,0,0
482028,2,1,1995,21,21,21,21,21,21,21,21,21,21
482029,1,1,1995,9,19,10,14,20,7,11,31,21,0
482030,1,1,1995,0,11,0,0,0,0,0,0,0,0
482030,2,1,1995,0,0,0,0,0,44,0,0,5,0
482031,0,1,1995,18,18,27,7,5,0,20,18,14,0
482031,1,1,1995,22,0,12,0,0,5,36,0,0,0
482032,1,1,1995,2,0,0,0,0,0,0,0,0,0
482032,2,1,1995,0,0,0,0,0,19,0,0,0,0
482033,0,1,1995,0,0,0,0,0,0,34,0,0,0
482033,0,2,1995,0,4,11,0,0,0,0,28,9,0
482033,1,1,1995,0,16,8,0,0,0,0,0,0,0
482033,3,1,1995,0,0,0,10,0,0,8,0,19,0
482034,1,1,1995,0,0,0,0,0,0,0,0,0,0
482034,2,1,1995,0,0,0,0,0,0,0,0,0,0
482035,1,1,1995,5,5,5,5,5,5,5,5,5,5
482035,2,1,1995,10,18,20,25,18,41,14,18,0,16
482036,1,1,1995,0,0,0,0,0,0,0,0,0,0
482036,2,1,1995,0,21,16,0,0,0,12,0,21,0
482037,1,1,1995,0,0,0,0,0,0,0,0,0,0
482038,1,1,1995,0,11,0,0,0,5,0,0,0,6
482039,1,1,1995,13,13,13,13,13,13,13,13,13,13
482040,1,1,1995,17,17,17,17,17,17,17,17,17,17
482040,2,1,1995,9,4,5,0,0,18,0,0,3,0
482040,3,1,1995,0,7,0,21,21,29,0,7,16,0
482041,0,1,1995,13,7,14,16,0,0,14,28,18,25
482041,1,1,1995,0,0,5,18,0,0,0,11,0,0
482042,1,1,1995,0,0,0,0,0,0,0,0,0,0
482042,2,1,1995,0,13,0,0,0,0,0,0,0,0
482043,1,1,1995,0,0,0,0,0,0,0,0,0,0
482043,2,1,1995,0,0,0,0,0,0,0,0,0,0
482044,1,1,1995,0,0,0,0,0,0,0,0,0,0
482045,1,1,1995,19,19,19,19,19,19,19,19,19,19
482046,1,1,1995,0,0,0,0,0,0,0,0,0,0
482047,1,1,1995,0,0,0,0,0,0,0,20,0,0
482047,2,1,1995,13,0,0,5,16,0,20,0,0,35
482047,3,1,1995,0,0,0,0,0,0,0,0,0,14
482048,1,1,1995,0,0,24,0,0,0,0,11,0,0
482049,1,1,1995,0,0,0,0,0,0,0,0,0,0
482050,1,1,1995,0,0,0,0,0,0,0,0,4,0
482050,2,1,1995,0,0,0,16,0,14,0,0,0,0
482051,1,1,1995,19,30,28,22,4,9,29,0,28,25
482052,1,1,1995,16,31,27,40,29,11,20,20,13,25
482053,1,1,1995,0,0,0,0,0,0,0,0,11,0
482053,2,1,1995,0,0,0,0,0,7,12,26,0,14
482054,1,1,1995,1,1,1,1,1,1,1,1,1,1
482054,2,1,1995,0,0,0,0,0,0,0,0,0,0
482054,3,1,1995,18,0,30,0,7,0,17,32,0,0
482054,4,1,1995,0,0,0,3,0,3,18,0,0,0
482055,0,1,1995,0,0,0,0,0,7,21,9,0,0
482055,1,1,1995,0,0,0,0,0,0,0,0,0,35
482056,1,1,1995,31,31,31,31,31,31,31,31,31,31
482056,2,1,1995,0,0,0,0,21,0,4,0,0,18
482057,0,1,1995,0,0,0,0,0,0,0,0,0,0
482057,1,1,1995,11,23,0,0,0,18,0,0,0,0
482058,1,1,1995,4,4,4,4,4,4,4,4,4,4
482059,1,1,1995,0,0,0,0,0,0,27,0,25,0
482060,1,1,1995,0,0,0,0,0,0,0,0,0,0
482060,2,1,1995,0,0,0,0,0,0,0,0,0,0
482061,1,1,1995,14,14,14,14,14,14,14,14,14,14
482062,1,1,1995,14,13,17,24,22,23,24,31,19,9
482063,1,1,1995,26,26,26,26,26,26,26,26,26,26
482063,2,1,1995,0,0,8,0,0,0,0,20,0,0
482064,1,1,1995,0,0,0,0,0,0,0,0,0,0
482065,1,1,1995,13,2,5,24,18,32,11,9,14,0
482066,1,1,1995,15,15,15,15,15,15,15,15,15,15
482067,0,1,1995,7,0,0,19,0,0,21,18,32,8
482067,1,1,1995,0,0,0,0,0,0,0,0,0,0
482068,1,1,1995,0,0,0,0,0,0,0,0,0,0
482068,2,1,1995,0,0,0,29,0,7,0,13,0,24
482069,0,1,1995,0,0,0,0,0,0,0,0,0,0
482069,1,1,1995,0,0,0,9,0,0,0,0,0,0
482069,2,1,1995,0,0,0,0,0,0,0,0,21,0
482070,1,1,1995,1,0,0,0,0,0,0,19,0,0