ST_CASE,VEH_NO,PER_NO,YEAR,P1,P2,P3,P4,P5,P6,P7,P8,P9,P10
482605,1,1,1995,0,0,0,0,0,0,0,0,0,0
482606,1,1,1995,0,0,0,0,0,0,0,0,0,0
482606,2,1,1995,0,0,0,17,0,0,0,0,0,0
482607,1,1,1995,0,0,0,0,0,2,12,0,0,14
482608,1,1,1995,0,0,0,3,0,0,16,0,0,0
482608,2,1,1995,11,29,0,0,0,0,0,0,0,0
482609,1,1,1995,0,0,0,0,0,4,0,0,0,0
482609,2,1,1995,0,0,0,0,0,0,0,0,0,0
482610,1,1,1995,0,0,0,0,0,0,0,0,0,0
482610,2,1,1995,0,0,0,0,0,0,0,0,0,0
482611,1,1,1995,14,0,0,18,15,16,0,15,0,10
482612,1,1,1995,0,0,0,0,0,0,0,0,0,0
482612,2,1,1995,0,0,16,0,0,0,0,0,0,10
482613,1,1,1995,22,36,0,14,0,0,10,13,0,26
482613,2,1,1995,0,6,17,17,11,15,0,0,13,29
482614,0,1,1995,19,0,0,0,0,0,0,0,0,0
482614,0,2,1995,0,0,0,0,0,0,0,0,0,0
482614,0,3,1995,0,0,0,0,0,0,0,23,0,0
482614,0,4,1995,0,8,0,7,0,0,0,19,0,0
482614,0,5,1995,13,0,0,0,0,0,0,0,0,0
482614,1,1,1995,0,0,13,0,26,0,0,0,0,0
482615,1,1,1995,10,22,13,29,12,22,17,0,24,6
482616,1,1,1995,0,0,0,0,0,12,0,0,0,0
482617,1,1,1995,18,18,18,18,18,18,18,18,18,18
482618,1,1,1995,23,23,23,23,23,23,23,23,23,23
482618,2,1,1995,0,0,0,0,0,0,0,0,0,0
482618,3,1,1995,0,0,0,0,0,0,0,0,0,0
482619,1,1,1995,29,29,29,29,29,29,29,29,29,29
482620,1,1,1995,6,0,14,3,12,0,6,0,15,0
482620,2,1,1995,0,0,0,0,14,0,0,9,7,0
482621,1,1,1995,20,4,0,14,11,9,14,28,16,6
482622,1,1,1995,23,23,23,23,23,23,23,23,23,23
482622,2,1,1995,25,25,25,25,25,25,25,25,25,25
482623,1,1,1995,0,0,0,0,0,0,0,0,0,0
482624,1,1,1995,47,47,47,47,47,47,47,47,47,47
482624,2,1,1995,11,0,15,0,0,0,0,0,0,0
482624,3,1,1995,0,0,0,0,0,15,0,0,0,7
482625,1,1,1995,0,0,0,0,0,0,0,0,0,0
482626,1,1,1995,15,0,0,0,0,17,5,5,7,0
482627,1,1,1995,15,0,0,13,0,7,11,24,0,10
482628,0,1,1995,0,17,0,0,0,24,0,0,0,25
482628,1,1,1995,0,0,0,0,0,0,0,0,0,0
482629,1,1,1995,25,25,25,25,25,25,25,25,25,25
482630,1,1,1995,0,0,0,0,0,0,0,0,0,0
482630,2,1,1995,0,0,7,0,0,0,0,0,0,0
482631,1,1,1995,0,0,0,0,13,0,0,9,0,0
482631,2,1,1995,0,0,0,0,0,0,0,0,0,0
482632,1,1,1995,0,0,20,0,0,0,0,16,0,0
482633,1,1,1995,16,16,16,16,16,16,16,16,16,16
482633,2,1,1995,0,0,0,0,0,0,0,0,0,0
482633,3,1,1995,0,0,0,0,0,0,0,0,20,0
482634,1,1,1995,22,22,22,22,22,22,22,22,22,22
482635,1,1,1995,0,0,0,0,0,0,0,0,0,0
482635,2,1,1995,0,12,0,0,0,0,0,12,0,0
482636,1,1,1995,0,0,0,0,0,0,0,0,0,0
482636,2,1,1995,0,0,0,0,0,0,0,0,0,0
482637,1,1,1995,12,12,12,12,12,12,12,12,12,12
482637,2,1,1995,0,0,0,0,0,0,0,0,0,0
482638,1,1,1995,0,0,0,0,0,0,0,0,0,0
482638,2,1,1995,0,0,0,10,0,0,0,0,0,0
482639,1,1,1995,0,0,10,24,0,0,4,0,0,0
482639,2,1,1995,4,4,4,4,4,4,4,4,4,4
482640,0,1,1995,18,12,22,18,19,25,14,5,28,28
482640,1,1,1995,0,0,0,0,0,0,0,0,0,0
482641,1,1,1995,0,0,0,0,0,0,9,0,5,0
482641,2,1,1995,0,0,0,0,0,0,0,0,0,0
482642,1,1,1995,0,0,0,0,0,0,0,0,0,0
482643,1,1,1995,0,0,0,0,0,12,22,18,32,0
482644,0,1,1995,0,0,0,0,0,0,0,0,0,0
482644,1,1,1995,1,1,1,1,1,1,1,1,1,1
482645,1,1,1995,0,20,27,9,27,32,27,21,21,16
482646,1,1,1995,14,0,0,0,0,0,0,0,0,0
482647,1,1,1995,0,14,0,0,17,11,14,3,17,0
482648,1,1,1995,29,29,29,29,29,29,29,29,29,29
482649,1,1,1995,23,23,23,23,23,23,23,23,23,23
482650,1,1,1995,12,0,0,0,15,16,6,0,0,0
482651,1,1,1995,24,24,24,24,24,24,24,24,24,24
482651,2,1,1995,0,0,0,0,0,0,0,0,0,0
482652,1,1,1995,0,0,0,0,0,0,0,0,0,0
482652,2,1,1995,0,0,0,0,0,0,0,0,0,0
482653,1,1,1995,28,31,20,21,25,18,14,12,12,22
482654,1,1,1995,0,0,0,0,0,0,0,0,0,0
482655,1,1,1995,23,23,23,23,23,23,23,23,23,23
482656,1,1,1995,0,0,0,0,0,0,0,0,0,0
482656,2,1,1995,0,0,0,0,0,0,0,0,0,0
482657,1,1,1995,2,2,2,2,2,2,2,2,2,2
482658,1,1,1995,24,36,0,13,0,6,21,0,0,0
482659,1,1,1995,3,11,19,0,0,0,0,0,0,0
482660,1,1,1995,0,0,0,0,0,0,0,0,0,0
482661,1,1,1995,0,0,0,25,0,0,0,0,0,0
482661,2,1,1995,0,0,0,0,0,0,0,0,0,0
482662,0,1,1995,0,18,0,13,26,0,0,22,0,0
482662,1,1,1995,20,0,19,0,0,0,0,0,0,21
482663,1,1,1995,13,0,0,0,22,0,12,23,15,0
482664,1,1,1995,20,9,0,0,0,25,15,0,15,11
482664,2,1,1995,0,0,0,22,0,0,0,0,0,0
482665,1,1,1995,0,0,0,0,0,0,0,0,0,0
482665,2,1,1995,0,0,0,0,0,0,0,0,0,0
482666,1,1,1995,45,21,30,17,0,9,19,19,30,32
482667,1,1,1995,0,0,0,0,0,0,0,0,0,0
482668,1,1,1995,0,0,7,5,11,0,14,0,7,0
482669,1,1,1995,20,12,18,21,20,34,26,15,24,22
482670,1,1,1995,29,0,25,28,8,10,14,17,20,29
482670,2,1,1995,2,0,0,12,0,0,0,0,0,0
482671,1,1,1995,0,0,0,0,0,0,0,0,0,0
482671,2,1,1995,10,0,0,0,14,0,0,0,0,0
482672,1,1,1995,35,26,11,0,11,24,18,29,10,28
482673,1,1,1995,0,12,17,28,16,0,27,25,17,41
482674,1,1,1995,0,0,0,0,0,0,0,0,0,0
482674,2,1,1995,0,0,0,0,0,0,0,0,0,0
482675,1,1,1995,0,0,0,0,0,0,0,0,0,0
482675,2,1,1995,0,0,0,0,0,0,0,0,0,0
482676,1,1,1995,20,20,20,20,20,20,20,20,20,20
482677,0,1,1995,0,0,0,13,0,0,0,0,27,27
482677,0,2,1995,0,0,0,37,0,0,6,0,32,0
482677,0,3,1995,33,15,27,0,28,0,0,23,49,0
482677,0,4,1995,0,38,0,0,41,0,0,18,0,0
482677,1,1,1995,12,0,0,0,14,0,0,0,0,0
482678,1,1,1995,0,0,0,0,0,0,0,0,0,0
482678,2,1,1995,0,0,0,0,0,0,20,8,17,0
482679,1,1,1995,0,0,0,0,0,0,0,0,0,0
482680,0,1,1995,0,5,0,0,0,0,40,0,0,17
482680,1,1,1995,0,0,0,0,35,4,0,0,0,0
482681,0,1,1995,28,0,25,10,0,35,0,0,19,27
482681,1,1,1995,0,0,0,0,0,0,0,0,0,0
482682,1,1,1995,11,0,12,8,22,35,0,20,11,0
482683,0,1,1995,14,0,0,0,7,0,0,0,27,0
482683,1,1,1995,0,0,0,0,12,7,0,0,0,0
482684,1,1,1995,14,23,18,13,3,22,23,17,14,24
482685,0,1,1995,18,18,18,18,18,18,18,18,18,18
482685,1,1,1995,10,10,10,10,10,10,10,10,10,10
482686,1,1,1995,20,12,15,0,8,6,25,0,13,21
482686,2,1,1995,23,12,19,11,11,11,20,4,6,2
482687,0,1,1995,0,0,22,31,0,18,0,19,17,0
482687,0,2,1995,16,0,10,0,0,0,30,19,0,0
482687,1,1,1995,21,16,21,12,29,20,8,21,8,13
482688,1,1,1995,0,0,0,16,0,0,0,15,0,9
482688,2,1,1995,17,0,0,0,0,0,0,0,0,0
482688,3,1,1995,0,0,0,0,0,0,1,15,13,0
482689,1,1,1995,0,0,0,0,0,0,12,0,0,0
482689,2,1,1995,0,0,0,0,0,16,0,0,0,9
482689,3,1,1995,0,0,0,0,0,0,0,0,0,0
482690,0,1,1995,0,0,0,0,0,0,0,19,0,0
482690,1,1,1995,0,0,0,0,0,0,0,0,0,0
482691,1,1,1995,14,7,0,0,0,0,26,0,19,21
482692,0,1,1995,0,0,0,0,0,0,0,0,0,0
482692,1,1,1995,0,0,0,0,0,0,0,0,0,0
482693,1,1,1995,15,15,15,15,15,15,15,15,15,15
482694,0,1,1995,0,0,0,0,0,0,0,0,0,0
482694,1,1,1995,0,0,0,0,0,0,0,0,0,0
482695,0,1,1995,0,0,0,0,0,0,0,0,0,0
482695,1,1,1995,0,0,0,0,0,13,0,0,0,0
482696,0,1,1995,0,0,0,0,0,0,0,0,0,17
482696,1,1,1995,0,0,0,0,0,0,0,0,0,0
482697,1,1,1995,0,0,0,0,0,0,0,0,0,0
482697,2,1,1995,0,0,0,0,0,0,0,0,0,0
482698,1,1,1995,0,0,0,0,0,0,0,0,0,0
482698,2,1,1995,0,0,0,0,0,0,0,0,0,0
482699,1,1,1995,14,14,14,14,14,14,14,14,14,14
482700,1,1,1995,16,0,0,0,0,24,13,0,0,0
482700,2,1,1995,11,0,0,0,0,0,0,0,0,0
482700,3,1,1995,0,0,0,0,0,0,9,0,0,0
482701,1,1,1995,21,17,14,3,18,29,15,21,17,30
482702,1,1,1995,20,19,0,16,15,2,19,10,15,6
482703,1,1,1995,0,0,0,5,0,0,0,0,0,0
482703,2,1,1995,25,25,25,25,25,25,25,25,25,25
482703,3,1,1995,0,0,0,0,0,0,0,0,0,0
482704,1,1,1995,0,0,20,0,0,0,0,30,0,13
482705,0,1,1995,24,18,13,5,20,0,24,2,20,0
482705,1,1,1995,21,0,15,0,0,0,0,0,13,15
482706,1,1,1995,0,0,0,0,0,0,0,0,0,0
482706,2,1,1995,0,0,0,0,0,0,0,0,0,0
482707,0,1,1995,0,0,0,0,0,0,0,10,0,25
482707,1,1,1995,16,0,0,23,0,33,0,27,18,21
482708,0,1,1995,0,14,0,21,24,28,16,0,19,30
482708,1,1,1995,0,0,19,18,0,0,0,29,34,0
482709,1,1,1995,0,0,0,0,0,0,0,0,0,0
482710,1,1,1995,0,0,14,0,0,0,0,0,0,0
482711,1,1,1995,16,16,16,16,16,16,16,16,16,16
482712,1,1,1995,17,17,17,17,17,17,17,17,17,17
482713,1,1,1995,0,0,0,0,0,0,0,0,0,0
482713,2,1,1995,0,0,0,0,0,0,0,4,0,0
482714,1,1,1995,0,0,0,0,0,5,0,0,0,0
482714,2,1,1995,12,18,9,0,0,0,0,14,0,0
482715,1,1,1995,0,0,0,0,0,0,0,0,0,0
482716,1,1,1995,26,10,19,28,12,6,13,17,24,0
482717,1,1,1995,6,9,17,10,12,13,5,23,16,11
482718,0,1,1995,20,20,20,20,20,20,20,20,20,20
482718,1,1,1995,0,0,23,0,9,0,9,0,0,0
482719,1,1,1995,0,0,0,0,0,0,0,0,0,0
482720,1,1,1995,0,0,0,0,7,0,0,0,0,0
482720,2,1,1995,0,0,0,0,0,0,0,0,0,0
482721,1,1,1995,1,1,1,1,1,1,1,1,1,1
482721,2,1,1995,0,0,0,0,0,0,0,16,0,0
482722,1,1,1995,0,0,12,9,21,0,15,0,24,0
482722,2,1,1995,0,0,0,0,0,0,0,0,0,0
482723,1,1,1995,0,0,0,0,0,0,0,0,0,0
482724,1,1,1995,9,9,9,9,9,9,9,9,9,9
482725,0,1,1995,9,0,9,16,0,13,11,0,0,0
482725,1,1,1995,14,17,18,12,17,3,6,0,7,4
482726,1,1,1995,0,14,17,27,19,0,11,34,22,15
482726,2,1,1995,0,0,0,0,0,0,0,0,0,0
482726,3,1,1995,0,0,0,0,0,0,0,0,0,0
482727,1,1,1995,22,33,15,17,10,22,21,8,31,31
482728,1,1,1995,19,19,19,19,19,19,19,19,19,19
482729,1,1,1995,11,21,11,20,20,10,19,0,21,5
482730,0,1,1995,0,0,0,0,0,0,0,0,0,0
482730,1,1,1995,0,0,0,0,2,0,0,0,0,0
482730,2,1,1995,0,0,0,0,0,6,0,0,0,0
482731,1,1,1995,0,0,0,0,0,0,0,0,0,4
482731,2,1,1995,0,0,0,0,0,0,9,0,0,0
482731,3,1,1995,0,0,0,0,0,0,0,0,0,0
482732,1,1,1995,0,0,0,0,0,0,0,0,0,0
482732,2,1,1995,0,0,0,0,0,0,0,0,0,0
482733,0,1,1995,0,0,0,0,0,0,0,0,9,0
482733,1,1,1995,20,12,24,20,10,19,27,24,22,12
482734,1,1,1995,2,2,2,2,2,2,2,2,2,2
482735,1,1,1995,0,5,0,0,0,0,0,0,0,0
482735,2,1,1995,0,0,0,0,18,13,0,0,0,0
482736,1,1,1995,24,24,24,24,24,24,24,24,24,24
482737,1,1,1995,9,20,11,6,20,21,19,23,0,7
482737,2,1,1995,0,0,0,0,13,0,0,0,11,0
482737,3,1,1995,0,0,0,3,0,0,0,0,0,0
482738,1,1,1995,0,0,0,19,0,0,16,0,17,5
482738,2,1,1995,0,3,0,0,0,0,15,35,0,0
482739,1,1,1995,26,0,21,17,27,0,0,32,0,0
482739,2,1,1995,0,0,0,0,3,0,0,0,0,0
482740,1,1,1995,0,0,0,14,0,0,0,0,0,0
482740,2,1,1995,0,0,0,0,0,0,0,13,22,0
482741,1,1,1995,11,0,0,0,0,3,0,0,0,0
482741,2,1,1995,25,8,0,21,16,5,21,12,13,15
482742,1,1,1995,21,16,23,15,17,16,16,13,10,14
482742,2,1,1995,0,0,8,0,13,0,0,0,0,0
482743,0,1,1995,0,17,9,0,2,14,26,3,34,0
482743,0,2,1995,18,22,27,0,8,6,5,33,0,9
482743,1,1,1995,30,0,0,0,0,0,0,10,0,12
482743,2,1,1995,12,12,12,12,12,12,12,12,12,12
482744,1,1,1995,18,18,18,18,18,18,18,18,18,18
482745,1,1,1995,22,22,22,22,22,22,22,22,22,22
482745,2,1,1995,0,0,0,0,0,0,0,0,0,0
482745,3,1,1995,17,0,14,16,10,0,0,4,0,6
482745,4,1,1995,0,0,0,0,0,0,0,0,0,0
482746,0,1,1995,17,17,17,17,17,17,17,17,17,17
482746,1,1,1995,17,17,17,17,17,17,17,17,17,17
482747,1,1,1995,28,28,28,28,28,28,28,28,28,28
482747,2,1,1995,0,7,12,0,0,0,0,27,6,17
482748,1,1,1995,20,23,18,7,14,20,23,21,34,12
482748,2,1,1995,0,0,10,0,0,33,0,12,0,6
482749,1,1,1995,0,0,0,0,0,0,0,0,0,0
482750,1,1,1995,19,19,19,19,19,19,19,19,19,19
482751,1,1,1995,0,0,0,0,0,0,0,0,0,0
482751,2,1,1995,0,0,0,0,0,0,0,0,0,0
482752,0,1,1995,22,0,0,0,18,0,26,14,11,0
482752,1,1,1995,0,0,5,39,0,0,0,0,0,0
482753,1,1,1995,0,0,0,0,0,0,0,0,0,0
482753,2,1,1995,0,0,0,0,0,0,0,0,0,0
482754,1,1,1995,0,0,17,18,0,0,24,0,0,0
482755,1,1,1995,0,0,0,0,0,0,0,0,0,17
482756,1,1,1995,0,0,0,0,0,0,0,0,0,0
482756,2,1,1995,0,0,0,0,0,0,0,0,0,0
482757,1,1,1995,9,20,0,28,12,0,16,31,0,0
482758,0,1,1995,0,0,0,0,0,0,0,18,0,0
482758,1,1,1995,0,0,0,0,0,0,17,26,19,0
482759,1,1,1995,28,28,28,28,28,28,28,28,28,28
482759,2,1,1995,0,0,0,0,0,0,0,0,0,0
482760,1,1,1995,16,16,16,16,16,16,16,16,16,16
482760,2,1,1995,0,0,0,0,0,0,0,0,0,0
482760,3,1,1995,0,0,0,6,0,0,0,0,0,0
482761,1,1,1995,0,0,0,0,0,4,0,10,0,0
482761,2,1,1995,0,0,17,0,0,0,0,13,0,8
482762,1,1,1995,0,0,0,0,10,0,6,0,0,26
482763,1,1,1995,2,2,2,2,2,2,2,2,2,2
482764,1,1,1995,16,14,23,23,18,22,26,25,29,23
482765,0,1,1995,24,24,24,24,24,24,24,24,24,24
482765,1,1,1995,0,0,0,0,0,0,0,0,0,0
482766,1,1,1995,0,0,25,0,18,0,0,12,0,0
482766,2,1,1995,0,0,0,0,0,0,0,0,0,0
482767,1,1,1995,23,0,8,6,0,25,18,13,19,8
482768,0,1,1995,4,0,0,0,13,0,5,25,0,0
482768,1,1,1995,0,0,0,0,0,12,3,0,0,0
482769,1,1,1995,0,0,0,0,0,0,0,0,10,0
482770,0,1,1995,0,0,27,0,0,0,0,0,0,0
482770,1,1,1995,0,0,0,0,0,0,0,0,0,17
482771,1,1,1995,8,8,8,8,8,8,8,8,8,8
482772,1,1,1995,0,0,0,0,0,0,0,0,0,0
482773,1,1,1995,21,0,15,0,32,0,0,19,13,0
482774,1,1,1995,0,0,0,0,0,0,0,10,0,18
482775,1,1,1995,0,0,0,0,0,0,0,0,0,0
482775,2,1,1995,0,0,0,0,0,0,0,0,0,4
482776,1,1,1995,14,0,0,0,0,0,0,0,0,0
482776,2,1,1995,0,0,0,0,0,0,0,0,0,0
482777,1,1,1995,0,0,0,0,0,0,0,0,0,0
482777,2,1,1995,0,0,0,0,0,0,0,0,0,0
482778,1,1,1995,12,0,0,0,0,0,0,0,0,0
482778,2,1,1995,0,0,0,0,0,0,0,0,0,0
482779,1,1,1995,10,16,7,27,5,7,0,12,13,7
482779,2,1,1995,0,0,0,0,0,0,0,0,0,0
482780,1,1,1995,0,0,0,0,0,0,0,0,0,0
482781,1,1,1995,0,0,0,0,0,0,0,0,0,0
482782,1,1,1995,0,0,0,0,0,0,0,0,0,0
482783,1,1,1995,9,0,0,0,0,0,0,24,6,0
482783,2,1,1995,0,0,0,0,0,0,0,21,0,0
482784,1,1,1995,0,0,0,0,0,0,0,0,0,0
482784,2,1,1995,0,0,0,0,0,0,0,0,0,0
482785,1,1,1995,0,0,0,19,0,0,0,23,0,0
482785,2,1,1995,0,6,0,0,0,0,0,0,0,0
482786,2,1,1995,0,0,0,0,0,18,9,0,34,8
482787,0,1,1995,0,0,10,0,0,0,0,0,0,0
482787,1,1,1995,0,0,0,0,0,0,0,0,0,0
482788,0,1,1995,12,17,12,0,6,0,15,0,15,0
482788,1,1,1995,0,0,11,0,0,7,18,22,0,0
482789,1,1,1995,0,0,0,7,0,3,0,0,0,0
482789,2,1,1995,0,0,0,0,0,0,0,0,0,0
482790,1,1,1995,0,0,0,0,0,0,0,0,0,0
482790,2,1,1995,0,0,0,0,0,0,0,0,0,0
482791,1,1,1995,0,0,0,0,0,0,0,0,0,0
482792,1,1,1995,0,8,6,11,4,0,0,0,0,10
482792,2,1,1995,0,0,0,0,0,0,0,0,0,0
482793,1,1,1995,0,0,0,0,0,0,0,0,14,0
482793,2,1,1995,0,0,0,0,0,0,0,0,0,22
482794,1,1,1995,0,0,0,0,0,0,0,0,0,0
482794,2,1,1995,0,0,18,0,0,0,0,0,0,0
482795,1,1,1995,0,21,0,0,14,0,17,0,0,26
482795,2,1,1995,0,0,0,0,0,10,9,0,0,16
482796,1,1,1995,0,0,0,0,0,0,0,0,0,0
482796,2,1,1995,0,0,0,0,0,0,7,0,0,0
482796,3,1,1995,0,0,0,0,0,0,9,0,0,0
482797,1,1,1995,0,0,0,0,0,0,0,0,0,0
482797,2,1,1995,0,0,0,0,0,0,0,0,0,0
482798,1,1,1995,9,0,0,8,0,0,0,18,16,14
482798,2,1,1995,7,21,0,0,13,0,0,16,0,32
482799,0,1,1995,0,14,0,0,0,0,15,0,0,0
482799,1,1,1995,0,0,0,0,0,0,0,0,0,0
482800,1,1,1995,11,23,10,14,0,0,6,0,0,31
482801,1,1,1995,21,21,21,21,21,21,21,21,21,21
482802,0,1,1995,17,11,19,21,0,3,23,0,17,10
482802,1,1,1995,0,4,0,30,16,8,0,0,0,0
482803,1,1,1995,0,0,0,0,0,0,0,10,0,0
482803,2,1,1995,0,0,0,0,0,0,0,0,0,0
482804,0,1,1995,0,0,0,0,9,0,0,0,24,0
482804,1,1,1995,0,0,0,5,0,0,20,9,0,0
490001,1,1,1995,0,0,0,0,0,0,0,0,0,0
490001,2,1,1995,0,0,0,0,0,0,0,0,0,0
490002,1,1,1995,0,0,0,0,0,0,0,0,0,0
490002,2,1,1995,0,0,0,0,0,0,0,0,0,0
490003,1,1,1995,26,26,26,26,26,26,26,26,26,26
490003,2,1,1995,0,0,0,0,0,0,0,0,0,0
490004,1,1,1995,0,0,0,0,0,0,0,0,0,0
490005,1,1,1995,0,0,0,0,0,0,0,0,0,0
490006,1,1,1995,0,0,0,0,0,0,0,0,0,0
490006,2,1,1995,0,0,0,0,0,0,0,0,0,0
490007,0,1,1995,0,0,0,0,0,0,0,0,0,0
490007,1,1,1995,0,0,0,0,0,0,0,0,0,0
490007,2,1,1995,0,0,0,0,0,0,0,0,0,0
490008,1,1,1995,0,0,0,0,0,0,0,0,0,0
490009,1,1,1995,0,0,0,0,0,0,0,0,0,0
490009,2,1,1995,0,0,0,0,0,0,0,0,0,0
490009,3,1,1995,0,0,0,0,0,0,0,0,0,0
490010,1,1,1995,0,0,0,0,0,0,0,0,0,0
490010,2,1,1995,0,0,0,0,0,0,0,0,0,0
490011,1,1,1995,0,0,0,0,0,0,0,0,0,0
490011,2,1,1995,0,0,0,0,0,0,0,0,0,0
490012,1,1,1995,0,0,0,0,0,0,0,0,0,0
490013,1,1,1995,0,0,0,0,0,0,0,0,0,0
490014,1,1,1995,0,0,0,0,0,0,0,0,0,0
490015,1,1,1995,0,0,0,0,0,0,0,0,0,0
490015,2,1,1995,0,0,0,0,0,0,0,0,0,0
490015,3,1,1995,0,0,0,0,0,0,0,0,0,0
490016,1,1,1995,15,15,15,15,15,15,15,15,15,15
490017,0,1,1995,0,0,9,0,0,11,0,0,0,0
490017,1,1,1995,0,0,0,0,0,0,0,0,0,0
490018,0,1,1995,0,0,0,0,0,0,0,0,0,0
490018,1,1,1995,0,0,0,0,0,0,0,0,0,0
490019,1,1,1995,15,15,15,15,15,15,15,15,15,15
490020,1,1,1995,0,0,0,0,0,0,0,0,0,0
490020,2,1,1995,0,0,22,0,0,0,0,0,0,0
490021,1,1,1995,0,0,0,0,0,0,0,0,0,0
490022,1,1,1995,0,0,0,0,0,0,0,0,0,0
490022,2,1,1995,0,0,0,0,0,0,0,0,0,0
490023,1,1,1995,25,25,25,25,25,25,25,25,25,25
490024,1,1,1995,0,0,0,0,0,0,0,0,0,0
490025,1,1,1995,0,0,0,0,0,0,0,0,0,0
490026,1,1,1995,0,0,0,0,0,0,0,0,0,0
490026,2,1,1995,0,0,0,0,0,0,0,0,0,0
490027,1,1,1995,10,10,10,10,10,10,10,10,10,10
490028,0,1,1995,0,0,0,0,0,0,0,0,0,0
490028,0,2,1995,0,0,0,0,0,0,0,0,0,0
490028,1,1,1995,0,0,0,0,0,0,0,0,0,0
490029,1,1,1995,0,0,0,0,0,0,0,0,0,0
490030,1,1,1995,2,2,2,2,2,2,2,2,2,2
490030,2,1,1995,0,0,0,9,0,15,24,9,5,18
490031,1,1,1995,12,12,12,12,12,12,12,12,12,12
490031,2,1,1995,0,0,0,0,0,0,0,0,0,0
490032,1,1,1995,0,0,0,0,0,0,0,0,0,0
490033,1,1,1995,0,0,0,0,0,0,0,0,0,0
490034,1,1,1995,0,0,0,0,0,0,0,0,0,0
490034,2,1,1995,0,0,0,0,0,0,0,0,0,0
490035,1,1,1995,14,14,14,14,14,14,14,14,14,14
490036,0,1,1995,0,0,0,0,0,0,0,0,0,0
490036,1,1,1995,0,0,0,0,0,0,0,0,0,0
490037,0,1,1995,31,31,31,31,31,31,31,31,31,31
490037,1,1,1995,0,0,0,0,0,0,0,0,0,0
490038,1,1,1995,0,0,0,0,0,0,0,0,0,0
490038,2,1,1995,0,0,0,0,0,0,0,0,0,0
490038,3,1,1995,0,0,0,0,0,0,0,0,0,0
490038,4,1,1995,0,0,0,0,0,0,0,0,0,0
490039,1,1,1995,26,26,26,26,26,26,26,26,26,26
490040,1,1,1995,18,18,18,18,18,18,18,18,18,18
490040,2,1,1995,0,0,0,0,0,0,0,0,0,0
490041,1,1,1995,26,26,26,26,26,26,26,26,26,26
490042,1,1,1995,12,12,12,12,12,12,12,12,12,12
490044,1,1,1995,0,0,0,0,26,25,0,9,0,15
490045,1,1,1995,0,0,0,0,0,0,0,0,0,0
490046,1,1,1995,0,0,0,0,0,0,0,0,0,0
490046,2,1,1995,0,0,0,0,0,0,0,0,0,0
490047,1,1,1995,0,0,0,0,0,0,0,0,0,0
490048,1,1,1995,0,0,0,0,0,11,0,10,0,15
490048,2,1,1995,12,18,6,22,15,20,13,21,8,9
490051,1,1,1995,0,0,0,0,0,0,0,0,0,0
490051,2,1,1995,0,0,0,0,0,0,0,0,0,0
490052,1,1,1995,13,13,13,13,13,13,13,13,13,13
490052,2,1,1995,0,0,0,0,0,0,0,0,0,0
490053,1,1,1995,0,0,0,0,0,0,0,0,0,0
490053,2,1,1995,0,0,0,0,0,0,0,0,0,0
490054,0,1,1995,0,0,0,0,0,0,0,0,0,0
490054,1,1,1995,0,0,0,0,0,0,0,0,0,0
490055,1,1,1995,0,0,0,0,0,0,0,0,0,0
490055,2,1,1995,0,0,0,0,0,0,0,0,0,0
490056,1,1,1995,0,0,0,0,0,0,0,0,0,0
490057,1,1,1995,0,0,0,0,0,0,0,0,0,0
490057,2,1,1995,0,0,0,0,0,0,0,0,0,0
490058,1,1,1995,0,0,0,0,0,0,0,0,0,0
490058,2,1,1995,0,0,0,0,0,0,0,0,0,0
490059,1,1,1995,23,23,23,23,23,23,23,23,23,23
490060,1,1,1995,0,0,0,0,0,0,0,0,0,0
490061,1,1,1995,25,25,25,25,25,25,25,25,25,25
490061,2,1,1995,0,0,0,0,0,0,0,0,0,0
490062,1,1,1995,0,0,0,0,0,0,0,0,0,0
490063,0,1,1995,21,21,21,21,21,21,21,21,21,21
490063,1,1,1995,0,0,0,0,0,0,0,0,0,0
490064,1,1,1995,15,15,15,15,15,15,15,15,15,15
490065,1,1,1995,13,13,13,13,13,13,13,13,13,13
490066,0,1,1995,0,0,0,0,0,0,0,0,0,0
490066,1,1,1995,0,0,0,0,0,0,0,0,0,0
490068,0,1,1995,22,22,22,22,22,22,22,22,22,22
490068,1,1,1995,0,0,0,0,0,0,0,0,0,0
490069,0,1,1995,0,0,0,0,0,0,0,0,0,0
490069,1,1,1995,0,0,0,0,0,0,0,0,0,0
490070,1,1,1995,0,0,0,0,0,0,0,0,0,0
490071,1,1,1995,0,0,0,0,0,0,0,0,0,0
490072,1,1,1995,25,25,25,25,25,25,25,25,25,25
490073,0,1,1995,0,0,0,0,0,0,0,0,0,0
490073,1,1,1995,0,0,0,0,0,0,0,0,0,0
490074,1,1,1995,0,0,0,0,0,0,0,0,0,0
490075,0,1,1995,0,0,0,0,0,0,0,0,0,0
490075,1,1,1995,0,0,0,0,0,0,0,0,0,0