ST_CASE,VEH_NO,PER_NO,YEAR,P1,P2,P3,P4,P5,P6,P7,P8,P9,P10
500065,1,1,1995,5,5,5,5,5,5,5,5,5,5
500065,2,1,1995,0,0,0,0,0,0,0,0,0,0
500066,1,1,1995,0,0,0,0,0,0,0,0,0,0
500066,2,1,1995,0,0,0,0,0,0,0,0,0,0
500067,1,1,1995,0,0,0,0,0,0,0,0,0,0
500067,2,1,1995,0,0,0,0,0,0,0,0,0,0
500068,1,1,1995,0,0,0,0,0,0,0,0,0,0
500069,1,1,1995,0,0,0,0,0,0,0,0,0,0
500070,1,1,1995,20,0,0,0,0,0,0,0,0,0
500070,2,1,1995,0,0,0,0,0,0,0,0,0,0
500071,1,1,1995,15,4,12,14,4,7,8,8,16,11
500072,1,1,1995,0,0,0,18,19,17,0,0,0,0
500073,1,1,1995,0,0,15,0,0,0,0,0,28,10
500074,1,1,1995,0,0,0,0,0,0,0,0,0,0
500074,2,1,1995,0,0,0,0,0,0,0,0,0,0
500074,3,1,1995,0,0,0,0,0,0,0,0,0,0
500075,1,1,1995,24,24,24,24,24,24,24,24,24,24
500076,1,1,1995,12,12,12,12,12,12,12,12,12,12
500077,1,1,1995,26,26,26,26,26,26,26,26,26,26
500078,1,1,1995,28,28,28,28,28,28,28,28,28,28
500079,1,1,1995,11,11,11,11,11,11,11,11,11,11
500080,1,1,1995,0,0,0,0,0,0,14,0,0,0
500081,1,1,1995,0,0,0,0,0,0,0,0,0,0
500081,2,1,1995,22,22,22,22,22,22,22,22,22,22
500082,1,1,1995,23,23,23,23,23,23,23,23,23,23
500083,1,1,1995,14,14,14,14,14,14,14,14,14,14
500084,1,1,1995,0,0,0,0,0,0,0,0,0,0
500085,1,1,1995,0,0,0,14,0,0,0,0,9,0
500086,0,1,1995,0,0,0,18,13,0,0,0,0,0
500086,1,1,1995,2,2,2,2,2,2,2,2,2,2
500087,1,1,1995,8,8,8,8,8,8,8,8,8,8
500089,1,1,1995,0,0,0,0,0,0,0,0,0,0
500089,2,1,1995,0,0,0,0,0,0,0,0,0,0
500090,1,1,1995,17,17,17,17,17,17,17,17,17,17
500091,1,1,1995,0,16,0,0,0,0,0,0,0,0
500091,2,1,1995,0,0,4,0,0,0,0,0,0,11
500092,1,1,1995,9,9,9,9,9,9,9,9,9,9
500093,1,1,1995,17,17,17,17,17,17,17,17,17,17
500093,2,1,1995,0,0,0,0,0,18,0,0,0,0
500094,1,1,1995,16,16,16,16,16,16,16,16,16,16
500095,1,1,1995,0,0,0,0,0,0,0,0,0,0
500095,2,1,1995,0,0,0,0,0,0,0,0,0,0
500096,1,1,1995,0,0,0,0,0,0,0,0,0,0
500096,2,1,1995,0,0,0,0,0,0,0,0,0,0
500097,1,1,1995,0,0,0,0,0,0,0,11,0,0
500097,2,1,1995,0,0,0,0,0,0,0,0,0,0
510001,1,1,1995,30,30,30,30,30,30,30,30,30,30
510001,2,1,1995,0,0,0,0,12,0,0,0,0,0
510002,0,1,1995,0,0,0,0,0,0,0,0,0,0
510002,1,1,1995,0,0,0,0,0,0,0,0,0,0
510003,1,1,1995,0,0,0,0,0,0,0,0,0,0
510004,1,1,1995,26,26,26,26,26,26,26,26,26,26
510005,1,1,1995,12,12,12,12,12,12,12,12,12,12
510007,1,1,1995,0,0,0,0,0,0,0,0,0,0
510007,2,1,1995,0,0,0,0,0,0,0,0,0,0
510008,0,1,1995,24,5,25,26,8,12,15,8,26,26
510008,1,1,1995,24,21,0,9,20,8,0,0,4,8
510009,1,1,1995,0,0,0,0,0,0,0,0,0,0
510009,2,1,1995,0,0,0,0,8,0,0,0,0,0
510010,1,1,1995,21,21,21,21,21,21,21,21,21,21
510010,2,1,1995,0,0,0,0,0,0,0,0,0,0
510011,1,1,1995,0,0,0,0,0,0,0,0,0,0
510011,2,1,1995,0,0,0,0,0,0,0,0,0,0
510011,3,1,1995,0,0,0,0,0,0,0,0,0,0
510012,1,1,1995,0,0,0,0,0,0,0,0,0,0
510013,1,1,1995,5,5,5,5,5,5,5,5,5,5
510014,1,1,1995,0,0,0,0,0,0,0,0,0,0
510015,1,1,1995,0,0,0,0,0,0,0,0,0,0
510015,2,1,1995,0,0,0,0,0,0,0,0,0,0
510016,1,1,1995,23,23,23,23,23,23,23,23,23,23
510017,1,1,1995,0,0,0,0,0,0,0,0,0,11
510017,2,1,1995,0,0,0,0,0,0,0,0,0,0
510017,3,1,1995,0,0,0,0,0,0,0,0,0,0
510018,1,1,1995,0,0,0,0,0,0,0,0,0,0
510019,1,1,1995,0,0,0,0,0,0,0,0,0,0
510019,2,1,1995,0,0,0,0,0,0,0,0,0,0
510020,1,1,1995,18,18,22,18,17,19,18,13,4,10
510020,2,1,1995,0,0,0,0,0,0,0,0,0,0
510021,0,1,1995,0,0,0,0,0,0,0,0,0,0
510021,1,1,1995,13,0,0,0,0,0,0,0,0,0
510022,0,1,1995,17,17,17,17,17,17,17,17,17,17
510022,1,1,1995,0,0,5,22,0,0,0,0,8,0
510023,1,1,1995,0,0,0,0,0,0,0,0,0,0
510023,2,1,1995,0,0,0,0,0,0,0,0,0,0
510024,0,1,1995,28,28,28,28,28,28,28,28,28,28
510024,1,1,1995,0,0,0,0,0,0,0,0,0,0
510025,1,1,1995,0,0,0,0,0,0,0,0,0,0
510025,2,1,1995,0,0,0,0,0,0,0,0,0,0
510026,1,1,1995,0,0,0,0,0,0,0,0,0,0
510027,0,1,1995,0,0,0,0,0,0,0,0,0,0
510027,1,1,1995,0,0,0,0,0,0,0,0,0,0
510028,1,1,1995,21,20,6,10,19,15,11,6,8,21
510028,2,1,1995,14,21,19,15,15,18,23,15,0,14
510029,1,1,1995,0,0,0,0,0,0,0,0,0,0
510029,2,1,1995,0,0,0,0,0,0,0,0,0,0
510030,0,1,1995,19,12,26,21,0,0,8,32,0,0
510030,0,2,1995,18,22,0,20,0,23,13,0,0,0
510030,1,1,1995,0,8,0,19,0,0,0,0,0,0
510031,1,1,1995,0,0,0,0,0,0,17,0,0,0
510032,1,1,1995,0,0,0,0,0,0,0,0,0,0
510033,1,1,1995,0,0,0,0,0,0,11,0,0,0
510033,2,1,1995,0,0,0,12,0,0,0,0,0,0
510033,3,1,1995,14,0,0,0,0,0,0,12,0,12
510033,4,1,1995,0,0,0,0,0,0,0,0,0,0
510033,5,1,1995,0,0,23,0,0,0,0,0,29,0
510033,6,1,1995,0,0,0,0,0,0,0,0,0,0
510033,7,1,1995,0,0,0,0,0,0,0,0,0,0
510034,1,1,1995,0,8,15,15,10,21,7,13,19,0
510034,2,1,1995,0,0,0,12,7,10,0,9,0,0
510035,1,1,1995,19,19,19,19,19,19,19,19,19,19
510036,0,1,1995,0,0,0,0,0,0,0,0,0,0
510036,1,1,1995,0,0,0,0,0,0,0,0,0,0
510037,1,1,1995,0,14,0,0,0,0,32,0,0,0
510037,2,1,1995,0,0,0,0,0,0,0,0,0,0
510038,0,1,1995,0,0,0,0,0,0,0,0,0,0
510038,1,1,1995,0,0,0,0,13,0,0,0,0,0
510039,1,1,1995,0,7,0,17,0,0,17,8,0,0
510040,1,1,1995,0,0,0,0,0,0,0,0,0,0
510041,1,1,1995,20,20,20,20,20,20,20,20,20,20
510042,1,1,1995,17,17,17,17,17,17,17,17,17,17
510043,1,1,1995,29,15,8,14,15,40,11,14,0,19
510044,1,1,1995,11,17,11,14,5,23,12,20,27,19
510044,2,1,1995,0,0,0,0,0,0,0,0,0,0
510045,1,1,1995,25,25,25,8,16,14,0,17,14,30
510046,1,1,1995,17,17,17,17,17,17,17,17,17,17
510047,0,1,1995,0,0,0,0,0,0,13,0,0,0
510047,1,1,1995,0,0,0,0,0,15,0,0,0,0
510048,1,1,1995,0,0,0,0,0,0,0,0,0,0
510049,1,1,1995,0,0,0,0,0,0,0,0,0,0
510050,1,1,1995,0,0,0,0,0,0,0,0,0,0
510051,1,1,1995,0,0,0,0,0,0,0,0,0,0
510052,1,1,1995,0,0,0,0,0,0,0,0,0,0
510053,1,1,1995,0,0,0,0,0,0,0,0,0,0
510053,2,1,1995,14,5,0,0,2,8,13,14,4,10
510054,0,1,1995,0,0,0,0,0,0,0,0,0,0
510054,1,1,1995,0,0,0,0,0,0,0,0,12,0
510055,1,1,1995,0,0,0,0,0,0,0,0,0,0
510055,2,1,1995,0,0,0,0,0,0,0,0,0,0
510056,1,1,1995,0,0,0,0,0,0,0,0,0,0
510057,1,1,1995,8,8,8,8,8,8,8,8,8,8
510058,1,1,1995,0,0,0,0,0,0,0,0,0,0
510058,2,1,1995,0,0,0,0,0,0,0,0,0,0
510059,1,1,1995,0,0,0,0,0,0,0,0,0,0
510059,2,1,1995,0,0,0,0,0,0,0,0,0,0
510060,1,1,1995,0,0,0,0,0,0,0,0,0,16
510060,2,1,1995,0,0,0,0,0,0,0,0,0,0
510061,0,1,1995,0,0,0,0,0,0,0,0,0,0
510061,1,1,1995,0,0,0,0,0,0,0,0,0,0
510062,1,1,1995,9,15,10,11,6,21,44,17,25,21
510062,2,1,1995,0,17,18,25,8,12,11,10,12,18
510062,3,1,1995,0,0,0,0,26,0,0,0,9,0
510063,1,1,1995,0,0,0,0,0,0,0,0,0,0
510064,1,1,1995,25,0,17,21,13,17,32,19,15,16
510064,2,1,1995,0,0,0,6,0,0,18,0,19,0
510065,1,1,1995,0,0,0,0,0,0,0,0,0,0
510066,1,1,1995,0,0,0,0,0,0,0,0,0,0
510066,2,1,1995,0,0,0,0,0,0,10,7,0,0
510067,1,1,1995,0,0,0,0,0,0,0,0,0,0
510068,1,1,1995,0,0,0,0,0,0,0,0,0,0
510069,1,1,1995,0,0,0,0,0,0,0,0,0,0
510070,1,1,1995,30,30,30,30,30,30,30,30,30,30
510073,1,1,1995,0,0,0,0,0,0,0,0,0,0
510073,2,1,1995,0,0,0,0,0,0,0,0,0,0
510074,1,1,1995,19,19,19,19,19,19,19,19,19,19
510075,1,1,1995,17,14,18,12,8,31,7,29,21,19
510076,1,1,1995,0,0,0,0,0,0,7,0,0,0
510076,2,1,1995,0,0,0,0,0,0,0,0,0,0
510077,0,1,1995,11,11,11,11,11,11,11,11,11,11
510077,1,1,1995,26,0,0,0,17,0,0,0,0,0
510078,1,1,1995,11,12,20,13,11,0,26,18,31,0
510079,1,1,1995,0,0,0,0,15,18,22,0,0,27
510080,1,1,1995,0,0,0,0,0,0,0,0,0,0
510081,1,1,1995,0,0,0,0,0,0,0,0,0,0
510083,0,1,1995,19,19,19,19,19,19,19,19,19,19
510083,1,1,1995,16,9,16,4,0,0,5,14,5,7
510084,1,1,1995,0,0,0,0,0,0,0,0,0,0
510085,1,1,1995,4,4,4,4,4,4,4,4,4,4
510086,0,1,1995,19,19,19,19,19,19,19,19,19,19
510086,1,1,1995,0,0,0,0,0,0,0,0,0,0
510087,1,1,1995,22,22,22,22,22,22,22,22,22,22
510088,1,1,1995,6,6,6,6,6,6,6,6,6,6
510088,2,1,1995,0,0,0,0,0,22,0,0,0,0
510089,1,1,1995,6,6,6,6,6,6,6,6,6,6
510089,2,1,1995,0,0,0,0,0,0,0,0,0,0
510090,1,1,1995,6,6,6,6,6,6,6,6,6,6
510090,2,1,1995,0,0,0,0,0,0,0,0,6,0
510091,1,1,1995,24,24,24,24,24,24,24,24,24,24
510092,1,1,1995,0,0,0,0,0,0,0,0,0,0
510092,2,1,1995,0,0,0,0,0,0,0,0,0,0
510093,1,1,1995,16,16,16,16,16,16,16,16,16,16
510094,1,1,1995,0,0,0,0,0,0,0,0,0,0
510095,1,1,1995,0,0,0,0,0,0,0,0,0,0
510096,1,1,1995,12,23,16,0,13,18,0,20,28,8
510096,2,1,1995,0,0,0,0,0,0,0,0,0,0
510097,1,1,1995,25,25,21,24,3,23,13,24,17,5
510098,0,1,1995,18,18,18,18,18,18,18,18,18,18
510098,1,1,1995,20,4,11,6,16,18,12,16,22,7
510099,1,1,1995,14,14,14,14,14,14,14,14,14,14
510100,0,1,1995,0,0,0,0,0,0,0,0,0,0
510100,1,1,1995,0,0,0,0,0,0,0,0,0,0
510101,1,1,1995,10,0,0,0,0,6,0,0,0,0
510102,1,1,1995,21,21,21,21,21,21,21,21,21,21
510102,2,1,1995,0,0,0,0,0,0,0,0,0,0
510103,1,1,1995,0,0,0,0,0,0,0,0,0,0
510104,1,1,1995,0,0,0,0,0,0,0,0,0,0
510104,2,1,1995,0,0,0,0,0,0,0,0,0,0
510105,1,1,1995,27,27,27,27,27,27,27,27,27,27
510106,1,1,1995,0,0,0,0,0,0,0,0,0,0
510106,2,1,1995,0,0,0,0,0,0,0,0,0,0
510107,1,1,1995,9,9,9,9,9,9,9,9,9,9
510107,2,1,1995,0,0,0,0,0,0,0,0,0,0
510108,1,1,1995,0,0,0,0,0,0,0,0,0,0
510108,2,1,1995,0,0,0,0,0,90,0,0,0,0
510109,1,1,1995,31,31,31,31,31,31,31,31,31,31
510109,2,1,1995,0,0,0,0,0,0,0,0,0,0
510110,1,1,1995,0,0,0,0,0,0,0,0,0,0
510110,2,1,1995,0,36,0,16,0,0,0,0,0,0
510110,3,1,1995,0,0,0,0,0,0,0,0,23,0
510111,1,1,1995,21,21,21,21,21,21,21,21,21,21
510113,1,1,1995,10,26,20,25,16,14,19,18,0,18
510114,1,1,1995,0,0,0,0,0,0,0,15,0,0
510114,2,1,1995,0,0,0,0,0,0,0,0,0,0
510115,1,1,1995,19,19,19,19,19,19,19,19,19,19
510116,1,1,1995,0,0,0,0,0,24,0,0,0,0
510116,2,1,1995,0,0,0,0,0,0,0,0,0,0
510117,1,1,1995,13,9,8,21,15,17,36,25,18,10
510117,2,1,1995,22,0,16,8,14,27,21,20,3,9
510118,1,1,1995,0,0,0,0,0,0,0,0,0,0
510118,2,1,1995,0,0,0,0,0,0,0,0,0,0
510119,1,1,1995,27,27,27,27,27,27,27,27,27,27
510120,1,1,1995,0,0,0,0,0,0,0,0,0,0
510120,2,1,1995,12,0,0,0,0,0,21,0,0,22
510121,1,1,1995,0,0,0,0,0,0,0,0,0,0
510121,2,1,1995,0,0,0,0,0,0,0,0,0,0
510122,1,1,1995,0,0,0,0,0,0,0,0,0,0
510122,2,1,1995,0,0,0,0,0,0,0,0,0,0
510125,1,1,1995,0,0,0,0,0,0,0,0,0,0
510125,2,1,1995,0,0,0,0,0,0,0,0,0,0
510125,3,1,1995,0,0,0,0,0,0,0,0,0,0
510126,1,1,1995,0,0,0,0,0,0,0,0,0,0
510126,2,1,1995,0,0,0,0,0,0,0,0,0,0
510127,1,1,1995,0,5,24,0,0,0,26,0,0,17
510127,2,1,1995,5,5,5,5,5,5,5,5,5,5
510128,1,1,1995,0,0,0,0,0,0,0,0,0,0
510128,2,1,1995,0,0,0,0,0,0,0,0,0,0
510129,1,1,1995,18,18,18,18,18,18,18,18,18,18
510130,1,1,1995,7,4,16,9,3,15,0,27,19,5
510130,2,1,1995,0,0,0,0,0,0,0,0,0,0
510131,1,1,1995,0,0,0,0,0,0,0,0,0,0
510131,2,1,1995,0,0,0,0,0,0,0,0,0,0
510132,1,1,1995,0,14,0,0,0,0,0,0,0,0
510132,2,1,1995,0,0,0,0,0,0,0,0,0,0
510133,1,1,1995,0,0,0,0,0,0,0,0,0,0
510134,1,1,1995,0,0,0,0,0,0,0,0,0,0
510134,2,1,1995,0,13,0,0,0,0,0,0,0,0
510135,1,1,1995,13,13,13,13,13,13,13,13,13,13
510136,0,1,1995,0,0,0,0,0,0,0,0,0,0
510136,1,1,1995,0,0,0,0,0,0,0,0,0,0
510137,1,1,1995,0,0,0,0,0,0,0,0,0,0
510137,2,1,1995,0,0,0,0,0,0,0,0,0,0
510138,0,1,1995,0,0,0,0,0,0,0,0,0,0
510138,1,1,1995,0,0,0,0,0,0,0,0,0,0
510139,1,1,1995,0,0,0,0,0,0,0,0,0,0
510140,1,1,1995,19,19,19,19,19,19,19,19,19,19
510141,1,1,1995,0,0,0,0,0,0,0,0,0,0
510141,2,1,1995,0,0,0,0,0,15,0,0,0,0
510141,3,1,1995,0,0,0,0,0,0,0,0,0,0
510142,1,1,1995,2,12,17,26,5,11,11,16,9,9
510143,1,1,1995,0,0,0,0,0,0,0,0,0,0
510143,2,1,1995,0,0,0,0,0,0,0,0,0,0
510144,1,1,1995,10,0,0,0,0,0,0,0,0,0
510145,1,1,1995,12,17,9,0,8,7,17,21,15,13
510146,1,1,1995,28,0,8,0,9,12,19,22,21,24
510147,1,1,1995,0,0,0,0,18,0,0,0,0,0
510148,1,1,1995,22,22,22,22,22,22,22,22,22,22
510148,2,1,1995,0,0,0,0,0,0,20,0,0,10
510149,1,1,1995,0,0,0,0,0,0,0,0,0,0
510149,2,1,1995,0,0,0,0,0,0,0,0,0,0
510150,1,1,1995,23,23,23,23,23,23,23,23,23,23
510151,1,1,1995,0,0,0,0,0,0,0,0,0,0
510152,1,1,1995,0,0,0,0,0,0,0,0,0,0
510152,2,1,1995,25,25,25,25,25,25,25,25,25,25
510153,1,1,1995,0,0,0,0,0,0,0,0,6,0
510154,1,1,1995,0,0,0,0,0,0,0,0,0,0
510155,1,1,1995,5,27,4,0,20,23,12,23,8,21
510155,2,1,1995,0,0,0,0,0,0,0,0,0,0
510156,1,1,1995,0,0,0,0,0,0,0,0,0,0
510156,2,1,1995,0,0,0,0,0,0,0,0,0,0
510158,1,1,1995,0,0,0,0,0,12,0,0,11,0
510158,2,1,1995,0,0,0,0,0,0,5,0,0,0
510159,1,1,1995,31,10,32,26,12,4,18,14,21,15
510160,1,1,1995,23,8,15,19,6,3,21,2,12,4
510161,1,1,1995,10,12,8,21,14,13,25,11,21,25
510162,1,1,1995,0,0,0,0,0,0,0,0,0,0
510163,0,1,1995,0,0,0,0,0,0,0,0,0,0
510163,1,1,1995,0,0,0,0,0,0,0,0,0,0
510165,1,1,1995,0,0,0,0,0,0,0,0,0,0
510167,1,1,1995,0,0,0,0,0,0,0,0,0,0
510168,1,1,1995,0,0,0,0,0,0,0,0,0,0
510168,2,1,1995,0,0,0,0,0,0,0,0,0,0
510169,1,1,1995,0,0,0,0,0,0,0,0,0,0
510170,1,1,1995,0,0,0,0,24,0,0,0,29,0
510171,0,1,1995,8,8,8,8,8,8,8,8,8,8
510171,1,1,1995,16,0,10,4,0,12,6,0,0,12
510172,0,1,1995,0,0,0,0,0,0,0,0,0,0
510172,1,1,1995,0,0,0,0,0,0,0,0,0,0
510173,1,1,1995,22,22,22,22,22,22,22,22,22,22
510173,2,1,1995,0,0,4,0,0,0,0,0,0,0
510174,1,1,1995,19,19,19,19,19,19,19,19,19,19
510175,1,1,1995,0,0,0,0,0,0,0,0,0,0
510176,1,1,1995,0,0,0,0,0,0,0,0,0,0
510176,2,1,1995,0,0,0,0,0,0,0,0,0,0
510177,1,1,1995,0,0,0,0,0,0,0,0,0,0
510177,2,1,1995,0,0,0,0,0,0,0,0,0,0
510178,0,1,1995,0,0,0,0,0,0,0,0,0,0
510178,1,1,1995,0,0,0,0,0,0,0,0,0,0
510179,1,1,1995,0,0,0,0,0,0,0,0,0,0
510179,2,1,1995,0,0,0,0,0,0,0,0,0,0
510180,1,1,1995,0,0,0,0,0,0,0,0,0,10
510181,0,1,1995,18,18,18,18,18,18,18,18,18,18
510181,1,1,1995,26,6,7,17,20,11,5,16,24,13
510182,1,1,1995,0,0,0,0,0,0,0,0,0,0
510182,2,1,1995,0,0,0,0,0,0,0,0,0,0
510183,1,1,1995,17,18,12,10,11,17,24,19,12,21
510184,1,1,1995,6,6,6,6,6,6,6,6,6,6
510185,1,1,1995,0,0,0,0,0,0,0,0,0,0
510185,2,1,1995,0,0,0,0,0,0,0,0,0,0
510185,3,1,1995,0,0,0,0,0,0,0,0,0,0
510186,1,1,1995,0,0,0,0,0,0,0,0,0,0
510186,2,1,1995,0,0,0,0,0,0,0,0,0,0
510187,1,1,1995,4,4,4,4,4,4,4,4,4,4
510187,2,1,1995,11,16,10,22,0,28,0,0,0,15
510188,1,1,1995,11,0,15,0,18,13,7,19,26,22
510188,2,1,1995,0,0,0,0,10,0,11,0,0,5
510189,1,1,1995,0,0,0,0,0,0,0,0,0,0
510189,2,1,1995,14,14,14,14,14,14,14,14,14,14
510190,0,1,1995,23,23,23,23,23,23,23,23,23,23
510190,1,1,1995,0,0,0,0,0,0,0,0,0,0
510191,1,1,1995,0,0,0,0,0,0,0,0,0,0
510192,1,1,1995,0,0,0,0,0,0,0,0,0,0
510193,1,1,1995,20,20,20,20,20,20,20,20,20,20
510194,1,1,1995,0,0,0,0,0,0,0,0,0,0
510194,2,1,1995,0,0,0,0,0,0,0,0,0,0
510194,3,1,1995,0,0,0,0,0,0,0,0,0,0
510195,1,1,1995,0,0,0,0,0,0,0,0,0,0
510195,2,1,1995,0,0,0,0,0,0,0,0,0,0
510195,3,1,1995,0,0,0,19,0,0,0,0,0,0
510196,1,1,1995,0,0,0,0,0,0,0,0,0,0
510196,2,1,1995,0,0,0,0,0,0,0,0,0,0
510198,0,1,1995,0,0,3,0,13,0,19,0,0,0
510198,1,1,1995,0,0,0,0,0,0,0,0,0,0
510199,1,1,1995,0,0,0,12,0,0,5,0,0,0
510199,2,1,1995,0,0,0,0,0,0,0,0,0,0
510200,1,1,1995,26,21,32,15,9,10,22,3,25,19
510202,1,1,1995,0,0,0,0,0,0,0,0,0,0
510202,2,1,1995,0,0,0,0,0,0,0,0,0,0
510202,3,1,1995,0,0,0,0,0,0,0,0,0,0
510203,1,1,1995,0,12,0,0,0,0,0,0,0,0
510204,0,1,1995,0,0,0,0,0,0,0,0,0,0
510204,1,1,1995,3,0,0,0,0,0,0,0,0,0
510205,1,1,1995,0,0,0,0,0,0,0,0,0,0
510205,2,1,1995,0,0,0,0,0,0,0,0,0,0
510206,1,1,1995,0,0,0,0,0,0,0,0,0,0
510207,1,1,1995,0,0,0,0,0,0,0,0,0,0
510208,1,1,1995,0,19,7,0,16,12,9,25,0,0
510209,1,1,1995,0,0,0,0,0,0,0,0,0,0
510209,2,1,1995,0,0,0,0,0,0,0,0,0,0
510210,1,1,1995,16,16,16,16,16,16,16,16,16,16
510210,2,1,1995,0,0,0,0,0,0,0,0,0,0
510211,1,1,1995,15,15,15,15,15,15,15,15,15,15
510212,1,1,1995,0,0,0,0,0,0,0,0,0,0
510212,2,1,1995,0,0,0,0,0,0,0,0,0,0
510213,1,1,1995,0,0,0,0,0,0,0,0,13,0
510214,1,1,1995,13,0,0,0,0,0,0,0,0,0
510214,2,1,1995,0,0,0,0,0,0,0,0,0,0
510214,3,1,1995,0,0,0,0,0,0,0,0,0,0
510215,1,1,1995,0,0,0,0,0,0,0,0,0,0
510216,1,1,1995,0,0,0,0,0,0,0,0,0,0
510217,1,1,1995,0,0,0,0,0,0,0,0,0,0
510218,0,1,1995,0,0,0,0,0,0,0,0,0,0
510218,1,1,1995,7,11,5,9,15,9,12,20,16,13
510219,0,1,1995,15,21,37,0,39,0,15,23,17,0
510219,1,1,1995,0,0,0,0,0,0,0,0,0,0
510220,1,1,1995,0,0,0,0,0,0,0,0,0,0
510220,2,1,1995,0,0,0,0,0,0,0,0,0,0
510220,3,1,1995,0,0,0,0,0,0,0,0,0,0
510221,1,1,1995,0,0,0,0,0,0,0,0,0,0
510223,0,1,1995,0,14,0,28,0,0,0,0,32,27
510223,1,1,1995,0,0,0,0,0,0,0,0,0,0
510224,1,1,1995,0,0,0,0,0,0,0,0,0,0
510224,2,1,1995,0,0,0,0,0,0,0,0,0,0
510225,1,1,1995,0,0,0,0,0,0,0,0,0,0
510225,2,1,1995,0,0,0,0,0,0,0,0,0,0
510226,1,1,1995,0,0,0,0,0,0,0,0,0,0
510227,1,1,1995,0,0,0,0,0,0,0,0,0,0
510228,1,1,1995,13,13,13,13,13,13,13,13,13,13
510229,1,1,1995,22,8,0,6,0,16,0,22,10,21
510229,2,1,1995,0,0,0,0,0,0,9,0,0,0
510230,1,1,1995,0,0,0,0,0,0,0,0,0,0
510230,2,1,1995,0,0,0,0,0,0,0,0,0,0
510230,3,1,1995,0,0,0,0,0,0,0,0,0,0
510231,1,1,1995,0,0,0,0,0,0,0,0,0,0
510231,2,1,1995,0,0,0,0,0,0,0,0,0,0
510232,1,1,1995,24,16,5,13,11,12,11,11,9,21
510235,1,1,1995,0,0,0,0,0,0,0,0,0,0
510235,2,1,1995,0,0,0,0,0,0,0,0,0,0
510236,0,1,1995,17,29,24,13,26,26,25,23,28,18
510236,1,1,1995,0,0,16,0,0,0,0,0,0,0
510237,1,1,1995,6,6,6,6,6,6,6,6,6,6
510237,2,1,1995,0,0,0,0,0,0,0,0,0,0
510238,1,1,1995,0,0,0,0,0,0,0,0,0,0
510238,2,1,1995,9,0,0,8,0,0,0,0,0,0
510240,1,1,1995,14,14,14,14,14,14,14,14,14,14
510241,1,1,1995,5,13,0,0,0,0,0,0,0,0
510242,1,1,1995,0,0,0,0,0,0,0,0,0,0
510242,2,1,1995,0,0,0,0,0,0,0,0,0,0
510242,3,1,1995,0,0,0,0,0,0,0,0,0,0
510243,1,1,1995,21,21,21,21,21,21,21,21,21,21
510243,2,1,1995,0,0,0,0,0,0,0,0,0,0
510244,1,1,1995,10,10,10,10,10,10,10,10,10,10
510245,1,1,1995,0,0,21,14,11,0,20,14,0,27
510246,1,2,1995,27,0,0,15,0,15,0,23,20,0
510247,1,1,1995,0,0,0,0,0,0,0,0,0,0
510247,2,1,1995,0,0,0,0,0,0,0,0,0,0
510248,1,1,1995,0,0,0,0,0,0,0,0,0,0
510248,2,1,1995,0,0,0,0,0,0,0,0,0,0
510250,0,1,1995,0,0,0,0,0,0,0,0,0,0
510250,0,2,1995,0,0,0,0,0,0,16,23,33,0
510250,1,1,1995,0,0,0,0,0,0,0,0,0,0
510251,1,1,1995,14,14,14,14,14,14,14,14,14,14
510251,2,1,1995,0,0,0,0,0,0,0,0,0,0
510252,1,1,1995,26,21,21,16,24,31,24,16,28,21
510253,1,1,1995,0,0,0,0,0,0,0,0,0,0
510254,1,1,1995,14,23,11,19,35,6,14,15,27,14
510255,1,1,1995,9,21,13,16,15,15,8,2,10,14
510256,1,1,1995,34,34,34,34,34,34,34,34,34,34
510257,1,1,1995,0,0,0,0,0,0,0,0,0,0
510258,1,1,1995,0,0,0,0,0,0,0,0,0,0
510259,1,1,1995,0,0,0,0,0,0,0,0,0,0
510259,2,1,1995,0,0,0,0,0,0,0,0,0,0
510260,1,1,1995,0,0,0,0,0,0,0,0,0,0
510260,2,1,1995,0,0,0,0,0,0,0,0,0,0
510260,3,1,1995,0,0,0,0,0,0,0,0,0,0
510261,0,1,1995,15,15,15,15,15,15,15,15,15,15
510261,1,1,1995,0,0,6,14,0,0,0,0,0,0
510262,1,1,1995,0,0,0,0,0,0,0,0,0,0
510263,1,1,1995,0,0,0,0,0,0,0,0,0,0
510263,2,1,1995,0,0,0,0,0,0,0,0,0,0
510264,1,1,1995,0,0,0,0,0,0,0,0,0,0
510265,1,1,1995,15,15,15,15,15,15,15,15,15,15
510266,1,1,1995,0,0,0,0,0,0,0,0,0,0
510267,1,1,1995,25,25,25,25,25,25,25,25,25,25
510268,1,1,1995,3,3,3,3,3,3,3,3,3,3
510269,1,1,1995,5,5,5,5,5,5,5,5,5,5
510269,2,1,1995,0,0,0,0,0,0,0,0,0,0
510270,1,1,1995,0,0,0,0,0,0,0,0,0,0
510271,1,1,1995,18,18,18,18,18,18,18,18,18,18
510272,1,1,1995,0,0,0,27,0,0,7,0,7,18
510273,1,1,1995,0,0,0,0,0,0,15,0,11,0