ST_CASE,VEH_NO,PER_NO,YEAR,P1,P2,P3,P4,P5,P6,P7,P8,P9,P10
540287,1,1,1995,0,0,0,0,0,0,0,0,0,0
540288,1,1,1995,23,23,23,23,23,23,23,23,23,23
540289,1,1,1995,26,26,26,26,26,26,26,26,26,26
540290,1,1,1995,0,0,0,0,0,0,0,0,0,0
540291,1,1,1995,21,21,21,21,21,21,21,21,21,21
540292,1,1,1995,18,18,18,18,18,18,18,18,18,18
540293,1,1,1995,0,0,0,0,0,0,0,0,0,0
540294,1,1,1995,0,0,0,0,0,0,0,0,0,0
540294,2,1,1995,31,31,31,31,31,31,31,31,31,31
540295,0,1,1995,0,0,0,0,0,0,0,0,0,0
540295,1,1,1995,0,0,0,0,0,0,0,0,0,0
540296,0,1,1995,0,0,0,0,0,0,0,0,0,0
540296,1,1,1995,0,0,0,0,7,2,0,0,0,0
540297,1,1,1995,0,0,0,0,0,0,0,0,0,0
540298,1,1,1995,0,0,0,0,0,0,0,0,0,0
540298,2,1,1995,0,0,0,0,0,0,0,0,0,0
540299,1,1,1995,20,20,20,20,20,20,20,20,20,20
540300,0,1,1995,24,24,24,24,24,24,24,24,24,24
540300,1,1,1995,0,0,0,23,0,0,0,0,0,0
540301,1,1,1995,0,0,0,0,0,0,0,0,0,0
540301,2,1,1995,17,17,17,17,17,17,17,17,17,17
540302,1,1,1995,19,19,19,19,19,19,19,19,19,19
540303,1,1,1995,21,21,21,21,21,21,21,21,21,21
540304,1,1,1995,0,0,0,0,0,0,0,0,0,0
540304,2,1,1995,0,0,0,0,0,0,0,0,0,0
540305,1,1,1995,0,0,0,0,0,0,0,0,0,0
540305,2,1,1995,0,0,0,0,0,6,0,0,0,0
540306,1,1,1995,0,0,0,0,0,0,0,0,0,0
540307,1,1,1995,0,0,0,0,0,0,0,0,0,0
540308,1,1,1995,16,13,0,21,5,32,8,13,13,22
540309,1,1,1995,0,0,0,0,0,0,0,0,0,0
540310,1,1,1995,0,0,0,0,0,0,0,0,0,0
540311,1,1,1995,0,0,0,0,0,0,0,0,0,0
540312,1,1,1995,29,29,29,29,29,29,29,29,29,29
540313,1,1,1995,0,0,0,0,0,0,0,0,0,0
540313,2,1,1995,0,0,0,0,0,0,0,0,0,0
540314,1,1,1995,0,0,0,0,0,0,0,0,0,0
540314,2,1,1995,0,0,0,0,0,0,0,0,0,0
540315,0,1,1995,0,0,0,0,0,0,0,0,0,0
540315,2,1,1995,0,0,0,0,0,15,0,0,0,0
540316,1,1,1995,17,17,17,17,17,17,17,17,17,17
540316,2,1,1995,0,0,0,0,0,0,0,0,0,0
540317,1,1,1995,0,0,0,0,0,0,0,0,0,0
540317,2,1,1995,0,0,0,0,0,0,0,0,0,0
540318,1,1,1995,8,8,8,8,8,8,8,8,8,8
540319,1,1,1995,7,7,7,7,7,7,7,7,7,7
540320,1,1,1995,0,0,0,16,0,0,0,0,0,0
540321,1,1,1995,12,12,12,12,12,12,12,12,12,12
540322,1,1,1995,7,7,7,7,7,7,7,7,7,7
540323,1,1,1995,18,18,18,18,18,18,18,18,18,18
540323,2,1,1995,0,0,0,0,0,0,0,0,0,0
540324,1,1,1995,18,8,3,7,16,19,13,17,21,17
540325,1,1,1995,4,4,4,4,4,4,4,4,4,4
540327,1,1,1995,0,0,0,0,0,0,0,0,0,0
540328,1,1,1995,28,28,28,28,28,28,28,28,28,28
540329,0,1,1995,0,0,0,0,0,0,0,0,0,0
540329,1,1,1995,0,0,0,0,0,0,0,0,0,0
540330,1,1,1995,17,10,20,6,8,23,16,0,17,8
540330,2,1,1995,0,0,0,0,0,0,0,0,0,0
540330,3,1,1995,0,0,0,0,0,0,0,0,0,0
540330,4,1,1995,0,0,0,0,0,0,0,0,0,0
540331,1,1,1995,0,0,0,0,0,0,0,0,0,0
540332,1,1,1995,14,14,14,14,14,14,14,14,14,14
540333,1,1,1995,0,0,0,0,0,0,0,0,0,0
540334,0,1,1995,20,20,20,20,20,20,20,20,20,20
540334,1,1,1995,0,0,0,0,0,0,0,0,0,0
540335,1,1,1995,0,0,0,0,0,0,0,0,0,0
540336,1,1,1995,0,0,0,0,0,0,0,0,0,0
540336,2,1,1995,0,0,0,0,0,0,0,0,0,0
540337,1,1,1995,24,24,24,24,24,24,24,24,24,24
540338,1,1,1995,0,0,0,0,7,0,21,0,0,0
540339,1,1,1995,0,0,0,0,0,0,0,0,0,0
540339,2,1,1995,0,0,0,0,0,0,0,0,0,0
540340,1,1,1995,10,10,10,10,10,10,10,10,10,10
540341,1,1,1995,0,0,0,0,0,0,0,0,0,0
540341,2,1,1995,0,0,0,0,0,0,0,0,0,0
540342,1,1,1995,0,0,0,0,0,0,0,0,0,0
540342,2,1,1995,0,0,0,0,0,0,0,0,0,0
540343,1,1,1995,12,9,0,21,21,6,19,16,16,10
540344,1,1,1995,0,0,0,0,0,0,0,0,0,0
540344,2,1,1995,0,0,0,0,0,0,0,0,0,0
540345,0,1,1995,0,0,0,0,0,0,0,0,0,0
540345,1,1,1995,0,0,0,0,0,0,0,0,0,0
540345,2,1,1995,0,0,0,0,0,0,0,0,0,0
540346,1,1,1995,0,0,0,16,0,0,0,0,0,0
540346,2,1,1995,0,0,0,0,0,0,0,0,0,0
540347,1,1,1995,16,16,16,16,16,16,16,16,16,16
550001,0,1,1995,0,0,0,0,0,0,0,0,0,0
550001,1,1,1995,0,0,0,0,0,0,0,0,0,0
550002,1,1,1995,0,0,0,0,0,0,0,0,0,0
550002,2,1,1995,13,13,13,13,13,13,13,13,13,13
550003,1,1,1995,1,1,1,1,1,1,1,1,1,1
550004,1,1,1995,0,0,0,0,0,0,0,0,0,0
550004,2,1,1995,0,0,0,0,0,0,0,0,0,0
550005,1,1,1995,0,0,0,0,0,0,0,0,0,0
550006,1,1,1995,0,0,0,0,0,0,0,0,0,0
550006,2,1,1995,0,0,0,0,0,0,0,0,0,0
550007,1,1,1995,0,0,0,0,0,0,0,0,0,0
550007,2,1,1995,0,0,0,0,0,0,0,0,20,0
550007,3,1,1995,0,0,0,0,0,0,0,0,0,0
550008,1,1,1995,0,0,0,0,0,0,0,0,0,0
550008,2,1,1995,0,0,0,0,0,0,0,0,0,0
550009,1,1,1995,0,0,0,0,0,0,0,0,0,0
550009,2,1,1995,0,0,0,0,0,0,0,0,0,0
550010,1,1,1995,23,23,23,23,23,23,23,23,23,23
550011,1,1,1995,0,0,0,0,0,0,0,0,0,0
550012,1,1,1995,0,0,0,0,0,0,0,0,0,0
550014,1,1,1995,7,7,7,7,7,7,7,7,7,7
550015,1,1,1995,0,0,0,0,0,0,0,0,0,0
550015,2,1,1995,0,0,0,0,0,0,0,0,0,0
550016,1,1,1995,0,0,0,0,0,0,0,0,0,0
550017,1,1,1995,0,0,0,0,0,0,0,0,0,0
550018,1,1,1995,0,0,0,0,0,0,0,0,0,0
550019,1,1,1995,0,0,0,0,0,0,0,0,0,0
550020,2,1,1995,0,0,0,0,0,0,0,0,0,0
550021,0,1,1995,0,0,0,0,0,0,0,0,0,0
550021,1,1,1995,8,8,8,8,8,8,8,8,8,8
550022,1,1,1995,0,0,0,0,0,0,0,0,0,0
550022,2,1,1995,0,0,0,0,0,0,0,0,0,0
550023,0,1,1995,0,0,0,0,0,0,0,0,0,0
550023,1,1,1995,0,0,0,0,0,0,0,0,0,0
550024,1,1,1995,0,0,0,0,0,0,0,0,0,0
550024,2,1,1995,0,0,0,0,0,0,0,0,0,0
550025,1,1,1995,9,9,9,9,9,9,9,9,9,9
550026,1,1,1995,18,18,18,18,18,18,18,18,18,18
550027,1,1,1995,19,19,19,19,19,19,19,19,19,19
550028,1,1,1995,0,0,0,0,0,0,0,0,0,0
550029,1,1,1995,0,0,0,0,0,0,0,0,0,0
550030,1,1,1995,0,0,0,0,0,0,0,0,0,0
550032,1,1,1995,0,0,0,0,0,0,0,0,0,0
550032,2,1,1995,0,0,0,0,0,0,0,0,0,0
550033,1,1,1995,0,0,0,0,0,0,0,0,0,0
550033,2,1,1995,0,0,0,0,0,0,0,0,0,0
550034,0,1,1995,0,0,0,0,0,0,0,0,0,0
550034,1,1,1995,0,0,0,0,0,0,0,0,0,0
550035,1,1,1995,8,8,8,8,8,8,8,8,8,8
550036,1,1,1995,19,19,19,19,19,19,19,19,19,19
550037,1,1,1995,0,0,11,0,0,0,0,0,0,0
550037,2,1,1995,0,0,0,0,0,0,0,0,0,0
550038,1,1,1995,0,0,0,0,0,0,0,0,0,0
550038,2,1,1995,0,0,0,0,0,27,0,13,0,0
550039,1,1,1995,0,0,0,0,0,0,0,0,0,0
550039,2,1,1995,0,0,0,14,0,0,0,0,0,0
550040,1,1,1995,0,0,0,0,0,0,0,0,0,0
550040,2,1,1995,12,0,0,0,0,0,0,0,2,0
550041,1,1,1995,19,19,19,19,19,19,19,19,19,19
550041,2,1,1995,0,0,0,0,0,0,0,0,0,0
550042,1,1,1995,13,13,13,13,13,13,13,13,13,13
550043,1,1,1995,0,0,0,0,0,0,0,0,0,0
550043,2,1,1995,0,0,0,0,0,0,0,0,0,0
550044,1,1,1995,18,18,18,18,18,18,18,18,18,18
550044,2,1,1995,0,0,0,0,0,0,0,0,0,0
550045,1,1,1995,0,0,0,0,0,0,0,0,0,0
550046,1,1,1995,0,0,0,0,0,0,0,0,0,0
550046,2,1,1995,0,0,0,0,0,0,0,0,0,0
550046,3,1,1995,0,0,0,11,0,0,0,0,0,0
550046,4,1,1995,0,0,0,0,0,0,0,0,0,0
550047,1,1,1995,0,0,0,0,0,0,0,0,0,0
550047,2,1,1995,0,0,0,0,0,0,0,0,0,0
550048,1,1,1995,0,0,0,0,0,0,0,0,0,0
550048,2,1,1995,0,0,0,0,0,0,0,0,0,0
550049,1,1,1995,0,0,0,0,0,0,0,0,0,0
550049,2,1,1995,0,0,0,0,0,0,0,0,0,0
550050,1,1,1995,3,0,0,0,0,0,0,0,0,0
550051,1,1,1995,0,0,0,0,0,0,0,0,0,0
550051,2,1,1995,0,0,0,0,0,0,0,0,0,0
550052,1,1,1995,0,0,0,0,0,0,0,0,0,0
550052,2,1,1995,0,0,0,0,0,0,0,0,0,0
550053,1,1,1995,0,0,0,0,0,0,0,0,0,0
550054,1,1,1995,8,8,8,8,8,8,8,8,8,8
550054,2,1,1995,0,0,0,0,0,0,0,0,0,0
550055,1,1,1995,19,19,19,19,19,19,19,19,19,19
550056,1,1,1995,0,0,0,0,0,0,0,0,0,0
550056,2,1,1995,0,0,0,0,0,0,0,0,0,0
550057,1,1,1995,0,0,0,0,0,0,0,0,0,0
550057,2,1,1995,0,0,0,0,0,0,0,0,0,0
550058,1,1,1995,0,0,10,0,0,0,0,0,0,0
550058,2,1,1995,0,0,0,0,0,0,0,0,0,0
550059,1,1,1995,28,28,28,28,28,28,28,28,28,28
550060,1,1,1995,0,0,0,0,0,0,0,0,0,0
550060,2,1,1995,0,0,0,0,0,0,0,0,0,0
550061,1,1,1995,0,0,0,0,0,0,0,0,0,0
550061,2,1,1995,0,0,0,0,0,0,0,0,0,0
550062,1,1,1995,0,0,0,0,0,0,0,0,0,0
550063,1,1,1995,0,0,0,0,0,0,0,0,0,0
550063,2,1,1995,0,0,0,0,0,0,0,0,0,0
550064,1,1,1995,17,17,17,17,17,17,17,17,17,17
550065,1,1,1995,0,0,0,0,0,0,0,0,0,0
550065,2,1,1995,0,0,0,0,0,0,0,0,0,0
550066,1,1,1995,24,24,24,24,24,24,24,24,24,24
550067,1,1,1995,0,0,0,0,0,0,0,0,0,0
550067,2,1,1995,0,0,0,0,0,0,0,0,0,0
550067,3,1,1995,0,0,0,0,0,0,0,0,0,0
550068,1,1,1995,19,19,19,19,19,19,19,19,19,19
550069,0,1,1995,0,0,0,0,0,0,0,0,0,0
550069,1,1,1995,0,0,0,0,0,0,0,0,0,0
550070,1,1,1995,0,0,0,0,0,0,0,0,0,0
550070,2,1,1995,0,0,0,0,0,0,0,0,0,0
550071,1,1,1995,0,0,0,0,0,0,0,0,0,0
550071,2,1,1995,0,0,0,0,0,0,0,0,0,0
550072,1,1,1995,14,14,14,14,14,14,14,14,14,14
550072,2,1,1995,30,30,30,30,30,30,30,30,30,30
550073,1,1,1995,0,0,0,0,0,0,0,0,0,0
550073,2,1,1995,0,0,0,0,0,0,0,0,0,0
550074,1,1,1995,0,0,0,0,0,0,0,0,0,0
550075,1,1,1995,15,15,15,15,15,15,15,15,15,15
550076,1,1,1995,0,0,0,0,0,0,0,0,0,0
550076,2,1,1995,0,0,4,0,0,0,0,0,0,0
550077,1,1,1995,0,0,0,0,0,0,0,0,0,0
550077,2,1,1995,0,0,0,0,0,0,0,0,0,0
550078,1,1,1995,26,26,26,26,26,26,26,26,26,26
550078,2,1,1995,0,0,0,0,0,0,0,0,0,0
550078,3,1,1995,0,0,0,0,0,0,0,20,0,0
550078,4,1,1995,0,0,0,0,0,0,0,0,0,0
550078,5,1,1995,0,0,0,0,0,0,0,0,0,0
550079,1,1,1995,0,0,0,0,0,0,0,0,0,0
550079,2,1,1995,0,0,0,0,0,0,0,0,0,0
550080,0,1,1995,18,22,29,29,30,21,33,0,11,0
550080,1,1,1995,14,14,14,14,14,14,14,14,14,14
550081,1,1,1995,0,0,0,0,0,0,0,0,0,0
550081,2,1,1995,0,0,0,0,0,0,0,0,0,0
550082,1,1,1995,0,0,0,0,0,0,0,0,0,0
550082,2,1,1995,0,0,0,0,0,0,0,0,0,0
550083,1,1,1995,0,0,0,0,0,0,0,0,0,0
550084,1,1,1995,27,27,27,27,27,27,27,27,27,27
550085,1,1,1995,0,0,0,0,0,0,0,0,0,0
550085,2,1,1995,0,0,0,0,0,0,0,0,0,0
550086,1,1,1995,0,0,0,0,0,0,0,0,0,0
550086,2,1,1995,19,19,19,19,19,19,19,19,19,19
550087,1,1,1995,0,0,0,0,0,0,0,0,0,0
550087,2,1,1995,0,0,0,0,0,0,0,0,0,0
550088,1,1,1995,21,21,21,21,21,21,21,21,21,21
550089,1,1,1995,18,18,18,18,18,18,18,18,18,18
550089,2,1,1995,0,0,0,0,0,0,0,0,0,0
550090,1,1,1995,0,0,0,0,0,0,0,0,0,0
550090,2,1,1995,0,0,0,0,0,0,0,0,0,0
550091,1,1,1995,0,0,0,0,0,0,0,0,0,0
550091,2,1,1995,0,0,0,0,0,0,0,0,0,0
550092,1,1,1995,0,0,0,0,0,0,0,0,0,0
550092,2,1,1995,0,0,0,0,0,0,0,0,0,0
550093,1,1,1995,28,28,28,28,28,28,28,28,28,28
550094,1,1,1995,21,21,21,21,21,21,21,21,21,21
550095,0,1,1995,7,0,10,18,21,26,14,21,8,52
550095,1,1,1995,14,14,14,14,14,14,14,14,14,14
550096,1,1,1995,0,0,0,0,0,0,0,0,0,0
550096,2,1,1995,0,0,0,0,0,0,0,0,0,0
550097,1,1,1995,0,0,0,0,0,0,0,0,26,0
550097,2,1,1995,0,0,5,0,0,0,0,0,0,0
550098,1,1,1995,29,29,29,29,29,29,29,29,29,29
550099,1,1,1995,22,22,22,22,22,22,22,22,22,22
550100,1,1,1995,0,0,0,0,0,0,0,0,0,0
550100,2,1,1995,0,0,0,0,0,0,0,0,0,0
550101,1,1,1995,14,14,14,14,14,14,14,14,14,14
550101,2,1,1995,1,1,1,1,1,1,1,1,1,1
550101,3,1,1995,0,0,0,0,0,0,0,0,0,0
550102,1,1,1995,0,0,0,19,17,19,0,0,0,0
550102,2,1,1995,0,0,0,0,0,0,0,0,0,0
550103,1,1,1995,0,0,0,0,0,0,0,0,0,0
550103,2,1,1995,26,26,26,26,26,26,26,26,26,26
550104,1,1,1995,0,0,0,0,0,0,0,0,0,0
550104,2,1,1995,0,0,0,0,0,0,0,0,0,0
550105,1,1,1995,3,3,3,3,3,3,3,3,3,3
550106,1,1,1995,0,0,0,0,0,0,0,0,0,0
550106,2,1,1995,0,0,0,0,0,0,0,0,0,0
550107,1,1,1995,0,0,0,0,0,0,0,0,0,0
550107,2,1,1995,0,0,0,0,0,0,0,0,0,0
550108,1,1,1995,25,25,25,25,25,25,25,25,25,25
550109,1,1,1995,22,22,22,22,22,22,22,22,22,22
550110,1,1,1995,0,0,0,0,0,0,0,0,0,0
550111,1,1,1995,0,0,0,0,0,0,0,0,0,0
550112,1,1,1995,0,0,0,0,0,0,0,0,0,0
550112,2,1,1995,0,0,0,0,0,0,0,0,0,0
550113,1,1,1995,27,27,27,27,27,27,27,27,27,27
550113,2,1,1995,0,0,0,0,0,0,0,0,0,0
550114,1,1,1995,0,0,0,0,0,0,0,0,0,0
550114,2,1,1995,0,0,0,0,0,0,0,0,0,0
550116,1,1,1995,12,12,12,12,12,12,12,12,12,12
550117,1,1,1995,0,0,0,0,0,0,0,0,0,0
550117,2,1,1995,0,0,0,0,0,0,0,0,0,0
550118,1,1,1995,22,22,22,22,22,22,22,22,22,22
550119,1,1,1995,0,0,0,0,0,0,0,0,0,0
550119,2,1,1995,7,7,7,7,7,7,7,7,7,7
550120,1,1,1995,0,0,0,0,0,0,0,0,0,0
550120,2,1,1995,0,0,0,0,0,0,0,0,0,0
550121,1,1,1995,0,0,0,0,0,0,0,0,0,0
550121,2,1,1995,0,0,0,0,0,0,0,0,0,0
550122,1,1,1995,0,0,0,0,0,0,0,0,0,0
550122,2,1,1995,0,0,0,0,0,0,0,0,0,0
550123,1,1,1995,21,21,21,21,21,21,21,21,21,21
550123,2,1,1995,0,0,0,0,0,0,0,0,0,23
550124,0,1,1995,15,15,15,15,15,15,15,15,15,15
550124,1,1,1995,20,19,20,0,36,0,0,18,0,0
550125,1,1,1995,0,0,0,0,0,0,0,0,0,0
550125,2,1,1995,0,0,0,0,0,0,0,0,0,0
550126,1,1,1995,17,17,17,17,17,17,17,17,17,17
550127,0,1,1995,0,0,0,0,0,0,0,0,0,0
550127,1,1,1995,0,0,0,0,0,0,0,0,0,0
550128,0,1,1995,0,0,0,0,0,0,0,0,0,0
550128,1,1,1995,0,0,0,0,0,0,0,0,0,0
550129,1,1,1995,16,16,16,16,16,16,16,16,16,16
550130,1,1,1995,24,24,24,24,24,24,24,24,24,24
550131,1,1,1995,30,30,30,30,30,30,30,30,30,30
550132,1,1,1995,10,10,10,10,10,10,10,10,10,10
550133,1,1,1995,0,0,0,14,22,0,0,0,0,0
550134,1,1,1995,15,15,15,15,15,15,15,15,15,15
550135,1,1,1995,0,0,0,0,0,0,0,0,0,0
550135,2,1,1995,0,0,0,0,0,0,0,0,0,0
550136,1,1,1995,0,0,0,0,0,0,0,0,0,0
550136,2,1,1995,0,0,0,0,0,0,0,0,0,0
550137,1,1,1995,0,0,0,0,0,0,0,0,0,0
550137,2,1,1995,0,0,0,0,0,0,0,0,0,0
550138,1,1,1995,0,0,0,0,0,0,0,0,0,0
550138,2,1,1995,0,0,0,0,0,0,0,0,0,0
550139,1,1,1995,0,0,0,0,0,0,0,0,0,0
550139,2,1,1995,0,0,0,0,0,0,0,0,0,0
550140,1,1,1995,0,0,0,0,0,0,0,0,0,0
550140,2,1,1995,0,0,0,0,0,0,0,0,0,0
550141,1,1,1995,29,29,29,29,29,29,29,29,29,29
550142,0,1,1995,0,0,0,0,0,0,0,0,0,0
550142,1,1,1995,0,0,0,0,0,0,0,0,0,0
550143,1,1,1995,0,0,0,0,0,0,0,0,0,0
550143,2,1,1995,23,23,23,23,23,23,23,23,23,23
550143,3,1,1995,3,0,0,0,0,0,0,0,0,0
550144,1,1,1995,0,0,0,0,0,0,0,0,0,0
550144,2,1,1995,0,0,0,0,0,0,0,0,0,7
550145,1,1,1995,0,0,0,0,0,0,0,0,0,0
550145,2,1,1995,0,0,0,0,0,0,0,0,0,0
550146,1,1,1995,8,8,8,8,8,8,8,8,8,8
550147,1,1,1995,0,0,0,0,0,0,0,0,0,0
550147,2,1,1995,22,22,22,22,22,22,22,22,22,22
550148,1,1,1995,0,0,0,0,0,0,0,0,0,0
550148,2,1,1995,0,0,0,0,0,0,0,0,0,0
550149,1,1,1995,19,19,19,19,19,19,19,19,19,19
550150,1,1,1995,0,0,0,0,0,0,0,0,0,0
550151,1,1,1995,20,20,20,20,20,20,20,20,20,20
550152,1,1,1995,21,21,21,21,21,21,21,21,21,21
550153,1,1,1995,0,0,0,0,0,0,0,0,0,0
550153,2,1,1995,21,21,21,21,21,21,21,21,21,21
550154,0,1,1995,0,0,0,0,0,0,0,0,0,0
550154,0,2,1995,0,0,0,0,0,0,0,0,0,0
550154,0,3,1995,0,0,0,0,0,0,0,0,0,0
550154,0,4,1995,10,27,0,28,12,12,5,14,35,15
550154,1,1,1995,0,0,0,0,0,0,0,0,0,0
550154,2,1,1995,0,0,0,0,2,11,0,10,0,0
550155,1,1,1995,20,20,20,20,20,20,20,20,20,20
550155,2,1,1995,0,0,0,0,0,0,0,0,0,0
550156,1,1,1995,0,0,0,0,0,0,0,0,0,0
550156,2,1,1995,0,0,0,0,0,0,0,0,0,0
550157,1,1,1995,15,15,15,15,15,15,15,15,15,15
550158,1,1,1995,0,0,0,0,0,0,0,0,0,0
550158,2,1,1995,0,0,0,0,0,0,0,0,0,0
550159,1,1,1995,14,14,14,14,14,14,14,14,14,14
550160,1,1,1995,23,0,0,0,13,25,0,2,24,0
550160,2,1,1995,0,0,0,0,0,0,0,0,0,0
550161,1,1,1995,18,0,0,0,0,0,19,0,0,0
550161,2,1,1995,0,0,0,0,0,0,0,0,0,0
550162,1,1,1995,27,27,27,27,27,27,27,27,27,27
550163,1,1,1995,17,17,17,17,17,17,17,17,17,17
550163,2,1,1995,0,0,0,0,0,0,0,0,0,0
550164,1,1,1995,20,20,20,20,20,20,20,20,20,20
550165,1,1,1995,0,0,0,0,0,0,0,0,0,0
550165,2,1,1995,0,0,0,0,0,0,0,0,0,0
550166,1,1,1995,0,0,0,0,0,0,0,0,0,0
550166,2,1,1995,0,0,0,0,0,0,0,0,0,0
550167,0,1,1995,0,0,0,0,0,0,0,0,0,0
550167,1,1,1995,27,27,27,27,27,27,27,27,27,27
550168,1,1,1995,0,0,0,0,0,0,0,0,0,0
550168,2,1,1995,0,0,0,0,0,0,0,0,0,0
550169,1,1,1995,0,0,0,0,0,0,0,0,0,0
550169,2,1,1995,0,0,0,0,0,0,0,0,0,0
550170,1,1,1995,39,6,19,5,0,0,0,0,0,0
550171,1,1,1995,17,17,17,17,17,17,17,17,17,17
550172,1,1,1995,0,0,0,0,0,0,0,0,0,0
550173,1,1,1995,0,0,0,0,0,0,0,0,0,0
550173,2,1,1995,3,3,3,3,3,3,3,3,3,3
550174,1,1,1995,0,0,0,0,0,0,0,0,0,0
550175,1,1,1995,0,0,26,0,0,0,0,0,0,0
550176,0,1,1995,0,0,0,0,0,0,0,0,0,0
550176,1,1,1995,0,0,0,0,0,0,0,0,0,0
550177,1,1,1995,39,27,0,11,13,15,35,5,21,19
550178,0,1,1995,0,0,0,0,0,0,0,0,0,0
550178,1,1,1995,0,0,0,0,0,0,0,0,0,0
550179,1,1,1995,0,0,0,0,0,0,0,0,0,0
550180,1,1,1995,12,12,12,12,12,12,12,12,12,12
550180,2,1,1995,0,0,0,0,0,0,0,0,0,0
550181,1,1,1995,0,0,0,0,0,0,0,0,0,0
550181,2,1,1995,0,0,0,0,0,0,0,0,0,0
550181,3,1,1995,0,0,0,0,0,0,0,0,0,0
550182,1,1,1995,0,0,0,0,0,0,0,0,0,0
550182,2,1,1995,0,0,0,0,0,0,0,0,0,0
550183,1,1,1995,0,0,0,0,0,0,0,0,0,0
550183,2,1,1995,0,0,0,0,0,0,0,0,0,0
550183,3,1,1995,0,0,0,0,0,0,0,0,0,0
550184,1,1,1995,7,7,7,7,7,7,7,7,7,7
550184,2,1,1995,6,0,0,0,0,0,0,0,0,0
550185,1,1,1995,0,0,0,0,0,0,0,0,0,0
550185,2,1,1995,0,0,0,0,0,0,0,0,0,0
550186,1,1,1995,5,5,5,5,5,5,5,5,5,5
550187,1,1,1995,0,0,0,0,0,0,0,0,0,0
550187,2,1,1995,0,0,0,0,0,0,0,0,0,0
550188,1,1,1995,0,0,0,0,0,0,0,29,0,0
550188,2,1,1995,0,0,0,0,0,0,0,0,0,0
550189,1,1,1995,0,0,0,0,0,0,0,0,0,0
550189,2,1,1995,0,0,0,0,0,0,0,0,0,0
550189,3,1,1995,0,0,0,0,0,0,0,0,0,0
550190,1,1,1995,0,0,0,0,0,0,0,0,0,0
550190,2,1,1995,0,0,0,0,0,0,0,0,0,0
550191,1,1,1995,18,18,18,18,18,18,18,18,18,18
550192,1,1,1995,17,17,17,17,17,17,17,17,17,17
550193,1,1,1995,0,0,0,0,0,0,0,0,0,0
550194,1,1,1995,0,0,0,0,0,0,0,0,0,0
550194,2,1,1995,0,0,0,0,0,0,0,0,0,0
550195,1,1,1995,0,0,0,0,0,0,0,0,0,0
550195,2,1,1995,0,0,0,0,0,0,0,0,0,0
550196,0,1,1995,7,7,7,7,7,7,7,7,7,7
550196,1,1,1995,0,0,0,0,0,0,0,0,0,0
550197,1,1,1995,29,29,29,29,29,29,29,29,29,29
550198,1,1,1995,15,15,15,15,15,15,15,15,15,15
550198,2,1,1995,12,12,12,12,12,12,12,12,12,12
550199,1,1,1995,0,0,0,0,0,0,0,0,0,24
550200,1,1,1995,0,16,0,16,0,0,0,15,0,0
550200,2,1,1995,5,0,0,0,0,0,0,0,11,0
550201,1,1,1995,0,0,0,0,0,0,0,0,0,0
550201,2,1,1995,0,0,0,0,0,0,0,0,0,0
550202,1,1,1995,24,24,24,24,24,24,24,24,24,24
550203,0,1,1995,0,0,0,0,0,0,0,23,0,0
550203,1,1,1995,0,0,0,0,0,0,0,0,0,0
550204,1,1,1995,0,0,0,0,0,0,0,0,0,0
550205,1,1,1995,7,7,7,7,7,7,7,7,7,7
550206,1,1,1995,30,30,30,30,30,30,30,30,30,30
550207,0,1,1995,0,0,0,0,0,0,0,0,0,0
550207,1,1,1995,0,0,0,0,0,0,0,0,0,0
550208,0,1,1995,0,0,0,0,0,0,0,0,0,0
550208,1,1,1995,8,8,8,8,8,8,8,8,8,8
550209,1,1,1995,0,0,0,0,0,0,0,0,0,0
550210,1,1,1995,0,0,0,0,0,0,0,0,0,0
550211,1,1,1995,10,10,10,10,10,10,10,10,10,10
550212,1,1,1995,19,19,19,19,19,19,19,19,19,19
550213,0,1,1995,29,29,29,29,29,29,29,29,29,29
550213,1,1,1995,14,14,14,14,14,14,14,14,14,14
550214,1,1,1995,0,0,0,0,0,0,0,0,0,0
550215,1,1,1995,0,0,0,0,0,0,0,0,0,0
550216,1,1,1995,0,0,0,0,0,0,0,0,0,0
550216,2,1,1995,0,0,0,0,0,0,0,0,0,0
550217,1,1,1995,0,0,0,0,0,0,0,0,0,0
550217,2,1,1995,0,0,0,0,0,0,0,0,0,0
550218,1,1,1995,17,0,0,7,6,12,16,0,12,2
550219,1,1,1995,0,0,0,0,0,24,0,0,0,0
550219,2,1,1995,0,0,0,0,0,0,0,0,0,0
550220,1,1,1995,24,24,24,24,24,24,24,24,24,24
550221,1,1,1995,23,23,23,23,23,23,23,23,23,23
550222,1,1,1995,0,0,0,0,0,0,0,0,0,0
550223,1,1,1995,0,0,0,0,8,0,0,0,0,0
550223,2,1,1995,0,0,0,0,0,0,0,0,0,0
550223,3,1,1995,0,0,0,0,0,0,0,0,0,0
550224,1,1,1995,7,7,7,7,7,7,7,7,7,7
550224,2,1,1995,15,15,15,15,15,15,15,15,15,15
550225,1,1,1995,0,0,0,0,0,0,0,0,0,0
550225,2,1,1995,0,0,0,0,0,0,0,0,0,0