ST_CASE,VEH_NO,PER_NO,YEAR,P1,P2,P3,P4,P5,P6,P7,P8,P9,P10
550226,1,1,1995,28,28,28,28,28,28,28,28,28,28
550226,2,1,1995,0,0,0,0,0,0,0,0,0,0
550227,1,1,1995,0,0,0,0,0,0,0,0,0,0
550227,2,1,1995,0,0,0,0,0,0,0,0,0,0
550228,1,1,1995,12,12,12,12,12,12,12,12,12,12
550228,2,1,1995,0,0,0,0,0,0,0,0,0,0
550229,1,1,1995,0,0,0,0,0,0,0,0,0,0
550229,2,1,1995,14,14,14,14,14,14,14,14,14,14
550229,3,1,1995,0,1,0,0,6,0,0,0,0,5
550230,1,1,1995,18,18,18,18,18,18,18,18,18,18
550230,2,1,1995,0,0,0,0,0,0,0,0,0,0
550232,1,1,1995,0,0,0,0,0,0,0,0,0,0
550233,1,1,1995,0,0,0,0,0,0,0,0,0,0
550233,2,1,1995,0,22,0,0,0,0,0,0,28,0
550234,1,1,1995,9,9,9,9,9,9,9,9,9,9
550234,2,1,1995,0,0,0,0,0,0,0,0,0,0
550235,1,1,1995,7,29,0,0,0,17,0,0,0,12
550236,1,1,1995,0,0,0,0,0,0,0,0,0,0
550237,1,1,1995,9,9,9,9,9,9,9,9,9,9
550238,0,1,1995,0,0,0,0,0,0,0,0,0,0
550238,1,1,1995,0,0,0,0,0,0,0,0,0,0
550239,1,1,1995,0,0,0,0,0,0,0,0,0,0
550240,1,1,1995,6,0,8,20,7,18,23,23,30,0
550241,1,1,1995,12,12,12,12,12,12,12,12,12,12
550242,0,1,1995,0,0,0,0,0,0,0,0,0,0
550242,1,1,1995,0,0,0,0,0,0,0,0,0,0
550243,1,1,1995,0,0,0,0,0,0,0,0,0,0
550244,1,1,1995,0,0,0,0,0,0,0,0,0,0
550244,2,1,1995,0,0,0,0,0,0,0,0,0,0
550244,3,1,1995,0,0,0,0,0,0,0,0,0,0
550245,1,1,1995,0,0,0,0,0,0,0,12,0,0
550245,2,1,1995,18,14,9,27,27,0,0,0,12,0
550246,1,1,1995,0,0,0,0,0,0,0,0,0,0
550246,2,1,1995,0,0,0,0,0,0,0,0,0,0
550249,1,1,1995,0,0,0,0,0,0,0,0,0,0
550249,2,1,1995,0,0,0,0,0,0,0,0,0,0
550250,1,1,1995,14,14,14,14,14,14,14,14,14,14
550251,1,1,1995,0,0,0,0,0,0,0,0,0,0
550252,1,1,1995,0,0,0,0,0,0,0,0,0,0
550253,1,1,1995,20,10,0,0,0,0,24,20,0,0
550254,1,1,1995,0,0,0,0,0,0,0,0,0,0
550254,2,1,1995,0,7,0,0,0,0,0,0,0,0
550255,1,1,1995,20,20,20,20,20,20,20,20,20,20
550256,1,1,1995,20,20,20,20,20,20,20,20,20,20
550257,1,1,1995,0,0,0,0,0,0,0,0,0,0
550258,1,1,1995,0,0,0,0,0,0,0,0,0,0
550258,2,1,1995,0,0,0,0,0,0,0,0,0,0
550259,1,1,1995,0,0,0,0,0,0,0,0,0,0
550260,0,1,1995,0,0,0,0,0,0,0,0,0,0
550260,1,1,1995,0,0,0,0,0,0,0,0,0,0
550261,1,1,1995,21,21,21,21,21,21,21,21,21,21
550262,1,1,1995,13,13,13,13,13,13,13,13,13,13
550263,1,1,1995,12,12,12,12,12,12,12,12,12,12
550264,1,1,1995,0,0,0,0,0,0,0,27,0,0
550264,2,1,1995,0,0,0,0,0,0,0,0,0,0
550265,1,1,1995,0,0,0,0,0,0,0,0,0,0
550265,2,1,1995,0,0,0,0,0,0,0,0,0,0
550266,1,1,1995,0,0,0,0,0,0,0,0,0,8
550266,2,1,1995,0,0,0,0,0,19,0,0,0,0
550267,1,1,1995,0,0,0,0,0,0,0,0,0,0
550267,2,1,1995,0,0,0,0,0,0,0,0,0,0
550267,3,1,1995,0,0,0,0,0,0,0,0,0,0
550268,1,1,1995,15,15,15,15,15,15,15,15,15,15
550268,2,1,1995,0,0,0,0,0,0,0,0,0,0
550269,1,1,1995,0,24,0,0,0,0,0,0,0,0
550269,2,1,1995,17,0,0,0,0,0,0,0,0,0
550270,1,1,1995,0,0,0,0,0,0,0,0,0,0
550270,2,1,1995,0,0,0,0,0,0,0,0,0,0
550271,0,1,1995,0,0,0,0,0,0,0,0,0,0
550271,1,1,1995,15,15,15,15,15,15,15,15,15,15
550272,1,1,1995,0,0,0,0,0,0,0,0,0,0
550272,2,1,1995,0,0,0,0,0,0,0,0,0,0
550273,1,1,1995,31,31,31,31,31,31,31,31,31,31
550274,1,1,1995,0,0,0,0,0,0,0,0,0,0
550274,2,1,1995,17,17,17,17,17,17,17,17,17,17
550275,1,1,1995,0,0,0,0,0,0,0,0,0,0
550276,1,1,1995,0,0,18,12,0,16,0,20,0,0
550276,2,1,1995,0,0,0,0,0,0,0,0,0,0
550277,1,1,1995,23,23,23,23,23,23,23,23,23,23
550277,2,1,1995,0,0,0,0,0,0,0,0,0,0
550278,1,1,1995,0,0,0,0,0,0,0,0,0,0
550278,2,1,1995,2,0,0,0,0,0,0,0,0,0
550279,0,1,1995,0,0,0,0,0,0,0,0,0,0
550279,1,1,1995,0,0,0,0,0,0,0,0,0,0
550280,1,1,1995,24,19,14,30,0,0,0,0,21,19
550281,1,1,1995,14,14,14,14,14,14,14,14,14,14
550282,1,1,1995,0,0,0,0,0,0,0,0,4,0
550283,1,1,1995,24,24,24,24,24,24,24,24,24,24
550284,1,1,1995,11,11,11,11,11,11,11,11,11,11
550285,1,1,1995,0,0,0,0,0,0,0,0,0,0
550285,2,1,1995,0,0,0,0,0,0,0,0,0,0
550286,1,1,1995,0,0,0,0,0,0,0,0,0,0
550286,2,1,1995,0,0,0,0,0,0,0,0,0,0
550287,1,1,1995,11,11,11,11,11,11,11,11,11,11
550288,1,1,1995,20,13,21,20,13,21,16,10,10,4
550289,1,1,1995,30,30,30,30,30,30,30,30,30,30
550289,2,1,1995,0,0,0,0,0,0,0,0,0,0
550290,1,1,1995,25,25,25,25,25,25,25,25,25,25
550291,1,1,1995,0,0,0,0,0,0,0,0,0,0
550291,2,1,1995,0,0,0,0,0,0,0,0,0,0
550292,1,1,1995,12,12,12,12,12,12,12,12,12,12
550292,2,1,1995,0,0,0,0,0,0,0,0,0,0
550293,1,1,1995,0,0,0,0,0,0,0,0,0,0
550295,1,1,1995,0,0,11,0,3,7,0,0,4,0
550295,2,1,1995,0,0,0,0,0,0,0,0,0,0
550295,3,1,1995,0,0,0,0,0,0,0,0,0,0
550296,1,1,1995,0,0,0,0,0,0,0,0,0,0
550296,2,1,1995,0,0,0,0,0,0,0,0,0,0
550297,1,1,1995,4,4,4,4,4,4,4,4,4,4
550298,1,1,1995,13,13,13,13,13,13,13,13,13,13
550299,0,1,1995,0,0,0,0,0,0,0,0,0,0
550299,1,1,1995,5,5,5,5,5,5,5,5,5,5
550300,1,1,1995,0,0,0,0,0,0,0,0,0,0
550300,2,1,1995,0,0,0,0,0,0,0,0,0,0
550301,0,1,1995,13,13,13,13,13,13,13,13,13,13
550301,1,1,1995,9,7,16,6,19,15,6,15,0,16
550302,1,1,1995,17,17,17,17,17,17,17,17,17,17
550303,1,1,1995,13,13,13,13,13,13,13,13,13,13
550303,2,1,1995,0,0,0,0,0,0,0,0,0,0
550304,1,1,1995,16,11,6,25,36,27,12,5,25,25
550304,2,1,1995,0,0,0,0,0,0,0,0,0,0
550306,1,1,1995,0,0,0,0,0,0,0,0,0,0
550306,2,1,1995,0,0,0,0,0,0,0,0,0,0
550307,2,1,1995,0,0,0,0,0,0,0,0,0,0
550308,1,1,1995,0,0,0,0,0,0,0,0,0,0
550308,2,1,1995,0,0,0,0,0,0,0,0,0,0
550309,1,1,1995,0,0,0,0,0,0,0,0,0,0
550309,2,1,1995,13,13,13,13,13,13,13,13,13,13
550310,1,1,1995,0,0,0,0,0,0,0,0,0,0
550310,2,1,1995,0,0,0,0,0,0,0,0,0,0
550311,1,1,1995,0,0,0,0,0,0,0,0,0,0
550311,2,1,1995,0,0,0,0,0,0,0,0,0,0
550312,1,1,1995,18,18,18,18,18,18,18,18,18,18
550313,1,1,1995,21,21,21,21,21,21,21,21,21,21
550314,1,1,1995,0,0,0,0,0,0,0,0,0,0
550315,1,1,1995,22,22,22,22,22,22,22,22,22,22
550316,1,1,1995,0,0,0,0,0,0,0,0,0,0
550316,2,1,1995,9,9,9,9,9,9,9,9,9,9
550317,0,1,1995,0,0,0,0,0,0,0,0,0,0
550317,1,1,1995,0,0,0,0,0,0,0,0,14,0
550318,1,1,1995,0,0,0,0,0,0,0,0,0,0
550318,2,1,1995,0,0,0,0,0,0,0,0,0,0
550319,1,1,1995,21,21,21,21,21,21,21,21,21,21
550320,1,1,1995,0,0,0,0,0,0,0,0,0,0
550320,2,1,1995,0,0,0,0,0,0,0,0,0,0
550321,1,1,1995,0,0,0,0,0,0,0,0,0,0
550321,2,1,1995,0,0,0,0,0,0,0,0,0,0
550322,1,1,1995,0,0,0,0,0,0,0,0,0,0
550322,2,1,1995,0,0,0,0,0,0,0,0,0,0
550323,1,1,1995,0,0,0,0,0,0,0,0,0,0
550323,2,1,1995,0,0,0,0,0,0,0,0,0,0
550324,1,1,1995,0,0,0,0,0,0,0,0,0,0
550324,2,1,1995,0,4,10,14,17,5,10,0,0,32
550325,1,1,1995,0,0,0,0,0,0,0,0,0,0
550325,2,1,1995,0,0,0,0,0,0,0,0,0,0
550326,1,1,1995,20,20,20,20,20,20,20,20,20,20
550327,1,1,1995,4,0,0,0,0,0,0,0,0,0
550327,2,1,1995,0,10,0,13,0,0,8,0,0,0
550328,0,1,1995,0,0,0,0,0,0,0,0,0,0
550328,0,2,1995,0,0,0,0,0,0,0,0,0,0
550328,1,1,1995,0,0,0,0,0,0,0,0,0,0
550328,2,1,1995,0,0,0,0,0,0,0,0,0,0
550329,1,1,1995,0,0,0,0,0,0,0,0,0,0
550329,2,1,1995,0,0,0,0,0,0,0,0,0,0
550330,1,1,1995,0,0,0,0,0,0,0,0,0,0
550330,2,1,1995,0,0,0,0,0,0,0,0,0,0
550330,3,1,1995,0,0,0,0,0,0,0,0,0,0
550331,1,1,1995,0,0,0,0,0,0,0,0,0,0
550331,2,1,1995,0,0,0,0,0,0,0,0,0,0
550331,3,1,1995,0,0,0,0,0,0,0,0,0,0
550332,0,1,1995,0,0,0,0,0,0,0,0,0,0
550332,1,1,1995,0,0,0,0,0,0,0,0,0,0
550333,1,1,1995,0,0,0,0,0,0,0,0,0,0
550333,2,1,1995,0,0,0,0,0,0,0,0,0,0
550334,1,1,1995,0,0,0,0,0,0,0,0,0,0
550334,2,1,1995,0,0,0,0,0,0,0,0,0,0
550335,1,1,1995,0,0,0,0,0,0,0,0,0,0
550336,1,1,1995,27,27,27,27,27,27,27,27,27,27
550336,2,1,1995,0,0,0,0,0,0,0,0,0,0
550337,1,1,1995,6,6,6,6,6,6,6,6,6,6
550338,0,1,1995,0,0,0,0,0,0,0,0,0,0
550338,1,1,1995,0,0,0,0,0,0,0,0,0,0
550339,1,1,1995,0,0,0,0,0,0,0,0,0,0
550340,1,1,1995,8,10,0,14,0,0,0,14,0,0
550341,1,1,1995,0,0,0,0,0,0,0,0,0,0
550341,2,1,1995,25,25,25,25,25,25,25,25,25,25
550342,1,1,1995,15,15,15,15,15,15,15,15,15,15
550343,1,1,1995,13,13,13,13,13,13,13,13,13,13
550344,1,1,1995,0,0,0,0,0,0,0,0,0,0
550344,2,1,1995,0,0,0,0,0,0,0,22,0,3
550345,0,1,1995,0,0,0,0,0,0,0,0,0,0
550345,0,6,1995,0,0,25,9,0,0,21,0,0,0
550345,1,1,1995,0,0,0,0,0,0,0,0,0,0
550346,1,1,1995,0,0,0,0,0,0,0,0,0,0
550346,2,1,1995,0,0,0,0,0,0,0,0,0,0
550346,3,1,1995,0,0,0,0,0,0,0,0,0,0
550347,1,1,1995,0,0,0,0,0,0,0,0,0,0
550348,1,1,1995,0,0,0,0,0,14,0,0,0,0
550348,2,1,1995,0,0,0,0,0,0,0,0,0,0
550349,0,1,1995,30,30,30,30,30,30,30,30,30,30
550349,1,1,1995,23,0,6,8,4,12,13,18,19,0
550350,1,1,1995,0,0,0,0,0,0,0,0,0,0
550350,2,1,1995,0,0,0,0,0,0,0,0,0,0
550351,1,1,1995,20,20,20,20,20,20,20,20,20,20
550351,2,1,1995,0,0,0,0,0,0,0,0,0,0
550352,1,1,1995,26,26,26,26,26,26,26,26,26,26
550353,1,1,1995,0,0,0,0,0,0,0,0,0,0
550353,2,1,1995,0,0,0,0,0,0,0,0,0,0
550353,3,1,1995,0,0,0,0,0,0,0,0,0,0
550354,1,1,1995,0,0,0,0,0,0,0,0,0,0
550354,2,1,1995,0,0,0,0,21,0,15,0,0,0
550355,1,1,1995,0,0,0,0,0,0,0,0,0,0
550355,2,1,1995,17,17,17,17,17,17,17,17,17,17
550356,1,1,1995,0,0,0,0,0,0,0,10,19,0
550356,2,1,1995,0,0,0,0,0,0,0,0,0,0
550357,1,1,1995,0,0,0,0,0,0,0,0,0,0
550357,2,1,1995,0,10,0,0,0,0,0,0,0,0
550358,1,1,1995,0,0,0,0,0,0,0,0,0,0
550358,2,1,1995,0,0,0,0,0,0,0,0,15,0
550359,1,1,1995,20,20,20,20,20,20,20,20,20,20
550360,1,1,1995,12,12,12,12,12,12,12,12,12,12
550361,1,1,1995,0,0,0,0,0,0,0,0,0,0
550361,2,1,1995,0,0,0,0,0,0,0,0,0,0
550361,3,1,1995,0,0,0,0,0,0,0,0,0,0
550362,1,1,1995,21,21,21,21,21,21,21,21,21,21
550363,1,1,1995,0,0,0,0,0,0,0,0,0,0
550363,2,1,1995,9,14,0,29,0,0,0,0,0,0
550364,1,1,1995,0,0,0,0,0,0,0,0,0,0
550364,2,1,1995,0,0,0,0,0,0,0,0,0,0
550365,1,1,1995,13,13,13,13,13,13,13,13,13,13
550366,1,1,1995,0,0,0,0,0,0,0,0,0,0
550366,2,1,1995,0,0,22,0,0,0,0,0,0,0
550367,1,1,1995,19,19,19,19,19,19,19,19,19,19
550368,1,1,1995,0,0,0,0,0,0,0,0,0,0
550368,2,1,1995,0,0,0,0,0,0,0,0,0,0
550369,1,1,1995,18,18,18,18,18,18,18,18,18,18
550370,1,1,1995,24,24,24,24,24,24,24,24,24,24
550371,1,1,1995,18,18,18,18,18,18,18,18,18,18
550372,1,1,1995,18,18,18,18,18,18,18,18,18,18
550373,1,1,1995,0,0,0,0,0,0,0,0,0,0
550373,2,1,1995,0,0,0,0,0,0,0,0,0,0
550374,1,1,1995,25,25,25,25,25,25,25,25,25,25
550375,0,1,1995,25,25,25,25,25,25,25,25,25,25
550375,1,1,1995,0,13,0,18,0,0,0,10,0,23
550376,1,1,1995,0,0,0,0,0,0,0,0,0,0
550376,2,1,1995,0,0,0,0,0,0,0,0,0,0
550377,1,1,1995,0,0,0,0,0,0,0,0,0,0
550377,2,1,1995,0,0,0,0,0,0,0,0,0,4
550378,1,1,1995,34,34,34,34,34,34,34,34,34,34
550379,0,1,1995,0,0,0,0,0,0,0,0,0,0
550379,1,1,1995,0,0,0,0,0,0,0,0,0,0
550380,0,1,1995,0,0,0,0,0,0,0,0,0,0
550380,0,2,1995,0,0,0,0,0,0,0,0,0,0
550380,0,3,1995,0,0,0,0,0,0,0,0,0,0
550380,1,1,1995,0,0,0,0,0,0,0,0,0,0
550381,1,1,1995,9,9,9,9,9,9,9,9,9,9
550381,2,1,1995,0,10,0,11,0,0,0,0,0,0
550382,0,1,1995,0,0,0,0,0,0,0,0,0,0
550382,1,1,1995,10,0,0,0,0,0,0,0,0,0
550383,1,1,1995,13,13,13,13,13,13,13,13,13,13
550384,1,1,1995,0,0,0,0,0,0,0,0,0,0
550385,1,1,1995,0,0,14,0,0,0,0,0,0,0
550385,2,1,1995,0,0,0,0,0,0,0,0,0,0
550386,1,1,1995,0,0,0,0,0,0,0,0,0,0
550386,2,1,1995,0,0,0,0,0,0,0,20,0,0
550387,1,1,1995,27,27,27,27,27,27,27,27,27,27
550388,1,1,1995,7,7,7,7,7,7,7,7,7,7
550389,1,1,1995,0,0,0,0,0,0,0,0,0,0
550390,1,1,1995,15,15,15,15,15,15,15,15,15,15
550391,1,1,1995,0,0,0,0,0,0,0,0,0,0
550392,1,1,1995,12,23,21,25,32,0,9,12,17,19
550393,1,1,1995,0,0,0,0,0,0,0,0,0,0
550393,2,1,1995,0,0,0,0,0,0,0,0,0,0
550393,3,1,1995,0,0,0,0,0,0,0,0,0,0
550394,1,1,1995,0,0,0,0,0,0,0,0,0,0
550394,2,1,1995,0,0,0,0,0,0,0,0,0,0
550395,1,1,1995,20,20,20,20,20,20,20,20,20,20
550396,1,1,1995,8,8,8,8,8,8,8,8,8,8
550397,1,1,1995,0,0,0,0,0,0,0,0,0,0
550398,0,1,1995,0,0,0,0,0,0,0,0,0,0
550398,1,1,1995,0,0,0,0,0,0,0,0,0,0
550399,1,1,1995,0,0,0,0,0,0,0,0,0,0
550399,2,1,1995,0,0,0,0,0,0,0,0,0,0
550400,1,1,1995,31,31,31,31,31,31,31,31,31,31
550401,1,1,1995,15,9,19,16,17,31,23,30,31,28
550402,1,1,1995,0,0,0,0,0,0,0,0,0,0
550402,2,1,1995,0,0,0,0,0,0,0,0,0,0
550403,1,1,1995,0,0,0,0,0,0,0,0,0,0
550403,2,1,1995,0,0,0,0,0,0,0,0,0,0
550404,1,1,1995,22,22,22,22,22,22,22,22,22,22
550404,2,1,1995,0,0,0,0,0,0,0,0,0,0
550405,1,1,1995,23,23,23,23,23,23,23,23,23,23
550406,1,1,1995,0,0,13,0,0,0,0,0,0,0
550406,2,1,1995,0,0,0,0,0,0,0,0,0,0
550407,1,1,1995,0,0,0,0,0,0,0,0,0,0
550407,2,1,1995,0,0,0,0,0,0,0,0,0,0
550408,1,1,1995,12,0,0,0,7,0,0,0,0,0
550409,1,1,1995,20,20,20,20,20,20,20,20,20,20
550410,1,1,1995,0,0,0,0,0,0,0,0,0,0
550410,2,1,1995,10,10,10,10,10,10,10,10,10,10
550411,1,1,1995,0,0,0,15,23,0,0,0,0,0
550412,1,1,1995,0,0,0,0,0,0,0,0,0,0
550413,1,1,1995,22,22,22,22,22,22,22,22,22,22
550414,1,1,1995,10,10,10,10,10,10,10,10,10,10
550415,1,1,1995,0,0,0,0,0,0,0,0,0,0
550415,2,1,1995,0,0,0,0,0,0,0,0,0,0
550417,1,1,1995,0,0,0,0,0,0,0,0,0,0
550417,2,1,1995,0,0,0,0,0,0,0,0,0,0
550418,1,1,1995,0,0,0,0,0,0,0,0,0,0
550418,2,1,1995,0,0,0,0,0,0,0,0,0,0
550418,3,1,1995,0,0,0,0,0,0,0,0,0,0
550419,1,1,1995,0,0,0,0,0,0,0,0,0,0
550419,2,1,1995,0,0,0,0,0,0,0,0,0,0
550419,3,1,1995,0,0,0,0,0,0,0,0,0,0
550420,0,1,1995,32,32,32,32,32,32,32,32,32,32
550420,1,1,1995,0,0,0,0,0,0,0,0,0,0
550421,1,1,1995,0,0,0,0,0,0,0,0,0,0
550422,1,1,1995,29,29,29,29,29,29,29,29,29,29
550423,1,1,1995,0,0,0,0,0,0,0,0,0,0
550424,1,1,1995,6,6,6,6,6,6,6,6,6,6
550425,1,1,1995,0,0,0,0,0,0,0,0,0,0
550426,1,1,1995,28,28,28,28,28,28,28,28,28,28
550427,1,1,1995,0,0,0,0,0,0,0,0,0,0
550427,2,1,1995,0,18,0,0,0,0,0,0,0,0
550428,1,1,1995,0,0,0,0,0,0,0,0,0,0
550428,2,1,1995,21,21,21,21,21,21,21,21,21,21
550429,1,1,1995,0,0,0,0,0,0,0,0,0,0
550429,2,1,1995,0,0,0,0,0,0,0,0,0,0
550430,1,1,1995,0,0,0,0,0,0,0,0,0,0
550430,2,1,1995,0,0,0,0,0,0,0,0,0,0
550431,1,1,1995,0,0,0,0,0,0,0,0,0,0
550431,2,1,1995,0,0,0,17,0,0,0,0,0,0
550432,1,1,1995,17,17,17,17,17,17,17,17,17,17
550433,1,1,1995,10,10,10,10,10,10,10,10,10,10
550434,1,1,1995,0,0,0,0,0,0,0,0,0,0
550434,2,1,1995,0,0,0,0,0,0,0,0,0,0
550435,1,1,1995,0,0,0,0,0,0,0,0,0,0
550435,2,1,1995,13,13,13,13,13,13,13,13,13,13
550436,1,1,1995,19,19,19,19,19,19,19,19,19,19
550437,1,1,1995,0,0,0,0,0,0,0,0,0,0
550438,1,1,1995,0,0,0,0,0,0,0,0,0,0
550439,1,1,1995,0,0,0,0,0,0,0,0,0,0
550439,2,1,1995,0,0,0,0,0,0,0,0,0,0
550440,1,1,1995,0,0,0,0,0,0,0,0,0,0
550441,1,1,1995,0,0,0,0,0,0,0,0,0,0
550442,1,1,1995,18,18,18,18,18,18,18,18,18,18
550443,1,1,1995,0,0,0,0,0,0,0,0,0,0
550444,1,1,1995,16,16,16,16,16,16,16,16,16,16
550445,1,1,1995,18,18,18,18,18,18,18,18,18,18
550446,0,1,1995,0,0,0,0,0,0,0,0,0,0
550446,1,1,1995,0,0,0,0,0,0,0,0,0,0
550447,1,1,1995,0,17,0,0,0,0,0,0,0,0
550448,1,1,1995,0,0,0,0,0,0,0,0,0,0
550449,1,1,1995,0,0,0,0,0,0,0,0,0,0
550449,2,1,1995,0,0,0,0,0,0,0,0,0,0
550451,1,1,1995,21,21,21,21,21,21,21,21,21,21
550452,1,1,1995,21,21,21,21,21,21,21,21,21,21
550453,1,1,1995,3,3,3,3,3,3,3,3,3,3
550453,2,1,1995,13,13,13,13,13,13,13,13,13,13
550454,1,1,1995,0,0,0,22,13,33,0,0,0,0
550455,1,1,1995,7,7,7,7,7,7,7,7,7,7
550456,0,1,1995,37,4,0,26,21,0,26,36,28,21
550456,0,2,1995,0,0,0,0,0,0,0,0,0,0
550456,1,1,1995,0,0,0,0,0,0,0,0,0,0
550457,1,1,1995,0,0,0,0,0,0,0,0,0,0
550457,2,1,1995,0,0,0,0,0,0,0,0,0,0
550458,1,1,1995,0,0,0,0,0,0,0,0,0,0
550459,1,1,1995,10,10,10,10,10,10,10,10,10,10
550459,2,1,1995,0,0,0,0,0,0,0,0,0,0
550460,1,1,1995,0,0,0,0,0,0,0,0,0,0
550460,2,1,1995,0,0,0,0,0,0,0,0,0,0
550461,0,1,1995,0,22,13,22,13,29,11,0,0,13
550461,1,1,1995,20,20,20,20,20,20,20,20,20,20
550462,0,1,1995,0,0,0,0,0,0,0,0,0,0
550462,1,1,1995,0,0,0,0,0,0,0,0,0,0
550463,1,1,1995,5,5,5,5,5,5,5,5,5,5
550463,2,1,1995,0,0,0,0,0,0,0,0,0,0
550464,1,1,1995,34,34,34,34,34,34,34,34,34,34
550465,1,1,1995,31,31,31,31,31,31,31,31,31,31
550466,1,1,1995,0,0,0,0,0,0,0,0,0,0
550467,1,1,1995,0,0,0,0,0,0,0,0,0,0
550467,2,1,1995,0,0,0,0,0,0,0,0,0,0
550468,0,1,1995,0,0,0,0,0,0,0,0,0,0
550468,1,1,1995,0,0,0,0,0,0,0,0,0,0
550469,1,1,1995,0,0,0,0,0,0,0,0,0,0
550470,1,1,1995,1,1,1,1,1,1,1,1,1,1
550470,2,1,1995,0,0,0,0,0,0,0,0,0,0
550471,1,1,1995,0,0,0,0,0,0,0,0,0,0
550472,0,1,1995,0,0,0,0,0,0,0,0,0,0
550472,1,1,1995,0,0,0,0,0,0,0,0,0,0
550473,0,1,1995,0,0,0,0,0,0,0,0,0,0
550473,1,1,1995,0,0,0,0,7,0,0,0,0,0
550474,0,1,1995,0,0,0,0,0,0,0,0,0,0
550474,0,2,1995,0,0,0,0,0,33,20,0,24,0
550474,1,1,1995,21,21,21,21,21,21,21,21,21,21
550475,1,1,1995,0,0,0,0,0,0,0,0,0,0
550475,2,1,1995,0,0,0,0,0,0,0,0,0,0
550475,3,1,1995,0,0,0,0,0,0,0,0,0,0
550475,4,1,1995,0,0,0,0,0,0,0,0,0,0
550475,5,1,1995,0,0,0,0,0,0,0,0,0,0
550476,1,1,1995,0,0,0,0,0,0,0,0,0,0
550476,2,1,1995,23,23,23,23,23,23,23,23,23,23
550477,1,1,1995,3,3,3,3,3,3,3,3,3,3
550477,2,1,1995,11,11,11,11,11,11,11,11,11,11
550478,1,1,1995,0,0,0,0,0,0,0,0,0,0
550478,2,1,1995,0,0,0,0,0,0,0,0,0,0
550479,1,1,1995,0,0,0,0,0,0,0,0,0,0
550479,2,1,1995,0,0,0,0,0,0,0,0,0,0
550480,1,1,1995,0,0,0,0,0,0,0,0,0,0
550481,1,1,1995,0,0,0,0,0,0,0,0,0,0
550482,1,1,1995,16,16,16,16,16,16,16,16,16,16
550483,1,1,1995,0,0,0,0,0,0,0,0,0,0
550484,1,1,1995,0,0,0,0,0,0,0,0,0,0
550485,1,1,1995,7,7,7,7,7,7,7,7,7,7
550486,0,1,1995,0,0,19,0,0,0,0,0,0,0
550486,1,1,1995,0,0,0,0,0,0,0,0,0,0
550487,1,1,1995,0,0,0,0,0,0,0,0,0,0
550487,2,1,1995,0,0,0,0,0,0,0,0,0,0
550488,1,1,1995,0,0,0,0,0,0,0,0,0,0
550488,2,1,1995,0,0,0,0,0,0,0,0,0,0
550488,3,1,1995,0,0,0,0,0,0,0,0,0,0
550489,1,1,1995,0,0,0,0,0,0,0,0,0,0
550490,1,1,1995,22,22,22,22,22,22,22,22,22,22
550490,2,1,1995,1,1,1,1,1,1,1,1,1,1
550491,1,1,1995,0,0,0,0,0,0,0,0,0,0
550491,2,1,1995,0,0,0,0,0,0,0,0,0,0
550492,0,1,1995,27,27,27,27,27,27,27,27,27,27
550492,1,1,1995,0,0,0,0,0,0,0,0,0,0
550493,0,1,1995,23,23,23,23,23,23,23,23,23,23
550493,1,1,1995,0,0,0,0,0,0,0,0,0,0
550494,1,1,1995,11,11,11,11,11,11,11,11,11,11
550495,1,1,1995,0,0,0,0,0,0,0,0,0,0
550495,2,1,1995,0,0,0,0,0,0,0,0,0,0
550496,1,1,1995,11,11,11,11,11,11,11,11,11,11
550497,1,1,1995,17,17,17,17,17,17,17,17,17,17
550498,1,1,1995,21,21,21,21,21,21,21,21,21,21
550499,1,1,1995,11,11,11,11,11,11,11,11,11,11
550499,2,1,1995,0,0,0,0,0,0,0,0,0,0
550500,1,1,1995,0,0,0,0,0,0,0,0,0,0
550500,2,1,1995,0,0,0,0,0,0,0,0,0,0
550501,1,1,1995,0,0,0,0,0,0,0,0,0,0
550501,2,1,1995,0,0,0,0,0,0,0,0,0,0
550501,3,1,1995,0,0,0,0,0,0,0,0,0,0
550502,1,1,1995,12,12,12,12,12,12,12,12,12,12
550502,2,1,1995,0,0,0,0,0,0,0,0,0,0
550503,1,1,1995,0,0,0,0,0,0,0,0,0,0
550503,2,1,1995,0,0,0,0,0,0,0,0,0,0
550503,3,1,1995,0,0,0,0,0,0,0,0,0,0
550504,0,1,1995,26,26,26,26,26,26,26,26,26,26
550504,1,1,1995,18,24,40,0,14,12,17,21,0,46
550505,1,1,1995,0,0,0,0,0,0,0,0,0,0
550505,2,1,1995,0,0,0,0,0,0,0,0,0,0
550506,1,1,1995,0,0,0,0,0,0,0,0,0,0
550506,2,1,1995,0,0,2,0,0,0,0,0,0,0
550507,1,1,1995,0,0,0,0,0,0,0,0,0,0
550508,1,1,1995,0,0,0,0,0,0,0,0,0,0
550509,1,1,1995,14,14,14,14,14,14,14,14,14,14
550510,1,1,1995,0,0,0,0,0,0,0,0,0,0